model,replicate,seed,fraction,n_train,r2_coef_determination,pearson_r,pearson_r2,rmse,mae
rf,0,42,0.01,276,0.26140857724423705,0.5167956445816613,0.2670777382585748,7.954315898898969,2.396951635851979
rf,0,42,0.02,551,0.35144332190321437,0.6272570836668787,0.3934514490102777,7.453747427441599,1.7019404577970052
rf,0,42,0.03,827,0.4593899066051904,0.7094870608573441,0.5033718895239927,6.8052295573686585,1.4773625761158695
rf,0,42,0.04,1103,0.511840477840931,0.7487434663808772,0.5606167784480518,6.4666832253746875,1.343623464064207
rf,0,42,0.05,1378,0.551755286882184,0.7710696780300719,0.5945484483773987,6.1966689152197665,1.2556670829704917
rf,0,42,0.06,1654,0.54302655283833,0.7699728215728786,0.5928581459608999,6.256712330469932,1.2699616511579375
rf,0,42,0.07,1930,0.5607515262897099,0.782242728637845,0.6119036865067813,6.134170389100679,1.2217464138585483
rf,0,42,0.08,2205,0.5705212999007242,0.7860172705523876,0.6178231496066252,6.065568611376034,1.1831072857719926
rf,0,42,0.09,2481,0.5743074656493941,0.7828284101946584,0.6128203198078964,6.038773235637928,1.2556212127075561
rf,0,42,0.1,2756,0.5931980458764166,0.790725743577643,0.6252472015564164,5.903264192409623,1.1935648066708362
rf,0,42,0.11,3032,0.5987317679623352,0.7924930558592772,0.6280452435851754,5.8629756964115085,1.161521275262336
rf,0,42,0.12,3308,0.616398870319358,0.8058446066174492,0.6493855300144314,5.7324548578538765,1.147328857464072
rf,0,42,0.13,3583,0.6203936898204174,0.8031236974461641,0.6450076733995977,5.7025278665255605,1.1412842290833514
rf,0,42,0.14,3859,0.631844420051041,0.8084744896100658,0.6536310003502565,5.615861626044506,1.1100363745197597
rf,0,42,0.15,4135,0.6423889708871857,0.8118899617690605,0.6591653100213665,5.5348538405124685,1.0983873105962345
rf,0,42,0.16,4410,0.6453993419020704,0.8161684007731431,0.6661308584205899,5.5115083957381525,1.0819031507294818
rf,0,42,0.17,4686,0.6509524634373183,0.8194166432052872,0.6714436351618209,5.4681824074808025,1.07444815284647
rf,0,42,0.18,4962,0.6392847401013027,0.8100501597469164,0.6561812613060048,5.558824492233178,1.0854443639370985
rf,0,42,0.19,5237,0.6576223481741559,0.8209907564975641,0.6740258222544426,5.4156851653086315,1.0668100413842605
rf,0,42,0.2,5513,0.6641483297217425,0.824448547826973,0.6797154080140045,5.363823280801007,1.0645223864811797
rf,0,42,0.21,5789,0.6540566447303262,0.8178385354772807,0.6688598701116233,5.443813036985588,1.0684165023703447
rf,0,42,0.22,6064,0.6502870176032621,0.80872741493859,0.6540400316732543,5.473392366261008,1.1172646596701568
rf,0,42,0.23,6340,0.6810647847913309,0.8270733101050537,0.6840502602881303,5.226993282047631,1.0573852830072472
rf,0,42,0.24,6616,0.6749888738769246,0.8238414110019613,0.6787146704817025,5.276547097325014,1.0770844266839434
rf,0,42,0.25,6891,0.6730440639891289,0.822355081118038,0.6762678794406549,5.292310519831281,1.0658985164071815
rf,0,42,0.26,7167,0.6863057779866517,0.8309551880965386,0.6904865246245538,5.183868359271828,1.0455563442902813
rf,0,42,0.27,7443,0.6840538966644967,0.8285611509854166,0.6865135809222783,5.2024415121147545,1.0779839767995971
rf,0,42,0.28,7718,0.6808985562942573,0.8257073163843845,0.6817925723307021,5.228355254654414,1.0815157872382264
rf,0,42,0.29,7994,0.7051699909516325,0.8409515486412453,0.7071995071621088,5.025584129356299,1.0300719188680245
rf,0,42,0.3,8270,0.6976182205577772,0.8359560102149702,0.6988224510145314,5.089539788445092,1.0313103946049313
rf,0,42,0.31,8545,0.6969627108193791,0.8353909894667367,0.6978781052822134,5.095053408947939,1.0239477351263806
rf,0,42,0.32,8821,0.7136359102357837,0.8459701360650312,0.7156654711138875,4.952904826668153,0.9951377921056489
rf,0,42,0.33,9096,0.7190051616673645,0.8488787901498995,0.7205952003663572,4.9062522791596574,0.9968383918303056
rf,0,42,0.34,9372,0.7180429079366347,0.8489306273112489,0.7206832099870706,4.914645715727797,0.9863139661311162
rf,0,42,0.35,9648,0.7329310399456757,0.857538001422484,0.7353714238836683,4.783132507561647,0.9576263268481431
rf,0,42,0.36,9923,0.7243955950682996,0.8527273503118111,0.7271439339698023,4.858965125052734,0.962456904590599
rf,0,42,0.37,10199,0.7167365293092263,0.8472400442358264,0.7178156925567252,4.926017957572955,0.9921068856676519
rf,0,42,0.38,10475,0.7179720549331314,0.8477769459405782,0.7187257500683341,4.915263177651567,0.9905806009905874
rf,0,42,0.39,10750,0.7282678541036132,0.8544665259691835,0.7301130440018453,4.82470999660668,0.9601118356874541
rf,0,42,0.4,11026,0.731750894212727,0.8563944140815285,0.7334113924700445,4.793688903260527,0.9675477526972649
rf,0,42,0.41,11302,0.7369023753578319,0.8602779660629513,0.7400781788934083,4.747436541042627,0.9527866000266089
rf,0,42,0.42,11577,0.7315791987412454,0.8563984299432846,0.733418270809323,4.795222781658822,0.9509653378491433
rf,0,42,0.43,11853,0.7364483694606487,0.8596563814012912,0.7390090940839622,4.751530905552504,0.9472554167141763
rf,0,42,0.44,12129,0.7377893474066959,0.8603653259411225,0.7402284940817739,4.739427349616883,0.9297149540586318
rf,0,42,0.45,12404,0.7313599308690706,0.8556570726572306,0.7321490259883412,4.79718094520959,0.9617016057385719
rf,0,42,0.46,12680,0.7281276213465554,0.8538186806095273,0.7290063393577939,4.825954779615657,0.9579989825703396
rf,0,42,0.47,12956,0.7350852742278673,0.8584918903410476,0.7370083257813452,4.763802573485229,0.9511631293534147
rf,0,42,0.48,13231,0.7308372382619155,0.8559100666983568,0.7325820422755855,4.801845611434736,0.9395706849945403
rf,0,42,0.49,13507,0.7340231759758646,0.8574646118728511,0.735245560614259,4.773342558924379,0.9392088994978613
rf,0,42,0.5,13782,0.7452270165378565,0.8636574018744332,0.7459041078124962,4.671726300287995,0.9363053298224265
rf,0,42,0.51,14058,0.7545937051166517,0.8690856916948141,0.7553099395086534,4.585044488451247,0.9083750285057272
rf,0,42,0.52,14334,0.7573527167571846,0.8711768174077211,0.7589490471886459,4.559197662164622,0.9101713752307866
rf,0,42,0.53,14609,0.7679006371991841,0.8771184027586914,0.7693366924579579,4.459002119274452,0.8827157558226146
rf,0,42,0.54,14885,0.7680071122221562,0.8779382823087665,0.7707756275432673,4.45797922371366,0.8929126558138171
rf,0,42,0.55,15161,0.7633824007185251,0.8747462442666464,0.7651809918586033,4.502194224661719,0.8980628889571157
rf,0,42,0.56,15436,0.7709601657800965,0.8793877558401606,0.7733228251215939,4.429515390733515,0.8675722514488678
rf,0,42,0.57,15712,0.7685520832705847,0.8780996487264892,0.7710589930935836,4.452740058688591,0.8770045487413353
rf,0,42,0.58,15988,0.776599704867508,0.8831215585966052,0.7799036872580972,4.374642581581861,0.8703873317018207
rf,0,42,0.59,16263,0.7685702826592253,0.8775329560769951,0.7700640890012295,4.452564989625332,0.8669531342329683
rf,0,42,0.6,16539,0.774630603071534,0.8813263287684794,0.7767360977805258,4.3938798391968685,0.8670967492790768
rf,0,42,0.61,16815,0.7817004132736268,0.8857462897881393,0.7845464898734544,4.32441297208413,0.8481614991726536
rf,0,42,0.62,17090,0.7764754662115887,0.8819591081713426,0.77785186848639,4.375858838193336,0.8573777973220221
rf,0,42,0.63,17366,0.7841118480684653,0.886893088453871,0.7865793503472459,4.300461945818261,0.8389392060412342
rf,0,42,0.64,17642,0.7785313798893773,0.8832417256649626,0.7801159459556211,4.355688411909616,0.8428932003891763
rf,0,42,0.65,17917,0.7858840805747822,0.8883778524313293,0.7892152086905007,4.2827742588619016,0.8259049965325825
rf,0,42,0.66,18193,0.7829541096766542,0.8868848618437285,0.7865647581675694,4.311977521716209,0.8283508849280784
rf,0,42,0.67,18469,0.7814275910936194,0.8853856916069978,0.7839078229024018,4.327114368377711,0.8260571407014379
rf,0,42,0.68,18744,0.7820093067707169,0.8855828838489342,0.7842570441661949,4.321352370978392,0.8249655561293887
rf,0,42,0.69,19020,0.77832315680258,0.8841057642170739,0.7816430023218562,4.357735523161679,0.8381141360019508
rf,0,42,0.7,19296,0.781080779161176,0.8853631355465144,0.7838678817847555,4.330545954463679,0.82644365180481
rf,0,42,0.71,19571,0.7895876270957997,0.8903652818686816,0.7927503351570968,4.245573283774495,0.8152841461438602
rf,0,42,0.72,19847,0.7914582131526363,0.8921323841975707,0.7959001909340419,4.226659377679419,0.8061682237703699
rf,0,42,0.73,20122,0.789029551879783,0.8904404052017904,0.7928841152159286,4.251199807117241,0.8105662289274771
rf,0,42,0.74,20398,0.7911498596604465,0.8920998456902529,0.7958421346805731,4.229783029256774,0.8074912890981781
rf,0,42,0.75,20674,0.7938507920753683,0.8931098442487374,0.797645193894004,4.202343414100702,0.7958689693679072
rf,0,42,0.76,20949,0.7904776871223121,0.8917359549077845,0.7951930132752982,4.2365842218216825,0.7957460550484414
rf,0,42,0.77,21225,0.7863965653637762,0.8882945071552707,0.7890671314422253,4.277645794837738,0.8095523469355291
rf,0,42,0.78,21501,0.7943199224738715,0.8928259151176827,0.7971381147057276,4.197559088378886,0.7968968305810307
rf,0,42,0.79,21776,0.7914355458532688,0.8914909040446046,0.7947560319942665,4.226889078286696,0.7993861745504715
rf,0,42,0.8,22052,0.7871072119129601,0.8890371170058888,0.7903869954141425,4.270524123710044,0.8117596955141178
rf,0,42,0.81,22328,0.7914170984371527,0.8920641627279794,0.7957784704235709,4.22707600720966,0.8001822631589105
rf,0,42,0.82,22603,0.7940874664208225,0.8933741467462314,0.798117366074557,4.199930422764237,0.7931070741290233
rf,0,42,0.83,22879,0.7862947030458314,0.8884820988457922,0.7894004399694241,4.278665626241073,0.809317303592542
rf,0,42,0.84,23155,0.7921101779717669,0.8927181549854949,0.7969457042407061,4.220047296792154,0.7904557554491963
rf,0,42,0.85,23430,0.7896975765616884,0.8909607913511063,0.7938111317249895,4.244463892000179,0.7963643159329468
rf,0,42,0.86,23706,0.7900965553556947,0.8907981198475236,0.793521290323883,4.240435752405396,0.7893946692490685
rf,0,42,0.87,23982,0.7923145464016239,0.8928166547868162,0.7971215790647208,4.217972504253662,0.7941562323057028
rf,0,42,0.88,24257,0.7974729928938852,0.8950854116326045,0.801177894117509,4.165260588837246,0.7852333055877424
rf,0,42,0.89,24533,0.7932961743349145,0.8932190086429707,0.7978401974011313,4.207992547390749,0.7885677957006824
rf,0,42,0.9,24808,0.7962265168421511,0.8941905479078809,0.7995767359677962,4.178058717841741,0.7776989418915234
rf,0,42,0.91,25084,0.7927685547484853,0.89297909873617,0.7974116707796625,4.213359657280088,0.7914642950397582
rf,0,42,0.92,25360,0.7912515715465772,0.8918867930781655,0.7954620516672545,4.228752932743458,0.7902687111802634
rf,0,42,0.93,25635,0.7871793608654432,0.8890239960376332,0.7903636655307216,4.269800426223464,0.7947333657649014
rf,0,42,0.94,25911,0.7946076606970216,0.8929188246802303,0.7973040274683239,4.194621951930641,0.7881820369082269
rf,0,42,0.95,26187,0.7899996147321884,0.8912815854477968,0.7943828645583383,4.241414828846497,0.7880352942104055
rf,0,42,0.96,26462,0.7910077528246752,0.8903668905707864,0.7927531998246908,4.2312218093994325,0.785702059493353
rf,0,42,0.97,26738,0.8000272809972205,0.896237133073521,0.8032409986998442,4.138910931052201,0.7779662932647838
rf,0,42,0.98,27014,0.7990359630650942,0.8965177957574594,0.8037441581098137,4.149157089438279,0.7680418587567382
rf,0,42,0.99,27289,0.7939293203980284,0.8937082077614769,0.798714360620231,4.201542939493423,0.7774274641043694
rf,0,42,1.0,27565,0.8018143787092948,0.8975309015041132,0.8055617191547861,4.12037530792579,0.7523785158537334
rf,1,43,0.01,276,0.37132186100387954,0.685251649854454,0.46956982362825117,7.338628178398312,1.6808704681644302
rf,1,43,0.02,551,0.41765485115569445,0.7094415853593042,0.503307363037123,7.063028125946404,1.549847435929082
rf,1,43,0.03,827,0.4695151891004514,0.729721603891101,0.5324936191854008,6.74119952364899,1.3949642900574464
rf,1,43,0.04,1103,0.5144157110939622,0.7506179689702183,0.5634273353409756,6.449603522826799,1.3373077979783914
rf,1,43,0.05,1378,0.5292365476657357,0.7612212324525967,0.5794577647366502,6.350414515004972,1.299523899093203
rf,1,43,0.06,1654,0.5371366022388988,0.772188185168164,0.5962745933133028,6.296904753076161,1.2331750748570278
rf,1,43,0.07,1930,0.5628070977623729,0.7865547478443645,0.6186683713565119,6.119800376420377,1.1948288020742626
rf,1,43,0.08,2205,0.5571207418938083,0.789157838263743,0.6227700936931039,6.159470437333722,1.17077505750761
rf,1,43,0.09,2481,0.5737287113000764,0.7904612034744433,0.6248289141982651,6.0428768772288395,1.1549922742931769
rf,1,43,0.1,2756,0.5854867656005451,0.7938044771533141,0.6301255479486464,5.958952247930793,1.128098241234728
rf,1,43,0.11,3032,0.6106331538796052,0.8010141887940649,0.6416237306494139,5.775375010365503,1.1146919554775199
rf,1,43,0.12,3308,0.6170328005277139,0.8019591663844112,0.6431385045479797,5.727716239248604,1.0966580119328082
rf,1,43,0.13,3583,0.6157803410142135,0.8051591605253435,0.6482812737778759,5.7370745824893055,1.0813506246401887
rf,1,43,0.14,3859,0.6099811188324598,0.7970422820337707,0.6352763993496009,5.780208718910762,1.1023438559620904
rf,1,43,0.15,4135,0.6323057111623104,0.8080777678708231,0.6529896789270918,5.6123422456857455,1.0728616393815615
rf,1,43,0.16,4410,0.6421690750365945,0.8052928745545491,0.6484966138083288,5.536555276225454,1.1163207749556345
rf,1,43,0.17,4686,0.6535052316765999,0.8118606639739694,0.6591177377082544,5.448149865990908,1.0829820475898906
rf,1,43,0.18,4962,0.6515974278713372,0.8118944664018403,0.6591726245739289,5.463128061736724,1.0884600890737126
rf,1,43,0.19,5237,0.660690436489275,0.8167638926648382,0.6671032563610193,5.3913652482982135,1.0904967213144179
rf,1,43,0.2,5513,0.6665365240685899,0.8173334047819557,0.6680338945724642,5.3447185581401735,1.0607419223291055
rf,1,43,0.21,5789,0.6746551042708384,0.8245345821326501,0.6798572771326639,5.279255772480919,1.049003946929067
rf,1,43,0.22,6064,0.662651190832794,0.8157697154122898,0.6654802285838484,5.375765247576516,1.0386289082182376
rf,1,43,0.23,6340,0.6755983253621654,0.826062924118653,0.6823799546034595,5.271597561500678,1.0291007312946137
rf,1,43,0.24,6616,0.6784244187308519,0.8276097017684578,0.6849378184612757,5.248585017162435,1.0129128930463038
rf,1,43,0.25,6891,0.6726432638330463,0.823531098392448,0.6782034700194718,5.295553325649023,1.0433479673787325
rf,1,43,0.26,7167,0.7134415518455075,0.8476255997428194,0.7184691573393742,4.954585336482083,0.9763904773201321
rf,1,43,0.27,7443,0.7261076805974043,0.854731320096726,0.7305656295542919,4.843849394683507,0.9432879477690649
rf,1,43,0.28,7718,0.7223635713999985,0.852811054809584,0.7272866952054352,4.876844736962422,0.9479989754382973
rf,1,43,0.29,7994,0.7242034225649219,0.8529192094536773,0.7274711778550859,4.860658851204716,0.9529659826234245
rf,1,43,0.3,8270,0.7185623655638113,0.8487706899055397,0.7204116840427258,4.910116432369594,0.9720249412277004
rf,1,43,0.31,8545,0.7150986606566359,0.8472987784524126,0.7179152199669506,4.940238889682411,0.9775664594712833
rf,1,43,0.32,8821,0.7176349410986791,0.8489794934806991,0.7207661803507445,4.9181999581715505,0.9600901804801378
rf,1,43,0.33,9096,0.7132017215225872,0.846345955943155,0.7163014771413329,4.9566582317138534,0.9487231417592462
rf,1,43,0.34,9372,0.7281294594940879,0.85510224410273,0.7311998478695247,4.825938465284815,0.9310342457186214
rf,1,43,0.35,9648,0.7287325080322948,0.8560138634648968,0.732759734444099,4.820583176003258,0.9286957795617824
rf,1,43,0.36,9923,0.7403212902278968,0.8634149866298972,0.7454854391371056,4.7164895551982795,0.8956189022532547
rf,1,43,0.37,10199,0.7410493999743282,0.8650257314834744,0.7482695161285199,4.709872661922179,0.8961339536487144
rf,1,43,0.38,10475,0.7397998157011897,0.8640160899477942,0.7465238036886749,4.721222895912547,0.8899196868893631
rf,1,43,0.39,10750,0.7434709469140772,0.8676000420107585,0.7527298328970699,4.687799017976192,0.8864917634490075
rf,1,43,0.4,11026,0.7395196795120085,0.8636839801288154,0.745950017531152,4.723763688890085,0.888149761903727
rf,1,43,0.41,11302,0.741097899080065,0.8658870311201249,0.7497603506620241,4.709431582989203,0.8807529520335263
rf,1,43,0.42,11577,0.7461400793057521,0.8675350827131841,0.7526171197381712,4.663347452717841,0.8786894279759698
rf,1,43,0.43,11853,0.7468737428298987,0.8678840308578936,0.7532226910181451,4.656603963172218,0.8673950122040048
rf,1,43,0.44,12129,0.754510454508717,0.8728100359886609,0.7617973589225275,4.585822128190495,0.8576884450224856
rf,1,43,0.45,12404,0.7496531141910379,0.868375358455515,0.754075763172744,4.630968227492732,0.8744483667207857
rf,1,43,0.46,12680,0.7629721269748172,0.8756200158592894,0.7667104121734222,4.506095735132697,0.8384061830311585
rf,1,43,0.47,12956,0.7678701360848447,0.8789428059547979,0.7725404561396935,4.459295097385003,0.8296766803427508
rf,1,43,0.48,13231,0.7599723344939454,0.8750537539095864,0.765719072231259,4.5345203503570435,0.8516279243932389
rf,1,43,0.49,13507,0.7570238784518619,0.8733861470723445,0.762803361897875,4.562285953965021,0.8547069837534257
rf,1,43,0.5,13782,0.767223696282404,0.8795785878667545,0.7736584922336739,4.465499946810005,0.8309651492066118
rf,1,43,0.51,14058,0.7652923885149241,0.8783788284035775,0.7715493661876415,4.483986450604415,0.8418415570918192
rf,1,43,0.52,14334,0.7669893916021917,0.8799609239906264,0.7743312277504371,4.467746791448864,0.8289048761545313
rf,1,43,0.53,14609,0.7693618140491167,0.880353129613717,0.775021632820666,4.444944180090552,0.8284219927811781
rf,1,43,0.54,14885,0.772494611201744,0.8833270030117436,0.7802665942497089,4.414652753957315,0.8213177807741094
rf,1,43,0.55,15161,0.7699843380110631,0.8810780294607992,0.7762984939985249,4.4389413710610395,0.823629672169662
rf,1,43,0.56,15436,0.7727798173428565,0.881169585367803,0.7764598381772658,4.411884729570012,0.8080068675595135
rf,1,43,0.57,15712,0.7750315971393453,0.8834479983428852,0.7804803657760505,4.389969139237057,0.8133958964524879
rf,1,43,0.58,15988,0.7702841823905671,0.8805465413265544,0.7753622114421574,4.43604716451695,0.8104122228798035
rf,1,43,0.59,16263,0.7701632793823548,0.8818116038239789,0.777591704638618,4.437214391269141,0.8062666915427154
rf,1,43,0.6,16539,0.7780704326158048,0.8839719072803711,0.781406332860897,4.360218848532037,0.808378594305756
rf,1,43,0.61,16815,0.7648484192391589,0.876094786993964,0.7675420757979993,4.488225366578977,0.8275542817959026
rf,1,43,0.62,17090,0.7680648466721942,0.8782049627402925,0.7712439565816784,4.457424476117198,0.817466448151206
rf,1,43,0.63,17366,0.775124418737136,0.8829145003048593,0.7795380148485794,4.38906339873072,0.8075648004826709
rf,1,43,0.64,17642,0.7709191129833011,0.8801474856290872,0.7746595964592042,4.429912343185515,0.8196026438289675
rf,1,43,0.65,17917,0.7642313993718524,0.8759598801779951,0.7673057116814475,4.494109890013966,0.8269706638533182
rf,1,43,0.66,18193,0.7688202980809634,0.8787762529906736,0.7722477028203284,4.450159268481457,0.8199109504527398
rf,1,43,0.67,18469,0.7700501279189516,0.8797741583390948,0.7740025696812626,4.438306504663697,0.8161704028720056
rf,1,43,0.68,18744,0.7738341837623942,0.8813759687368994,0.7768235982669078,4.401636625811094,0.811679642610131
rf,1,43,0.69,19020,0.7790852730555418,0.8840320491017511,0.7815126638390409,4.350238212230731,0.8023676168828661
rf,1,43,0.7,19296,0.7713351723174404,0.8794544398015607,0.7734401116866769,4.425887686147604,0.8131583789637769
rf,1,43,0.71,19571,0.7741037419902306,0.8812809782399733,0.7766561626076043,4.399012774130021,0.8062580385670641
rf,1,43,0.72,19847,0.7757734464985502,0.8827642840456034,0.7792727811865467,4.382725044102123,0.8024004906770551
rf,1,43,0.73,20122,0.7753727005838433,0.8820622410261698,0.7780337970441089,4.386639779160078,0.8068607373893527
rf,1,43,0.74,20398,0.7815489003302943,0.8850283801215242,0.7832752336205291,4.325913412142403,0.7941845231171749
rf,1,43,0.75,20674,0.7876120396784747,0.8888193296930428,0.7899998008359899,4.265457820772946,0.7809749060550825
rf,1,43,0.76,20949,0.7890845168825228,0.8906066708069665,0.7931802420858685,4.2506459797146805,0.7838985556861532
rf,1,43,0.77,21225,0.7863209990992912,0.8885419560769249,0.7895068077090079,4.27840237707748,0.7772493219904738
rf,1,43,0.78,21501,0.7901138865034031,0.8909416110731001,0.7937769543415312,4.240260688257306,0.7707244384263418
rf,1,43,0.79,21776,0.797552163618279,0.8954467384892046,0.801824861470954,4.16444637907639,0.7621617448626632
rf,1,43,0.8,22052,0.7871193598072923,0.8889986272399876,0.7903185592345824,4.270402281593322,0.7766397264004443
rf,1,43,0.81,22328,0.7958758906038531,0.8942525143843486,0.7996875594827296,4.181651696092484,0.762442489789206
rf,1,43,0.82,22603,0.7855621090860803,0.8877368463187691,0.788076708311994,4.285993106889671,0.7764934633190564
rf,1,43,0.83,22879,0.790537098383213,0.8903915255854808,0.79279706883444,4.235983525283905,0.7782588697024097
rf,1,43,0.84,23155,0.7850045913963724,0.8874950757541653,0.7876475094878916,4.291561073102594,0.7886905028378574
rf,1,43,0.85,23430,0.7920984364849314,0.8915750214281727,0.7949060188346466,4.220166467922525,0.7768976593922367
rf,1,43,0.86,23706,0.794176645504191,0.893412883904906,0.7981865811272811,4.1990208460114165,0.7672617691144218
rf,1,43,0.87,23982,0.7891398253859989,0.8901379797262057,0.7923456229510509,4.250088618351513,0.7757509205677732
rf,1,43,0.88,24257,0.7980061122221271,0.8958958839415004,0.8026294348633224,4.159774791622674,0.7661955290617518
rf,1,43,0.89,24533,0.793768891082723,0.8926079926712328,0.7967490285805676,4.203178105446078,0.7710434838308483
rf,1,43,0.9,24808,0.7946408587758256,0.8934495062938475,0.7982520202967197,4.194282944599577,0.765227354367471
rf,1,43,0.91,25084,0.7938626749727782,0.8932547448643018,0.7979040392225889,4.20222229615948,0.7692342488245226
rf,1,43,0.92,25360,0.7983138214772278,0.8962638305629334,0.8032888539753426,4.1566051683640906,0.7613945648307154
rf,1,43,0.93,25635,0.7990303290630945,0.8962493635754163,0.8032629217093388,4.149215249584391,0.7600838624993967
rf,1,43,0.94,25911,0.8019741717326054,0.8978475571752847,0.8061302359256263,4.118713885689536,0.7528580675702601
rf,1,43,0.95,26187,0.8000829603633289,0.8972177576098498,0.8049997045704471,4.138334682497239,0.7630705135244792
rf,1,43,0.96,26462,0.7992013141108154,0.8966161532113027,0.8039205261994343,4.147449797291924,0.7598069257565543
rf,1,43,0.97,26738,0.8054447538248415,0.90027532335893,0.810495657849026,4.082462251281131,0.7497676857544988
rf,1,43,0.98,27014,0.7962120609756875,0.8950214896116012,0.8010634668665696,4.178206912756118,0.7546906206651843
rf,1,43,0.99,27289,0.8039570754426113,0.8989118895659314,0.8080425852029932,4.098040923656869,0.7519651825880005
rf,1,43,1.0,27565,0.8042896757113953,0.898911175237476,0.8080413009668203,4.094563144194847,0.7564140051689272
rf,2,44,0.01,276,0.1893087819032485,0.6028129036961031,0.36338339686252724,8.333519172819937,1.7829176179328456
rf,2,44,0.02,551,0.36262128404437743,0.6750255364000385,0.4556594747921597,7.389235076563542,1.6267668221525458
rf,2,44,0.03,827,0.36653671105186436,0.6761701435569463,0.4572060630378213,7.366504022558612,1.519968705755196
rf,2,44,0.04,1103,0.43067258941963504,0.6901089092057705,0.4762503065651784,6.983638515870297,1.4717995584764636
rf,2,44,0.05,1378,0.4796172153120539,0.7255867996982127,0.5264762038962942,6.676704647288697,1.3780401853818536
rf,2,44,0.06,1654,0.5055014988409565,0.723835461295451,0.5239377750287982,6.508534248225056,1.3492829482762163
rf,2,44,0.07,1930,0.4941673225594132,0.7134791076458102,0.5090524370470617,6.582701252381054,1.327860758406882
rf,2,44,0.08,2205,0.5017936695375749,0.7241064292023957,0.5243301208122441,6.532889696577021,1.311735701063355
rf,2,44,0.09,2481,0.5480091100497522,0.755278600830693,0.5704457648727692,6.222509172194767,1.2655018226362704
rf,2,44,0.1,2756,0.549022024668264,0.7597611775203287,0.5772370468670764,6.215532919132371,1.2556373527681493
rf,2,44,0.11,3032,0.5837545168457292,0.7829226177964438,0.6129678254572364,5.971390482622902,1.1856814721283626
rf,2,44,0.12,3308,0.5914006911354339,0.7916928634192925,0.6267775899890384,5.916290882531012,1.1743798321070136
rf,2,44,0.13,3583,0.6108990650232481,0.7999312050909014,0.6398899328781819,5.773402578865717,1.1555749858459914
rf,2,44,0.14,3859,0.6111285739934028,0.7897663944286567,0.6237309577688406,5.771699623396274,1.1553420071118752
rf,2,44,0.15,4135,0.6322069740032934,0.7980875923349976,0.6369438050390733,5.613095737851997,1.1489552598131092
rf,2,44,0.16,4410,0.6393234418666252,0.8005823349394319,0.6409320750170727,5.558526276277572,1.1548536455851364
rf,2,44,0.17,4686,0.6464464606306268,0.8062631408546214,0.650060252300759,5.5033647694419985,1.1412471921576415
rf,2,44,0.18,4962,0.6549111403338694,0.8115122409893321,0.6585521172755278,5.437085648997747,1.0966942014831813
rf,2,44,0.19,5237,0.6545085843298992,0.8127684697593118,0.6605925854348934,5.440255982490718,1.084654985707258
rf,2,44,0.2,5513,0.674488978442874,0.8263683269341987,0.6828846117600267,5.280603432796853,1.0554887120306917
rf,2,44,0.21,5789,0.6751918023223428,0.8268708088487708,0.6837153345262206,5.274899571125714,1.0408981577110143
rf,2,44,0.22,6064,0.6765863965002533,0.828834012470647,0.6869658202281926,5.263563253927084,1.0278719199706732
rf,2,44,0.23,6340,0.6836999744208718,0.832013621831543,0.6922466669132419,5.205354579244748,1.0242300868368923
rf,2,44,0.24,6616,0.6776524349429189,0.8289337513392309,0.6871311641093298,5.254881194425442,1.03223011761419
rf,2,44,0.25,6891,0.6837039613271199,0.8332447403438068,0.694296797310618,5.205321772851426,1.0050529762776363
rf,2,44,0.26,7167,0.7059052813060621,0.8453557487941822,0.7146263420193725,5.019313447527251,0.9854496729582043
rf,2,44,0.27,7443,0.7001788449492654,0.8423441064909798,0.7095435937400871,5.067944394408415,0.9898108211023591
rf,2,44,0.28,7718,0.7079262258984561,0.8456628230258966,0.7151456102481288,5.002037991380503,0.9802319127513693
rf,2,44,0.29,7994,0.718313813558382,0.853415927770164,0.7283187457718097,4.912284141663,0.9566591489247845
rf,2,44,0.3,8270,0.7032959890306414,0.8434532096949325,0.7114133169446838,5.0415306676505365,0.9792841458788397
rf,2,44,0.31,8545,0.7202099630787369,0.8551200108936875,0.7312302330308202,4.8957228875306695,0.9463877753383174
rf,2,44,0.32,8821,0.7276624002357088,0.8582356830604156,0.7365684876781782,4.830082040392408,0.9356670176626937
rf,2,44,0.33,9096,0.7243776859664423,0.8566461513122073,0.7338426285580172,4.8591229931531235,0.9423030328155053
rf,2,44,0.34,9372,0.7324851543616195,0.8617506289754026,0.7426141465395019,4.787123687213651,0.9165534863508894
rf,2,44,0.35,9648,0.725892565163473,0.858385852420228,0.7368262716352015,4.8457512045855236,0.92012407107659
rf,2,44,0.36,9923,0.7343908805235487,0.8623321871235616,0.7436168009493053,4.7700419202074125,0.9216717303437244
rf,2,44,0.37,10199,0.7336349297321632,0.8617656656641903,0.742640062517645,4.77682511145082,0.9173706556583074
rf,2,44,0.38,10475,0.7306681723187953,0.86131757811364,0.7418679703675463,4.803353437240182,0.9081582323498518
rf,2,44,0.39,10750,0.7305900597718666,0.8610032999984156,0.7413266826081617,4.804049929321341,0.901067946966266
rf,2,44,0.4,11026,0.7381624138878433,0.8625984825891394,0.7440761421650859,4.736054582676319,0.9087417795599971
rf,2,44,0.41,11302,0.7369904046916906,0.8620844970488851,0.7431896800520292,4.7466422567158535,0.9245280640858046
rf,2,44,0.42,11577,0.7478952070901439,0.8681822912887791,0.7537404909074344,4.647198848654071,0.9000624379373116
rf,2,44,0.43,11853,0.7384423273010563,0.8643894596419471,0.7471691379400973,4.7335224028747085,0.9056043813374026
rf,2,44,0.44,12129,0.7415870125519941,0.8646755329048869,0.7476637772043501,4.704980990736306,0.9123892769029248
rf,2,44,0.45,12404,0.7454469127929588,0.867057837828215,0.7517892941393391,4.669709766065338,0.895948944498345
rf,2,44,0.46,12680,0.7451010855753857,0.8668107402573275,0.7513608594254562,4.672880744335117,0.8881722376361743
rf,2,44,0.47,12956,0.737959352379781,0.8629816589450096,0.7447373436754808,4.737890690346791,0.9070682656796618
rf,2,44,0.48,13231,0.7488841733873941,0.8687002090432652,0.7546400531918126,4.638074787360436,0.8838318535377975
rf,2,44,0.49,13507,0.7448320651841515,0.8680174940069361,0.7534543699020813,4.675345973929759,0.888853736286194
rf,2,44,0.5,13782,0.7443687438788613,0.8666572225477553,0.7510947413941895,4.679588679774907,0.8819180355038272
rf,2,44,0.51,14058,0.7515923540782603,0.8701261029317683,0.7571194350032262,4.612997128539131,0.8778961295998536
rf,2,44,0.52,14334,0.7416422984839361,0.8644902464893667,0.747343386275246,4.704477662371032,0.8834844555250472
rf,2,44,0.53,14609,0.7442786998229856,0.8679593529294832,0.7533534383377672,4.680412780965643,0.8713495450463654
rf,2,44,0.54,14885,0.752062957295085,0.8711396734614705,0.7588843306785574,4.6086254425706255,0.8719595249624386
rf,2,44,0.55,15161,0.7427131246187504,0.8644774461670807,0.7473212549315579,4.694718115013173,0.8851619056131858
rf,2,44,0.56,15436,0.7496376914583827,0.870509665943185,0.7577870785005155,4.63111087173756,0.8669338000244987
rf,2,44,0.57,15712,0.7631396465289066,0.8787221599691645,0.7721526344208739,4.504503111109183,0.8441372287229297
rf,2,44,0.58,15988,0.7545663801842173,0.8711314725986485,0.75887004255189,4.585299743809704,0.8609626153959994
rf,2,44,0.59,16263,0.7451862590761809,0.8654474822060142,0.7489993444567292,4.672099966460361,0.8694628509690762
rf,2,44,0.6,16539,0.7449519109377065,0.865765059535633,0.7495491383127382,4.674247900676124,0.8823719158987081
rf,2,44,0.61,16815,0.7610576335641275,0.8750034590072157,0.7656310532745921,4.524257186900014,0.8504659268459291
rf,2,44,0.62,17090,0.7607590037738573,0.8743808920528052,0.7645419443870595,4.52708350881775,0.857859073000795
rf,2,44,0.63,17366,0.7651437149236369,0.8766494008301551,0.7685141719758699,4.485406397803959,0.8496437390792886
rf,2,44,0.64,17642,0.7568337888329254,0.8713783260012191,0.7593001870246869,4.564070231448309,0.8611629723301236
rf,2,44,0.65,17917,0.7700004272506054,0.8793047872160781,0.7731769088211123,4.438786119806897,0.8360905963526197
rf,2,44,0.66,18193,0.7738676793432564,0.881093091632124,0.7763250361218544,4.401310668428927,0.8360444137217947
rf,2,44,0.67,18469,0.774253572353225,0.8812131992249497,0.7765367024882709,4.397553664062859,0.8377051221388532
rf,2,44,0.68,18744,0.769182297824918,0.8793058487540781,0.7731787756531298,4.446673695055501,0.8359945235849606
rf,2,44,0.69,19020,0.7702186776237128,0.8801296554798089,0.7746282104550072,4.436679601425192,0.8377205819074306
rf,2,44,0.7,19296,0.7696178182514856,0.8787691826640451,0.772235276400034,4.4424765914539766,0.8334327376314858
rf,2,44,0.71,19571,0.7771816792751849,0.8837715649072871,0.7810521789386753,4.368940730849575,0.8185443502548229
rf,2,44,0.72,19847,0.7730920494205441,0.8809109552363511,0.7760041110554206,4.408852416430017,0.8198205600249168
rf,2,44,0.73,20122,0.7702343882741105,0.8796530124699659,0.7737894223474859,4.436527926099924,0.8240404759893319
rf,2,44,0.74,20398,0.7706753057398367,0.8800353914730491,0.7744622902451228,4.432269059879217,0.823858109534399
rf,2,44,0.75,20674,0.7714645095692871,0.8797512271000597,0.7739622215840608,4.424635825239028,0.8192217831540501
rf,2,44,0.76,20949,0.7681863543754314,0.8787797624785291,0.77225387094182,4.456256730829361,0.8202574082764963
rf,2,44,0.77,21225,0.7671692462205326,0.877618162517578,0.7702136391807298,4.466022191830659,0.8301053430832626
rf,2,44,0.78,21501,0.7698619462480223,0.8791551060495997,0.7729137004930828,4.4401221984959545,0.8365928188819572
rf,2,44,0.79,21776,0.765934829583016,0.8764362202521284,0.7681404481698374,4.4778454673870165,0.8449028348133599
rf,2,44,0.8,22052,0.7702445965633686,0.878474175827987,0.7717168775966611,4.436429369438018,0.8266709983298429
rf,2,44,0.81,22328,0.7739681591670629,0.8812030077926373,0.7765187409427907,4.400332718756007,0.8185265736235431
rf,2,44,0.82,22603,0.7832383464735403,0.8869761602455214,0.7867267088438888,4.309153178440618,0.8098080488922352
rf,2,44,0.83,22879,0.7872067476254995,0.889163689438192,0.7906120666153376,4.269525688391533,0.8011097553809788
rf,2,44,0.84,23155,0.788044807810033,0.88958115135216,0.7913546248410346,4.261109891844133,0.7911383429430618
rf,2,44,0.85,23430,0.7841568539893928,0.8872660654005008,0.7872410708112858,4.30001366661283,0.807162931736506
rf,2,44,0.86,23706,0.7776962837436353,0.8832004452588145,0.7800430265053682,4.363892725755182,0.8163881711282355
rf,2,44,0.87,23982,0.792749394985153,0.892114102520788,0.7958675719164712,4.2135544276923085,0.7948470180421227
rf,2,44,0.88,24257,0.7978609440867841,0.8953008485849653,0.8015636094769589,4.161269288063731,0.7777653172763528
rf,2,44,0.89,24533,0.7980877413088994,0.8949392529028235,0.8009162663862639,4.158934189628703,0.7790254548442249
rf,2,44,0.9,24808,0.795740487038114,0.8938723998037535,0.7990078671309214,4.183038393346649,0.787228885546926
rf,2,44,0.91,25084,0.7972650879860474,0.8941476541628679,0.7995000274449596,4.167397972887621,0.7809091625653071
rf,2,44,0.92,25360,0.7960907067725038,0.8938215690274054,0.7989169972586129,4.179450773188803,0.7729881794114479
rf,2,44,0.93,25635,0.8034990271905267,0.8976617273192933,0.8057965766938573,4.10282560364078,0.7726054126379668
rf,2,44,0.94,25911,0.7986692322370891,0.8957299721156384,0.8023321829462824,4.1529411750984835,0.7770620296203278
rf,2,44,0.95,26187,0.7999056486907123,0.8957031941734274,0.8022842120524806,4.140169474610899,0.7701635102830081
rf,2,44,0.96,26462,0.7934069974603761,0.8921097486250011,0.7958598035917628,4.206864350057972,0.7750084635470357
rf,2,44,0.97,26738,0.7934025657282704,0.8922571216934683,0.7961227712127127,4.206909471614833,0.7847168358660007
rf,2,44,0.98,27014,0.8037599619866316,0.8983120589666137,0.8069645552848369,4.100100615598147,0.7614678492459176
rf,2,44,0.99,27289,0.8013428362782585,0.8972419619779111,0.8050431383339712,4.125274193745018,0.7542865165509615
rf,2,44,1.0,27565,0.7918864966761648,0.8911045392639532,0.7940672998968222,4.222316989127318,0.7790284516864718
rf,3,45,0.01,276,0.38138408199273155,0.6649273546248603,0.4421283869284147,7.279662586197878,2.098743411918525
rf,3,45,0.02,551,0.5100212264239328,0.7185296380649401,0.5162848407777337,6.478721894690831,1.8587044456077935
rf,3,45,0.03,827,0.5440550654971068,0.7397768992607913,0.5472698606799109,6.2496673557149505,1.6600528057737638
rf,3,45,0.04,1103,0.5591795758637464,0.7509331386057061,0.5639005786562166,6.145136847342605,1.5278951155211857
rf,3,45,0.05,1378,0.572203385173526,0.7589397331023373,0.575989518481447,6.053678832847838,1.4517441316007917
rf,3,45,0.06,1654,0.5911796819353858,0.7741626596798591,0.5993278236425933,5.917890711412614,1.3641370501047498
rf,3,45,0.07,1930,0.623747657416613,0.7963048535235677,0.6341014197451906,5.677279961745436,1.2620391780483347
rf,3,45,0.08,2205,0.633916772798303,0.8062795252905994,0.6500866729028344,5.6000334397536395,1.2990069682058327
rf,3,45,0.09,2481,0.6526390058842553,0.8137440508907411,0.6621793803600731,5.454955714887799,1.2093791123313746
rf,3,45,0.1,2756,0.6394250560312817,0.8102719256032095,0.656540593420733,5.557743213475893,1.2348651983619328
rf,3,45,0.11,3032,0.6529133887820541,0.816130678431692,0.6660692842773738,5.452800835279504,1.1931213364872524
rf,3,45,0.12,3308,0.6602751237806215,0.8209816160628944,0.6740108139132418,5.394663737351551,1.1782048425459757
rf,3,45,0.13,3583,0.6634154447578706,0.8195171764758067,0.6716084025388784,5.369672474885631,1.1613732048047452
rf,3,45,0.14,3859,0.6725457777998911,0.826965578146719,0.6838720674395372,5.296341768350567,1.136315043331667
rf,3,45,0.15,4135,0.6793300449122638,0.8333969917854326,0.6945505459170084,5.241189232853776,1.1251076213276403
rf,3,45,0.16,4410,0.6800260288582174,0.8341070450672969,0.6957345626308977,5.235498389434536,1.1098245589233344
rf,3,45,0.17,4686,0.6824534635477244,0.8376620850613317,0.7016777687492977,5.215601418383062,1.0723815897161884
rf,3,45,0.18,4962,0.6770204089384306,0.837808134222683,0.7019224697696932,5.260030287425832,1.07422647160676
rf,3,45,0.19,5237,0.6802292282029798,0.8377141171838693,0.7017649421291495,5.233835724825523,1.0529576306429225
rf,3,45,0.2,5513,0.6992843361798036,0.8501006069558713,0.7226710419467408,5.075498805430662,1.0243669672259577
rf,3,45,0.21,5789,0.6972140391602635,0.8444814139824081,0.7131488585617273,5.092940142721885,1.0216469719309358
rf,3,45,0.22,6064,0.7000568136454597,0.8462957937039902,0.7162165704410668,5.0689756507678645,1.0046034058524682
rf,3,45,0.23,6340,0.700734011995872,0.8475109194506575,0.7182747585880989,5.063250163665759,0.9981640932022324
rf,3,45,0.24,6616,0.7048085117467512,0.8505366067693063,0.7234125194546456,5.028664018804341,1.0075253082177786
rf,3,45,0.25,6891,0.6947672327267931,0.8424454917555954,0.7097144065793268,5.113476703813857,1.037125036113179
rf,3,45,0.26,7167,0.7089691474867027,0.8496917620728626,0.7219760905344861,4.993099498589812,1.0161454719023246
rf,3,45,0.27,7443,0.7131247725490413,0.8514279168592375,0.7249294976072606,4.9573231314217825,1.0097977586645692
rf,3,45,0.28,7718,0.7109487418365528,0.8510015460947262,0.7242036314556144,4.976088970028395,1.0022105304188293
rf,3,45,0.29,7994,0.7201265120987531,0.8565420791216702,0.7336643333060736,4.8964529392825,0.9730285295764621
rf,3,45,0.3,8270,0.7319129923042036,0.8616328809869295,0.7424112215978361,4.792240314560588,0.9473253423303933
rf,3,45,0.31,8545,0.7265771135542912,0.8601504385004308,0.7398587768524835,4.839696598985149,0.9636803254027578
rf,3,45,0.32,8821,0.735301619152881,0.8646393564509574,0.7476012167239257,4.761856975688379,0.934821123949831
rf,3,45,0.33,9096,0.722484967218488,0.8563311510246134,0.7333030402151393,4.875778426443714,0.9568424010698389
rf,3,45,0.34,9372,0.7334884469174476,0.859753499058376,0.7391760791431209,4.778138396660078,0.9517872454563021
rf,3,45,0.35,9648,0.731606462728922,0.8588299023485046,0.737588801167942,4.7949792457365366,0.9415927026891043
rf,3,45,0.36,9923,0.7234756240581932,0.8516905732379562,0.7253768325423984,4.867068012504199,0.9951269201488785
rf,3,45,0.37,10199,0.7391283018869854,0.8605255289693452,0.7405041860079714,4.727311138222695,0.9510099901769634
rf,3,45,0.38,10475,0.737324347581942,0.8601825852979198,0.7399140800498131,4.7436278972888655,0.9455104048707154
rf,3,45,0.39,10750,0.7377333902336425,0.8598114464206874,0.7392757233960346,4.7399330323689375,0.9354463125301433
rf,3,45,0.4,11026,0.7518508740293923,0.8683699806523231,0.7540664232981159,4.610596111001862,0.9073504769773552
rf,3,45,0.41,11302,0.7527571741388208,0.8694690888079422,0.7559764963925132,4.60216890815727,0.9044306566966778
rf,3,45,0.42,11577,0.756327466537298,0.8707607678406731,0.7582243148104787,4.568819429165328,0.8992195277907491
rf,3,45,0.43,11853,0.7547989688405727,0.8701282852536046,0.7571232327983783,4.583126566607478,0.9118034218245405
rf,3,45,0.44,12129,0.7590267833241684,0.8734626290162282,0.762936964287941,4.5434430857998045,0.9043944233265455
rf,3,45,0.45,12404,0.7557598720509716,0.8700302964173825,0.7569527166841185,4.574137485140748,0.9083306975920937
rf,3,45,0.46,12680,0.7665098153987349,0.876372188647636,0.7680282130350476,4.472342126654127,0.8897336941663561
rf,3,45,0.47,12956,0.756513349343779,0.8700686323869867,0.7570194250637614,4.567076460865716,0.8982071912775649
rf,3,45,0.48,13231,0.7566131852750666,0.8706087849463456,0.7579596564257524,4.566140054128806,0.9017916693975117
rf,3,45,0.49,13507,0.7631696878451398,0.874394427080914,0.7645656141101598,4.504217445966272,0.8869025076888042
rf,3,45,0.5,13782,0.770727504916946,0.8793675691771816,0.7732873217205853,4.431764591824529,0.8616246980063613
rf,3,45,0.51,14058,0.7675561738092826,0.8770496278618127,0.7692160497325442,4.462309740417979,0.8715950441709602
rf,3,45,0.52,14334,0.7659874477691742,0.8764687222187527,0.7681974210277731,4.47734212605441,0.8715934440884225
rf,3,45,0.53,14609,0.7654117727755629,0.8763244243751526,0.7679444967564425,4.482845913462301,0.8699429091048927
rf,3,45,0.54,14885,0.7638039467685861,0.8755949054680312,0.7666664384815705,4.498181995130777,0.8702642734110346
rf,3,45,0.55,15161,0.7614088346485084,0.8744142376475594,0.7646002590007626,4.520931053616596,0.8738320292310235
rf,3,45,0.56,15436,0.7648965340116494,0.8766421795208542,0.7685015109150736,4.487766171303097,0.8720571174804153
rf,3,45,0.57,15712,0.7692980419151322,0.8794122138764071,0.7733658419150036,4.445558657660083,0.8648189084845526
rf,3,45,0.58,15988,0.7776597793022209,0.8839841116153462,0.7814279095883728,4.3642510079509345,0.8421284270794037
rf,3,45,0.59,16263,0.7697163229880035,0.879487550352791,0.7734983512255531,4.441526752864879,0.857242201069727
rf,3,45,0.6,16539,0.7813267962426528,0.886180011722635,0.7853150131767296,4.328111979601415,0.8415339336821964
rf,3,45,0.61,16815,0.7829514371056061,0.886601169907042,0.7860616344805355,4.312004069168438,0.8280897553988231
rf,3,45,0.62,17090,0.7871851956317959,0.889694241561625,0.7915558434679152,4.269741894638554,0.8195941905903489
rf,3,45,0.63,17366,0.7868548226451079,0.8889011483409184,0.7901452515218034,4.273054775890608,0.8228560688909676
rf,3,45,0.64,17642,0.7907532522431703,0.8907652579411222,0.7934627447549139,4.23379731349489,0.8139533304693806
rf,3,45,0.65,17917,0.784681383684978,0.88749605321526,0.7876492444726637,4.294785664574193,0.8317153118899561
rf,3,45,0.66,18193,0.7958446825165675,0.8939624844432082,0.7991689235918733,4.181971345652451,0.8091393532932655
rf,3,45,0.67,18469,0.7884012327190888,0.8897119222865313,0.7915873046587947,4.257525632552379,0.8254059273684214
rf,3,45,0.68,18744,0.7938682584804753,0.8936718532855271,0.7986493813547887,4.202165384342521,0.8109679563165609
rf,3,45,0.69,19020,0.7893504195670076,0.8904906927970127,0.7929736739581036,4.247965724533801,0.8160350574982512
rf,3,45,0.7,19296,0.7958940160207968,0.8943622712169103,0.7998838721762701,4.181466034870593,0.8053524344841748
rf,3,45,0.71,19571,0.7856759617974249,0.8884738631536324,0.7893858055071395,4.2848551626542495,0.8194577896717344
rf,3,45,0.72,19847,0.7873211311328834,0.8893637313294643,0.7909678466042677,4.268378027544177,0.8110429269522499
rf,3,45,0.73,20122,0.7844554046843455,0.8875426147310779,0.7877318929636785,4.297038783410377,0.8177432922636206
rf,3,45,0.74,20398,0.7912828001619432,0.8916689100436919,0.7950734451385054,4.228436611707866,0.7931716674658467
rf,3,45,0.75,20674,0.7863479298887801,0.8900382001186724,0.792167997670486,4.278132756796737,0.8018561904195667
rf,3,45,0.76,20949,0.7913685224046951,0.8918538120609995,0.7954032220877365,4.227568191914863,0.7926148657337042
rf,3,45,0.77,21225,0.7889021155326879,0.8898091573952992,0.7917603365845324,4.252483578355839,0.7953171587803979
rf,3,45,0.78,21501,0.7924669479933104,0.893128365035739,0.7976782764314123,4.216424625759002,0.7921813187299274
rf,3,45,0.79,21776,0.7942336667274872,0.893384796750324,0.7981363950646178,4.198439158157533,0.7951458334074583
rf,3,45,0.8,22052,0.7932828126753424,0.8925797284249684,0.7966985715951903,4.208128550812838,0.7912965465956873
rf,3,45,0.81,22328,0.7825956651786085,0.8861871418402253,0.7853276503629476,4.315536600888401,0.8109134996215555
rf,3,45,0.82,22603,0.7907415366802447,0.8911604432145295,0.7941669355503166,4.233915835347933,0.795069047187389
rf,3,45,0.83,22879,0.7854775009799122,0.8872956769162803,0.7872936182743201,4.286838559145678,0.8009624486493109
rf,3,45,0.84,23155,0.797033115602936,0.8945303530696472,0.8001845525629078,4.169781491476837,0.7819378721337182
rf,3,45,0.85,23430,0.792948805542127,0.8921178018788561,0.795874172429162,4.211526859562645,0.7939641067144773
rf,3,45,0.86,23706,0.7871617809494414,0.8892563385938975,0.7907768357294245,4.269976774680734,0.7997472245713448
rf,3,45,0.87,23982,0.7962391039000072,0.8945135576713886,0.8001545048579247,4.1779296768150855,0.7844302638222268
rf,3,45,0.88,24257,0.7980199672426227,0.8951791167905635,0.8013456511379333,4.159632127025353,0.7828844479218758
rf,3,45,0.89,24533,0.7925178828171877,0.8919887084240438,0.7956438559559937,4.215907175592502,0.785634222877496
rf,3,45,0.9,24808,0.8025199178065008,0.8975709847158552,0.8056336726037899,4.113034518589633,0.7682532971245398
rf,3,45,0.91,25084,0.7994117906126355,0.8952476847077228,0.8014684169745382,4.145275555975836,0.7728857134188086
rf,3,45,0.92,25360,0.8021227982669096,0.8970731300523818,0.8047402006619775,4.117167963422537,0.7678555444058192
rf,3,45,0.93,25635,0.7993108908726059,0.8958812517428193,0.8026032172242807,4.146318001697314,0.7715318077392546
rf,3,45,0.94,25911,0.8007324509079741,0.896755202721747,0.8041698936085216,4.131606902204008,0.7723942374715782
rf,3,45,0.95,26187,0.8044589380390492,0.899231922590251,0.8086180506053591,4.0927921461520045,0.7591034322684439
rf,3,45,0.96,26462,0.7909838060779839,0.89164319936356,0.7950275949712852,4.231464213354421,0.7866306058935612
rf,3,45,0.97,26738,0.7980114109219585,0.8952182515943214,0.8014157179875938,4.1597202316981665,0.774580888813175
rf,3,45,0.98,27014,0.7987332545094862,0.8956337356334072,0.802159788404652,4.152280814353094,0.7679446672814247
rf,3,45,0.99,27289,0.7920945398774689,0.8916897291593779,0.7951105730883248,4.2202060160981665,0.7777248671587889
rf,3,45,1.0,27565,0.7946284447369137,0.8931419338845175,0.7977025140629758,4.19440971569073,0.7722438405322594
rf,4,46,0.01,276,0.39363652530897264,0.658949239330764,0.4342141000145925,7.207210741307873,1.9107360695200062
rf,4,46,0.02,551,0.43714908198035396,0.6761082906290105,0.4571224206572825,6.943803046796932,1.9911874365383053
rf,4,46,0.03,827,0.48375870722927616,0.7037359855907287,0.4952443374153543,6.650083133609046,1.6963390904236924
rf,4,46,0.04,1103,0.5280801497635652,0.7402851593672516,0.5480221171793971,6.358209408334004,1.5486919696954506
rf,4,46,0.05,1378,0.5683128470507954,0.7594668139449235,0.5767898414836531,6.0811437096297265,1.487836977469357
rf,4,46,0.06,1654,0.5788518213465361,0.7685965813352221,0.5907407048401907,6.006454175488938,1.3933168445984556
rf,4,46,0.07,1930,0.5887393844129465,0.7762979644577005,0.6026385296211693,5.935526732484629,1.342541509286743
rf,4,46,0.08,2205,0.5977938638534852,0.7859745604279451,0.6177560096399015,5.86982360896554,1.319396505536537
rf,4,46,0.09,2481,0.6017433755144999,0.7916133427949889,0.6266516844910566,5.840932789349032,1.26356394964383
rf,4,46,0.1,2756,0.6097149384000373,0.7958737562739346,0.6334150359255823,5.78218082347738,1.242957978716754
rf,4,46,0.11,3032,0.64769395514785,0.8159696735045219,0.665806508079076,5.493647027456391,1.1787687209187159
rf,4,46,0.12,3308,0.661665628902139,0.823413884901798,0.6780104258490715,5.3836121488383455,1.1598610075859739
rf,4,46,0.13,3583,0.6641042610694655,0.826855137202046,0.6836894179174142,5.364175175298566,1.150225741306262
rf,4,46,0.14,3859,0.6759173422027797,0.835909302440301,0.6987443619062307,5.269004877511626,1.1132220014308443
rf,4,46,0.15,4135,0.6799722544978193,0.8351408351031707,0.6974602144568214,5.235938306076241,1.0734880091773038
rf,4,46,0.16,4410,0.6874295100458514,0.8401935360278066,0.7059251779829091,5.174575065153296,1.055575508084395
rf,4,46,0.17,4686,0.6840187916875965,0.8374500947785058,0.7013226612445285,5.2027305274157545,1.063186577491385
rf,4,46,0.18,4962,0.6940584615299799,0.8447909964134843,0.7136718276212877,5.119410181264363,1.0304859568224616
rf,4,46,0.19,5237,0.6866013595352982,0.8414296998342604,0.7080039397631736,5.181425507529432,1.0329059763643456
rf,4,46,0.2,5513,0.7107546040713679,0.854412456519598,0.7300206458558539,4.977759754380263,0.9902437895823223
rf,4,46,0.21,5789,0.7220150539536638,0.8613252560306897,0.7418811966763331,4.879904732401067,0.9762573856512451
rf,4,46,0.22,6064,0.7140989303191707,0.8580449646936262,0.7362411614360863,4.948899048288553,0.9825046987466534
rf,4,46,0.23,6340,0.7120066994134164,0.8577272860807679,0.7356960972874794,4.966974121257151,0.9695464032555333
rf,4,46,0.24,6616,0.706053407255097,0.8518432634489023,0.725636945483276,5.018049255819199,0.9796037946489214
rf,4,46,0.25,6891,0.7198428911892174,0.8615345309094623,0.7422417479493872,4.898933318527974,0.9651550682923122
rf,4,46,0.26,7167,0.7322349467161062,0.8688433646831405,0.7548887923539207,4.789361871423096,0.9450618480389165
rf,4,46,0.27,7443,0.7353999719815096,0.8698819234167291,0.7566945606871881,4.760972222229309,0.9478094745590427
rf,4,46,0.28,7718,0.73457097176628,0.8683398466707639,0.7540140893162058,4.768424527621646,0.9355998256723689
rf,4,46,0.29,7994,0.7375374462268611,0.8690987782285018,0.7553326863182745,4.741703345529123,0.9147679093297547
rf,4,46,0.3,8270,0.7385030527867125,0.8721586477670811,0.7606607068749034,4.732972883279845,0.9174579686518303
rf,4,46,0.31,8545,0.7400992211130286,0.8724525061513654,0.7611733754897982,4.718505821441938,0.9125190701342674
rf,4,46,0.32,8821,0.7415139613622874,0.8728910638323893,0.7619388093184404,4.70564597312584,0.913596093246589
rf,4,46,0.33,9096,0.7391703655283142,0.8726963095042473,0.761598848622333,4.726930000793945,0.9213580454751071
rf,4,46,0.34,9372,0.7498319747029452,0.8797965736793418,0.7740420110579096,4.629313632624496,0.8890008428074546
rf,4,46,0.35,9648,0.7537976829880317,0.8814978795261045,0.7770385116090186,4.592474701198297,0.8824462173828902
rf,4,46,0.36,9923,0.7553560829311998,0.8805669136681181,0.775398089446995,4.577917011899058,0.8745578967160322
rf,4,46,0.37,10199,0.7582571926621549,0.8829758100600862,0.7796462811512654,4.550692447624104,0.8645496864060664
rf,4,46,0.38,10475,0.7556778495438012,0.8819528506572795,0.7778408307825015,4.574905480830075,0.8697154367260335
rf,4,46,0.39,10750,0.7584906509350922,0.8827826445086562,0.7793051974456964,4.548494546821535,0.8700849565701345
rf,4,46,0.4,11026,0.765955450088173,0.8854261955408415,0.7839795477499284,4.477648220036839,0.8481053916002234
rf,4,46,0.41,11302,0.7618145094390302,0.8844557967323357,0.7822620563734306,4.517085965692104,0.8536933011973049
rf,4,46,0.42,11577,0.7620014567638944,0.8832511800678031,0.7801326470911668,4.515312929685208,0.8443655572524499
rf,4,46,0.43,11853,0.768294955875497,0.8878526456447755,0.7882823203784273,4.455212761093839,0.8406244840556605
rf,4,46,0.44,12129,0.766361552322921,0.8866851330576213,0.7862105251854116,4.473761839375961,0.844085945016512
rf,4,46,0.45,12404,0.7702439619833992,0.8878824629839221,0.7883352680743959,4.436435496099738,0.8357526674166719
rf,4,46,0.46,12680,0.7700178781419743,0.8873298170053951,0.787354204146828,4.43861772331202,0.8265317211608608
rf,4,46,0.47,12956,0.7633265537987827,0.8842706298820103,0.7819345468719273,4.5027255013843375,0.8391439717399856
rf,4,46,0.48,13231,0.7677382891087767,0.8870978820865966,0.7869426524025251,4.460561330650742,0.8319554484723521
rf,4,46,0.49,13507,0.7619788771089531,0.883875783497328,0.7812364006530154,4.515527115428648,0.828975736943575
rf,4,46,0.5,13782,0.7627049841989406,0.8851368723462684,0.7834672827869342,4.50863432251598,0.840856663319325
rf,4,46,0.51,14058,0.768356019458961,0.8868715468887606,0.786541140680863,4.454625658677091,0.8266290273395305
rf,4,46,0.52,14334,0.7726375626430003,0.8901988628499513,0.7924540154193465,4.4132655777190735,0.8159271088526694
rf,4,46,0.53,14609,0.7819532541268948,0.8926350190193153,0.7967972771796134,4.321907916843185,0.8080801518146572
rf,4,46,0.54,14885,0.7887659551759401,0.8948464990276719,0.8007502568220812,4.253854805604768,0.792429950964754
rf,4,46,0.55,15161,0.7778864990564607,0.8898836690106617,0.791892944371877,4.362025332633422,0.8172018754703135
rf,4,46,0.56,15436,0.7824517174453431,0.89286880521559,0.7972147033271152,4.3169650657736645,0.8087978190431169
rf,4,46,0.57,15712,0.7899607960543221,0.8976254510699122,0.8057314504084634,4.241806824574748,0.7966351871642016
rf,4,46,0.58,15988,0.783105037332877,0.8919674710931241,0.7956059694882632,4.310478046568624,0.7919427085703747
rf,4,46,0.59,16263,0.7816434218404645,0.8925872345657653,0.7967119713097605,4.324977422097991,0.7999765673798228
rf,4,46,0.6,16539,0.7827242680151009,0.8895652386143011,0.7913263137509186,4.314260011010375,0.8210791305366842
rf,4,46,0.61,16815,0.7825995588313078,0.8890549400322515,0.7904186863957503,4.315497955670068,0.8157020618873764
rf,4,46,0.62,17090,0.7916910475202577,0.8935754827852681,0.7984771434349249,4.224299211837286,0.8194728961202826
rf,4,46,0.63,17366,0.7887825358123473,0.8927313568125007,0.7969692754362885,4.253687850973819,0.8039726859845902
rf,4,46,0.64,17642,0.7884554103720167,0.8919280249997622,0.7955356017799764,4.256980550188235,0.8092027116689844
rf,4,46,0.65,17917,0.7871645752730504,0.8918635331957561,0.7954205618444175,4.269948744620797,0.8066001382585231
rf,4,46,0.66,18193,0.7865153172603493,0.8904464731292765,0.7928949215083674,4.276456560278808,0.811074843373801
rf,4,46,0.67,18469,0.786956727541132,0.8901840841769145,0.7924277037218921,4.272033178153386,0.8227965429283022
rf,4,46,0.68,18744,0.7804820877895484,0.8863455299344974,0.7856083984348651,4.336463411897303,0.821584049915294
rf,4,46,0.69,19020,0.7821093075557918,0.8871179947780258,0.7869783366589854,4.320361071317065,0.8222309771547732
rf,4,46,0.7,19296,0.7868031520309835,0.8898267675830858,0.7917916763073629,4.273572681075629,0.8211127095808866
rf,4,46,0.71,19571,0.7858270806929024,0.8889190299803789,0.7901770418612577,4.2833442804255215,0.8169071658630566
rf,4,46,0.72,19847,0.7832293597182027,0.8872446701711133,0.7872031047470476,4.309242504442993,0.8120821423245189
rf,4,46,0.73,20122,0.7839203918936976,0.8876057373969956,0.7878439450600643,4.302368413413782,0.8161602165195592
rf,4,46,0.74,20398,0.7853304959643237,0.8883412209079272,0.7891501247641868,4.2883071203633705,0.8127828636637893
rf,4,46,0.75,20674,0.7741279183198857,0.8812235749336922,0.7765549890189166,4.398777367776616,0.8263177033872724
rf,4,46,0.76,20949,0.7804588006794403,0.8853843190116538,0.78390539235173,4.336693418236912,0.8181289661094739
rf,4,46,0.77,21225,0.7769179716753976,0.8840060200815052,0.7814666435403426,4.37152530779208,0.8234698396063294
rf,4,46,0.78,21501,0.7836440901039138,0.8876076719587667,0.7878473793200615,4.305118261793046,0.8074054734767822
rf,4,46,0.79,21776,0.7845164308011217,0.8878742491348656,0.7883206822768013,4.296430440264662,0.8024320565928509
rf,4,46,0.8,22052,0.7949259955521715,0.8948600807654098,0.8007745641474757,4.191370097051116,0.7836733575873309
rf,4,46,0.81,22328,0.7876392503575813,0.8899114390129365,0.7919423692860753,4.265184571475772,0.7974793790522341
rf,4,46,0.82,22603,0.7912831414755999,0.8920069089544806,0.7956763256225271,4.228433154341263,0.7816376044435345
rf,4,46,0.83,22879,0.7867130181215615,0.8895810115868443,0.7913543761758732,4.274475961571598,0.7932747094683666
rf,4,46,0.84,23155,0.7839341664342228,0.8873143357111379,0.787326730358498,4.302231278556207,0.7945013935057511
rf,4,46,0.85,23430,0.7884879260352117,0.8897635865298884,0.7916792399145303,4.256653375984943,0.7866654506777085
rf,4,46,0.86,23706,0.7933179572575297,0.8921462206705443,0.7959248790567355,4.207770817602354,0.7814849699559775
rf,4,46,0.87,23982,0.794990615558244,0.8940596050210902,0.7993425773304678,4.190709682530198,0.7778263501824453
rf,4,46,0.88,24257,0.7961635326570283,0.8945789309909425,0.8002714637728976,4.17870436439121,0.7742784920818121
rf,4,46,0.89,24533,0.793992598439684,0.8935103714985801,0.7983607839755307,4.200897806904481,0.7801133498542434
rf,4,46,0.9,24808,0.794488013035843,0.895448803649269,0.8018285599569072,4.195843525333085,0.7756617299888136
rf,4,46,0.91,25084,0.8012763870211796,0.896738417008905,0.8041397885396367,4.125964071928258,0.764976012995385
rf,4,46,0.92,25360,0.7893397199782219,0.8908449653492617,0.7936047522881273,4.248073607277244,0.7830866349180468
rf,4,46,0.93,25635,0.7954723936703603,0.8941321252593413,0.7994722574207863,4.185782640352513,0.7718410343835759
rf,4,46,0.94,25911,0.7988964719795248,0.8953117148079206,0.8015830666722994,4.150596824720594,0.7635098825029015
rf,4,46,0.95,26187,0.7952837085188371,0.8946121887959062,0.8003309683422021,4.187712973805439,0.7842512551500784
rf,4,46,0.96,26462,0.7997853347721077,0.8961184869886284,0.8030283427227886,4.14141400039157,0.7740682322156769
rf,4,46,0.97,26738,0.802098311491979,0.8975054337963634,0.8055160036939985,4.117422699808661,0.7732044462422282
rf,4,46,0.98,27014,0.7978377402367921,0.8953089429729126,0.8015781033672741,4.161508120428572,0.7700043679348119
rf,4,46,0.99,27289,0.8036274676024255,0.8983773573872585,0.807081876266114,4.101484504045405,0.7597361848376651
rf,4,46,1.0,27565,0.8004748314267741,0.8965190400131972,0.8037463891061846,4.134276776543247,0.7675412189444051
rf,5,47,0.01,276,0.24923610527564455,0.603575613167595,0.36430352081063827,8.01959421697572,1.8262082394293075
rf,5,47,0.02,551,0.4187557515372342,0.6880804383538959,0.4734546896452895,7.056348780578511,1.782137204139668
rf,5,47,0.03,827,0.4713457982516558,0.7193136180998287,0.5174120811838663,6.729558128914805,1.4755221052483916
rf,5,47,0.04,1103,0.5456353705233019,0.7512026357155153,0.5643053999059371,6.238827281911574,1.3682279536911075
rf,5,47,0.05,1378,0.5553637493544037,0.7518212898608844,0.5652352518880839,6.171676282641955,1.3356210823365062
rf,5,47,0.06,1654,0.5704559993722509,0.7608121047273523,0.5788350586996637,6.066029716642822,1.3035769059857079
rf,5,47,0.07,1930,0.6139454292193026,0.7845839013823228,0.6155718983083065,5.7507574941492905,1.2481315955060452
rf,5,47,0.08,2205,0.6116820031632854,0.7862509453886676,0.6181905491245735,5.767591113478741,1.2304642460125508
rf,5,47,0.09,2481,0.634869662143656,0.7984600482485474,0.6375384486490727,5.592740440817681,1.1673258668762014
rf,5,47,0.1,2756,0.6538560190956738,0.811814059011222,0.6590420664082758,5.445391344716165,1.1470031324198655
rf,5,47,0.11,3032,0.662962213208456,0.8165851659146693,0.666811333191888,5.373286553734463,1.1306499265775958
rf,5,47,0.12,3308,0.6819982203587074,0.8281888273579949,0.6858967337606108,5.21933869208999,1.0743668154230894
rf,5,47,0.13,3583,0.6916478698711579,0.8362753676790252,0.6993564905866888,5.1395391800062304,1.042583174556131
rf,5,47,0.14,3859,0.6940391062977631,0.8355543597731867,0.6981510881359799,5.119572117113672,1.0600596615559066
rf,5,47,0.15,4135,0.6934330956138319,0.8349028663803744,0.6970627962901652,5.124639726587305,1.0418273853173472
rf,5,47,0.16,4410,0.7070253851860672,0.8434722150532784,0.711445377566884,5.0097459246659275,1.0074780479967136
rf,5,47,0.17,4686,0.7031104635159999,0.8437668009572934,0.7119424143977048,5.043106626130561,1.0066171700911408
rf,5,47,0.18,4962,0.7045625070449396,0.8448175508769454,0.7137166942697203,5.030758959567709,0.9979508290818835
rf,5,47,0.19,5237,0.7018047986430864,0.843213902444419,0.7110096852755461,5.054183782396101,1.0006301224097902
rf,5,47,0.2,5513,0.7116096839245689,0.850294690638543,0.7230010609280956,4.970396573282211,0.9786272820355116
rf,5,47,0.21,5789,0.7128335526430587,0.8509266899949076,0.7240762317456896,4.959838693659583,0.9745823583076713
rf,5,47,0.22,6064,0.720433200721259,0.8553823055777202,0.7316788886954563,4.893769408885797,0.9542408224719727
rf,5,47,0.23,6340,0.7209749330140796,0.856645375893264,0.7338413000393115,4.8890256437504025,0.9457770231402041
rf,5,47,0.24,6616,0.7174483307349198,0.8557879943221389,0.7323730912259093,4.919824867959156,0.9487671253324321
rf,5,47,0.25,6891,0.7205417741622193,0.8569647052405625,0.7343885060280441,4.892819036769087,0.9410421392432606
rf,5,47,0.26,7167,0.7144377647384503,0.8531064798631169,0.7277906659844388,4.9459655957106055,0.974703489853112
rf,5,47,0.27,7443,0.7278689265184897,0.8584139328244298,0.7368744800671047,4.828250254987118,0.945098659727124
rf,5,47,0.28,7718,0.7286209027891435,0.8604133791854426,0.7403111830813122,4.821574719495163,0.9413388328921284
rf,5,47,0.29,7994,0.7222570226515953,0.8580421002652896,0.7362362458276693,4.877780442448113,0.9360984190156698
rf,5,47,0.3,8270,0.7242283018185824,0.8578105685105348,0.735838971448367,4.860439609376211,0.9413810608936063
rf,5,47,0.31,8545,0.7279468911327147,0.8612855240556877,0.7418127539478806,4.827558566917057,0.9292887082600885
rf,5,47,0.32,8821,0.7370903724765997,0.8683618157336909,0.7540522430243125,4.745740091132053,0.918484571559111
rf,5,47,0.33,9096,0.7338895648972539,0.8645033291693651,0.7473660061449157,4.774541331365608,0.9177088311135476
rf,5,47,0.34,9372,0.731982150569461,0.8645625911936676,0.7474684740915088,4.791622148826421,0.9217585884755899
rf,5,47,0.35,9648,0.73542697341675,0.863715136091995,0.7460038363144135,4.760729296399219,0.9093036378851889
rf,5,47,0.36,9923,0.7352174535489029,0.8637204182062663,0.7460129608264076,4.762613974490251,0.9094266907903445
rf,5,47,0.37,10199,0.7486043634788198,0.8723863578341599,0.7610579573351508,4.640658093205891,0.8838644283311525
rf,5,47,0.38,10475,0.7444881618217274,0.8712534207779618,0.7590825232173001,4.678495518983051,0.8777547285731423
rf,5,47,0.39,10750,0.7433117520486804,0.8693942465979662,0.7558463560176452,4.68925335186432,0.8739879335586757
rf,5,47,0.4,11026,0.7433611020988513,0.8707923691967089,0.7582793502512174,4.68880255987469,0.8701375060999762
rf,5,47,0.41,11302,0.7543522495749134,0.8746443739911713,0.765002780954408,4.587299549226792,0.8892223189938263
rf,5,47,0.42,11577,0.7539760567499638,0.8719258564156219,0.7602546990861158,4.590810774094904,0.8824095270948359
rf,5,47,0.43,11853,0.7556917568912485,0.8731559639510184,0.762401337383232,4.574775272199007,0.875803174659692
rf,5,47,0.44,12129,0.7597721597867058,0.8767731902798206,0.7687312271934544,4.536410772266946,0.8763253124580256
rf,5,47,0.45,12404,0.768564264726421,0.8801053053791389,0.7745853485565073,4.452622879906308,0.8513932720359236
rf,5,47,0.46,12680,0.7632624397911316,0.8761524296170082,0.7676430799237866,4.503335346369909,0.8773217262891427
rf,5,47,0.47,12956,0.7592423112125598,0.8743070467238805,0.7644128119510337,4.541410789918476,0.8855905131200144
rf,5,47,0.48,13231,0.769607616795374,0.8798348500220157,0.7741093633132629,4.442574948080225,0.8701382907796198
rf,5,47,0.49,13507,0.7704783448115573,0.8807348529750486,0.7756938812449805,4.434172030830499,0.8649716442609163
rf,5,47,0.5,13782,0.7672390864925795,0.8796153180839325,0.7737231078078977,4.465352324140486,0.8670401246408217
rf,5,47,0.51,14058,0.7649031788215863,0.8772013259957756,0.769482166328747,4.487702751217321,0.8764381129037594
rf,5,47,0.52,14334,0.7635565617388312,0.8766809192784955,0.7685694342269879,4.5005370126039494,0.886058954592722
rf,5,47,0.53,14609,0.7686506991865386,0.8786979152824185,0.7721100263216683,4.451791340225379,0.8670367278535089
rf,5,47,0.54,14885,0.7674613053984585,0.878170607273794,0.7711836154796242,4.463220259435144,0.8720496939109051
rf,5,47,0.55,15161,0.7680910079924604,0.8781924545018697,0.7712219871440185,4.457173079560586,0.8714104228281447
rf,5,47,0.56,15436,0.7607860142103962,0.8729373902677982,0.7620196873275541,4.526827946528527,0.8852236251099388
rf,5,47,0.57,15712,0.7762149049808326,0.8824920557402832,0.7787922284447112,4.378408551783313,0.8557936662380987
rf,5,47,0.58,15988,0.7660394093883389,0.8767997635512077,0.7687778253634537,4.476845009851871,0.8707957205903206
rf,5,47,0.59,16263,0.789780400613487,0.8904775123191052,0.7929501999460222,4.24362800454177,0.8373992238200259
rf,5,47,0.6,16539,0.7917240816627229,0.8912710041983968,0.7943640029248186,4.223964248713648,0.822920418012742
rf,5,47,0.61,16815,0.786752972321816,0.8885922170854865,0.7895961282649004,4.274075582547445,0.8373237256552171
rf,5,47,0.62,17090,0.7905856076940155,0.8898723501661976,0.7918727995903118,4.235492993217912,0.8308590936449437
rf,5,47,0.63,17366,0.7848744568045048,0.8864723841308236,0.7858332878265866,4.292859696331876,0.8402505674884486
rf,5,47,0.64,17642,0.7828888668490699,0.8855319983422469,0.7841669200880133,4.31262555165014,0.8319271128764705
rf,5,47,0.65,17917,0.7907138437116488,0.8901122545370695,0.7922998256770649,4.2341959812916095,0.8276739537460853
rf,5,47,0.66,18193,0.785562085531881,0.8872051409953327,0.7871329622085481,4.285993342279816,0.8329147710627289
rf,5,47,0.67,18469,0.7903630737471621,0.8899228445717496,0.7919626692906745,4.237742816397989,0.8278781472419005
rf,5,47,0.68,18744,0.787397799748617,0.8881477664479241,0.7888064550464364,4.26760860429468,0.8285169559267564
rf,5,47,0.69,19020,0.78587342714178,0.8875935052547487,0.7878222305704116,4.282880803207667,0.8180894278331265
rf,5,47,0.7,19296,0.7898119487647045,0.889601549424359,0.7913909167382203,4.243309566961175,0.81431105885501
rf,5,47,0.71,19571,0.7925406710932785,0.8914622156478421,0.7947048819277598,4.215675647458581,0.802527043584773
rf,5,47,0.72,19847,0.7947756965995061,0.8931444755613365,0.7977070542257347,4.192905745500259,0.8007316247222931
rf,5,47,0.73,20122,0.7954898737377258,0.893194266908748,0.7977959984386558,4.1856037663920675,0.8062314682071848
rf,5,47,0.74,20398,0.7918744186288498,0.8910471010749925,0.7939649363341479,4.222439510260407,0.7994145909841552
rf,5,47,0.75,20674,0.7963108290757914,0.8938979754714285,0.7990535905519185,4.177194282728988,0.7982580666513002
rf,5,47,0.76,20949,0.7968776983387358,0.8950310503011306,0.801080581003145,4.171377643535299,0.7982984440439567
rf,5,47,0.77,21225,0.7951890060992557,0.8934867004308424,0.7983184838467939,4.18868148660262,0.8013791676681432
rf,5,47,0.78,21501,0.7957649444810896,0.893045643841689,0.7975305219846169,4.182787953393722,0.7944676626606867
rf,5,47,0.79,21776,0.7988128819685594,0.8949282681666972,0.800896605163844,4.151459346607068,0.7974953810760188
rf,5,47,0.8,22052,0.793683797514977,0.8922283398425411,0.7960714104181771,4.204045158278788,0.8010648886772739
rf,5,47,0.81,22328,0.7956306044227561,0.8931478060297745,0.7977130034157996,4.184163387213068,0.8018635069944758
rf,5,47,0.82,22603,0.7989744107042724,0.8952723221552653,0.8015125308172811,4.149792454017862,0.7854138233889345
rf,5,47,0.83,22879,0.795697865279837,0.8940737498659383,0.7993678701993405,4.183474796892856,0.7857461424003699
rf,5,47,0.84,23155,0.7947676510391694,0.8929170926328243,0.7973009343158557,4.192987933489162,0.7957916015257712
rf,5,47,0.85,23430,0.7983989477769403,0.894719165196187,0.8005223845693618,4.155727880282116,0.7818339903024863
rf,5,47,0.86,23706,0.8023629738280093,0.8972502958290965,0.8050580933654012,4.1146685765451,0.7742333485806956
rf,5,47,0.87,23982,0.7904664908543882,0.8905631909010401,0.7931027969878424,4.236697415728603,0.7989997462832548
rf,5,47,0.88,24257,0.8041460901498538,0.8986005527078326,0.8074829533268222,4.096064884984669,0.7622772491584898
rf,5,47,0.89,24533,0.7947750277172874,0.89367040863286,0.7986467992660229,4.192912578408854,0.7835784192832426
rf,5,47,0.9,24808,0.7970255188942281,0.8947754976066608,0.8006231911172473,4.169859524696556,0.7723871681501443
rf,5,47,0.91,25084,0.798295525223327,0.8957352526348538,0.8023416428128253,4.156793700318554,0.7726692399057814
rf,5,47,0.92,25360,0.7943532551376196,0.8932833012985459,0.7979550563788288,4.197218944849885,0.7809602864876681
rf,5,47,0.93,25635,0.7963094129263145,0.8943557935722376,0.7998722854962269,4.1772088036806645,0.773742545094138
rf,5,47,0.94,25911,0.7899407423748462,0.8900935106800707,0.7922664577547731,4.242009314877918,0.7908024781016855
rf,5,47,0.95,26187,0.7996423799886114,0.8971874942538908,0.8049453998455753,4.1428922370119405,0.7719224147733892
rf,5,47,0.96,26462,0.8034143323099037,0.8987612336292221,0.8077717550747212,4.103709698219654,0.7625395841709939
rf,5,47,0.97,26738,0.7956169152638153,0.8944583137329721,0.800055675006032,4.184303517584258,0.7723060244676438
rf,5,47,0.98,27014,0.8000282948013059,0.8967348435663789,0.804133379666018,4.138900439495777,0.7569482660169233
rf,5,47,0.99,27289,0.8016717647480578,0.8981109241556892,0.8066032320877861,4.121857548074087,0.7591073127370229
rf,5,47,1.0,27565,0.7977186658667732,0.8950473683107063,0.8011097915199211,4.162733512380318,0.7664915235084963
rf,6,48,0.01,276,-0.3297568776673052,0.3394650055094608,0.11523648996553824,10.673007811759074,4.680817168006892
rf,6,48,0.02,551,0.10086205024036698,0.5524440851811485,0.30519446725163607,8.776348671708035,3.4696423935386416
rf,6,48,0.03,827,0.34599677061633005,0.6324018277662629,0.39993207176211,7.48498011813158,2.473699878568908
rf,6,48,0.04,1103,0.4344364168097925,0.6867644185335806,0.4716453665637671,6.960515795479519,2.0566138110852297
rf,6,48,0.05,1378,0.4741103371406089,0.7101856242044073,0.5043636208266037,6.711939323512159,1.85735607661542
rf,6,48,0.06,1654,0.5036395995319166,0.7233567932727578,0.5232450503738473,6.520775791766396,1.6342191596737519
rf,6,48,0.07,1930,0.5247449545223279,0.7367911817266392,0.5428612454701374,6.380637511906321,1.5321775026992326
rf,6,48,0.08,2205,0.5632470470403743,0.7567610638440818,0.5726873077504264,6.116720409398381,1.4022926174090145
rf,6,48,0.09,2481,0.5419887305432656,0.7472376482132961,0.5583641029073376,6.2638130417279925,1.4091391046136426
rf,6,48,0.1,2756,0.5666684835970075,0.7588649149910479,0.5758759592043704,6.0927147118947085,1.3867121951509223
rf,6,48,0.11,3032,0.5915361865047828,0.7761145136716022,0.6023537383317077,5.915309852376354,1.3354805468353506
rf,6,48,0.12,3308,0.6018009177974515,0.7792219346324273,0.6071868234123028,5.840510809238861,1.3066002141455328
rf,6,48,0.13,3583,0.5994603307638415,0.7785540084596259,0.6061463440885512,5.857650721334968,1.2871787555529262
rf,6,48,0.14,3859,0.5993516273935058,0.7776364838215787,0.6047185009703884,5.8584455279776195,1.269384975817795
rf,6,48,0.15,4135,0.6368270651169663,0.7988784732987793,0.6382068151001884,5.577729420530509,1.2152653058713032
rf,6,48,0.16,4410,0.6365197293605906,0.7990631941789533,0.6385019882914716,5.580089003266865,1.1980447782666424
rf,6,48,0.17,4686,0.6324449425594565,0.79583234597622,0.633349122902014,5.611279558199715,1.199178447048542
rf,6,48,0.18,4962,0.6538658650054405,0.8094748692277265,0.6552495639112449,5.445313898312283,1.1634970323805034
rf,6,48,0.19,5237,0.6676229705269994,0.8172596836923514,0.6679133905889222,5.336004728313556,1.1069151945842772
rf,6,48,0.2,5513,0.6694425232781188,0.8183913335003774,0.6697643747485259,5.3213790689550216,1.1077129334204037
rf,6,48,0.21,5789,0.683074881646877,0.8266580236746723,0.6833634881057151,5.210495621371696,1.0803844308068946
rf,6,48,0.22,6064,0.6916643156237419,0.8320942122729716,0.6923807780981772,5.139402121253391,1.0853130299094924
rf,6,48,0.23,6340,0.6987974634346579,0.836182214055326,0.6992006951024671,5.079605878867247,1.0496346625925974
rf,6,48,0.24,6616,0.707820218867231,0.8424301118751679,0.709688493394008,5.002945644069885,1.083218669169271
rf,6,48,0.25,6891,0.7066642229746047,0.8409877181413694,0.7072603420646274,5.0128328365676476,1.063912662243041
rf,6,48,0.26,7167,0.7139913305688772,0.845348561272687,0.7146141900458018,4.949830227402032,1.0637139477681197
rf,6,48,0.27,7443,0.7163831454920615,0.8467099539054446,0.7169177460425601,4.929089713418838,1.0456598442595193
rf,6,48,0.28,7718,0.7225264123696185,0.8503357847990584,0.7230709469098305,4.875414329196347,1.026843991856635
rf,6,48,0.29,7994,0.7216725797207127,0.8498904009952716,0.7223136937039035,4.8829098001810225,1.0259180025298489
rf,6,48,0.3,8270,0.7345551564537764,0.8574017384988905,0.7351377411809197,4.768566586312855,1.000308362381889
rf,6,48,0.31,8545,0.7313655785754558,0.8554792521841522,0.7318447509175563,4.797130518607294,1.0034642777354532
rf,6,48,0.32,8821,0.7404662842198871,0.8609797378699445,0.7412861090225984,4.715172623717265,0.9758438912279677
rf,6,48,0.33,9096,0.7359874532336326,0.8583745138454695,0.736806806019446,4.755683983643151,0.9871161118901834
rf,6,48,0.34,9372,0.728658482310088,0.8539296443190815,0.729195837446913,4.821240871488519,0.9882926943193255
rf,6,48,0.35,9648,0.7410674405009217,0.8612731139564245,0.7417913768241962,4.709708595758697,0.9641597723350228
rf,6,48,0.36,9923,0.7467455609817937,0.8648096918348476,0.7478958030914841,4.657782854216379,0.9559528176559969
rf,6,48,0.37,10199,0.7384971965778632,0.8597399889918357,0.7391528486716817,4.733025880308679,0.9637903808659889
rf,6,48,0.38,10475,0.7424031848850333,0.8622565998098133,0.7434864439155805,4.697545001790578,0.9501880191731725
rf,6,48,0.39,10750,0.7408745869123434,0.8615015993655529,0.7421850057094057,4.711462170406664,0.9636179199908181
rf,6,48,0.4,11026,0.7422527674071326,0.8620319460845696,0.7430990760703503,4.698916310965727,0.9532482468423389
rf,6,48,0.41,11302,0.7412272236922846,0.8621097850084022,0.7432332814072334,4.708255228130746,0.9557858241401043
rf,6,48,0.42,11577,0.7467084161688416,0.8647830759577148,0.7478497684628866,4.658124420054464,0.9395489222249694
rf,6,48,0.43,11853,0.7524099630927094,0.8684633908128717,0.7542286611821908,4.605399261282839,0.9124454868483549
rf,6,48,0.44,12129,0.7530706525777096,0.868670832439479,0.7545890151310973,4.599250444694118,0.9243024779874218
rf,6,48,0.45,12404,0.7565087894724336,0.8707240750111988,0.7581604148041077,4.567119225394141,0.9103530872664891
rf,6,48,0.46,12680,0.7529557677098928,0.8688239112483161,0.7548549887568219,4.600320230122576,0.9078323379014067
rf,6,48,0.47,12956,0.7588691007232444,0.872646609296146,0.7615121047160605,4.5449293604409,0.8999785062078859
rf,6,48,0.48,13231,0.7448444329536246,0.8635574923195508,0.7457315425412311,4.675232667565587,0.9251110919373621
rf,6,48,0.49,13507,0.7520964952380511,0.8678390215502915,0.7531445673253673,4.608313732301768,0.9121677684512703
rf,6,48,0.5,13782,0.7534714827689182,0.869018636131304,0.7551933899435118,4.595516042143286,0.9092881794808558
rf,6,48,0.51,14058,0.7569530740675402,0.8716299580674933,0.7597387838007402,4.562950641334989,0.8868929665526953
rf,6,48,0.52,14334,0.7563001960829944,0.8709436569722414,0.7585428536201813,4.569075080251503,0.8975653395849706
rf,6,48,0.53,14609,0.7605604205868082,0.8734810115528366,0.7629690775433667,4.528961983258512,0.8895931886858728
rf,6,48,0.54,14885,0.7624976990652969,0.874639894693745,0.7649949453898854,4.510603114104096,0.8809920511341915
rf,6,48,0.55,15161,0.7636824432234746,0.8746933059458563,0.7650883794664913,4.499338819686867,0.8737226763269618
rf,6,48,0.56,15436,0.7576724376306064,0.8712527775390746,0.7590814023695522,4.5561929898564895,0.882066126517919
rf,6,48,0.57,15712,0.7682679124112379,0.8784241323450075,0.7716289562860792,4.455472748683118,0.8683662155794023
rf,6,48,0.58,15988,0.7649681437939666,0.8757168386499717,0.7668799814951006,4.487082658552168,0.8582795525649498
rf,6,48,0.59,16263,0.7764604149599256,0.8825859253195958,0.7789579155722471,4.376006162164475,0.8405963694711263
rf,6,48,0.6,16539,0.7546873089507682,0.8705727579085557,0.7578969268125088,4.584169982203578,0.8862439830896709
rf,6,48,0.61,16815,0.7638760012265643,0.8752717031220802,0.766100554286227,4.49749583043071,0.8622702823038598
rf,6,48,0.62,17090,0.7632519479580201,0.8756512025240409,0.766765028481799,4.503435135603559,0.8566021590480881
rf,6,48,0.63,17366,0.7720594718737551,0.8805655041104736,0.7753956070293325,4.41887259106282,0.8420532173170969
rf,6,48,0.64,17642,0.7695124744652828,0.8792474128407857,0.773076012987215,4.443492151371326,0.8528088516238962
rf,6,48,0.65,17917,0.77250054728988,0.8817115414263649,0.7774152422844564,4.414595159851701,0.8333979961459222
rf,6,48,0.66,18193,0.7692789250961075,0.879895630734139,0.7742163209850284,4.445742841575465,0.8359085017024369
rf,6,48,0.67,18469,0.7717410740863226,0.880135654924624,0.7746387710695968,4.42195775604872,0.8362224060192563
rf,6,48,0.68,18744,0.7615208658196204,0.8740454243417421,0.7639554038127361,4.51986952087068,0.8513458633846366
rf,6,48,0.69,19020,0.7741218345099751,0.882726996271442,0.7792069499464024,4.3988366073801695,0.8289937003623031
rf,6,48,0.7,19296,0.7664804706327137,0.8777641655825298,0.7704699303807948,4.472623157118512,0.8394292707706221
rf,6,48,0.71,19571,0.7609498254190725,0.8741823538883593,0.7641947878497927,4.52527771912648,0.83306616429256
rf,6,48,0.72,19847,0.7740031901844562,0.8817353488792822,0.7774572254632695,4.399991717894193,0.8309187421527027
rf,6,48,0.73,20122,0.7709324884146241,0.8796514235298057,0.7737866269180137,4.4297830158243325,0.8317781133978771
rf,6,48,0.74,20398,0.7750215467105162,0.8826004509071075,0.7789835559414294,4.390067198740237,0.82112867599354
rf,6,48,0.75,20674,0.777219778461729,0.8832938574070602,0.7802080385330441,4.368567197373224,0.8264936505741607
rf,6,48,0.76,20949,0.7752874575307442,0.8822754808421152,0.7784100240951856,4.387472035746682,0.8312252941487838
rf,6,48,0.77,21225,0.7759727750950086,0.8825480970756193,0.7788911436517968,4.380776575791918,0.8245847177968525
rf,6,48,0.78,21501,0.7927706967145064,0.8920183999836753,0.7956968259094361,4.2133378823594665,0.8049063507692854
rf,6,48,0.79,21776,0.7824353735843315,0.8860616558489145,0.7851052579657202,4.317127224148525,0.821667491040163
rf,6,48,0.8,22052,0.7862681240863919,0.8885846658316666,0.7895827083511746,4.278931691111721,0.8063552325135752
rf,6,48,0.81,22328,0.7864376411037628,0.8881497484514809,0.7888099756744288,4.277234481427376,0.8031832490121562
rf,6,48,0.82,22603,0.787143122459908,0.8893427311209777,0.7909304933977197,4.270163934607394,0.8105242325048186
rf,6,48,0.83,22879,0.7913784877835299,0.8909704192010472,0.7938282878912899,4.227467224836066,0.7932164461430873
rf,6,48,0.84,23155,0.793140260151107,0.8925871848639113,0.7967118825832822,4.209579267057523,0.7844667745756227
rf,6,48,0.85,23430,0.7893021107592217,0.8900890380093451,0.7922584955844014,4.248452795039762,0.8013489015768075
rf,6,48,0.86,23706,0.795172254850302,0.8936108570215392,0.7985403637867697,4.188852776752627,0.781418371341287
rf,6,48,0.87,23982,0.7930439741187673,0.8927876966868878,0.7970698713554785,4.21055885963239,0.782468309911225
rf,6,48,0.88,24257,0.7902780442024038,0.8907081344935166,0.7933609808529205,4.2386021516739385,0.7889645603524305
rf,6,48,0.89,24533,0.7936584661091862,0.892878795058683,0.7972325426654455,4.204303235695764,0.7724515666363435
rf,6,48,0.9,24808,0.7965257142089804,0.8946741991441273,0.8004419226141855,4.174990302494036,0.7818755653105884
rf,6,48,0.91,25084,0.7979959144394555,0.8958556779943224,0.8025573957946671,4.159879794661038,0.7778820060913253
rf,6,48,0.92,25360,0.8002699442064443,0.8967740257668672,0.8042036532901137,4.1363989226823685,0.7801475164866462
rf,6,48,0.93,25635,0.8025619794589449,0.8978171337535329,0.8060756056614091,4.1125964738019665,0.7713806060357122
rf,6,48,0.94,25911,0.7999844097765132,0.8964469665749951,0.8036171638815104,4.139354568203744,0.7760577725201887
rf,6,48,0.95,26187,0.7972301349195997,0.8947127011421449,0.800510817585073,4.167757203221911,0.7796441429992598
rf,6,48,0.96,26462,0.802722218526214,0.8977908704021715,0.8060284469774888,4.110927260382595,0.7659326762092906
rf,6,48,0.97,26738,0.8047475769044288,0.8989665347096145,0.8081408305278126,4.089770338005573,0.7678142649585685
rf,6,48,0.98,27014,0.7989039629208113,0.8956467620234237,0.8021831223230435,4.150519520838943,0.7723640757221825
rf,6,48,0.99,27289,0.7968584819934227,0.8946146545334024,0.8003353801059189,4.171574955048648,0.7704377299146383
rf,6,48,1.0,27565,0.8012421120039055,0.8970261670082779,0.8046559442975628,4.126319871096936,0.7622525342272554
rf,7,49,0.01,276,0.24755396874120073,0.5934706417218786,0.3522074025857784,8.02857340779163,1.879331341991432
rf,7,49,0.02,551,0.3269204893938965,0.6850496525982603,0.46929302652499716,7.593358245009122,1.5856943263652659
rf,7,49,0.03,827,0.4392107925836308,0.7275972700791932,0.5293977874266944,6.931073880087526,1.4164734085267332
rf,7,49,0.04,1103,0.43501204259867177,0.7319630023332958,0.5357698367847724,6.9569727169308,1.356854983558625
rf,7,49,0.05,1378,0.4932680628146666,0.7282789745115901,0.5303902647156533,6.58854995485545,1.3494278016746892
rf,7,49,0.06,1654,0.5160109365490072,0.7507426149063307,0.5636144738363951,6.439000795579437,1.2829689678185368
rf,7,49,0.07,1930,0.5428031215518992,0.7611302453337613,0.5793192503618316,6.2582417130395624,1.2437163404287053
rf,7,49,0.08,2205,0.560418404260981,0.7703273751271991,0.5934042648703605,6.136495997639537,1.2384371688520257
rf,7,49,0.09,2481,0.5932685888131224,0.790212311355822,0.6244354970183106,5.902752331978628,1.1885772577009828
rf,7,49,0.1,2756,0.615214495614065,0.7999459698822271,0.639913554730817,5.741297561259299,1.1682055564164817
rf,7,49,0.11,3032,0.6256069387345146,0.8045850066044421,0.6473570328526701,5.663235220882233,1.1446872303450328
rf,7,49,0.12,3308,0.6443480136953508,0.8162435281746624,0.6662534972870209,5.519672672389817,1.1022083419466042
rf,7,49,0.13,3583,0.6479542262374651,0.819627426553535,0.6717891183587705,5.491617397686381,1.091026339253683
rf,7,49,0.14,3859,0.6530999900413633,0.8164026477756136,0.6665132832950326,5.451334866463743,1.0736974783868865
rf,7,49,0.15,4135,0.6492217544925862,0.8166430108118143,0.6669058071077851,5.481722296605517,1.06930712493875
rf,7,49,0.16,4410,0.6489008841927922,0.817972133876182,0.6690784117979546,5.4842288942135236,1.0712926399087817
rf,7,49,0.17,4686,0.6631466498150973,0.825493214902832,0.6814390478506132,5.371816145379013,1.0480028239124561
rf,7,49,0.18,4962,0.6580918554456158,0.8226724427000763,0.6767899479781104,5.411970588932297,1.043280842802635
rf,7,49,0.19,5237,0.6779627660409955,0.8329696641048797,0.6938384613189962,5.252351090420237,1.0186487894239262
rf,7,49,0.2,5513,0.6877745057664406,0.8366944188724121,0.7000575505722435,5.171718590881933,0.9945464933852822
rf,7,49,0.21,5789,0.6770900424580679,0.8319024036856139,0.692061609257902,5.2594632327627515,0.9955218031136294
rf,7,49,0.22,6064,0.6884124661984841,0.838640441327458,0.7033177898299134,5.166432285027941,0.9729550632796667
rf,7,49,0.23,6340,0.6862911175724347,0.8363839266885754,0.6995380728230003,5.183989491196084,0.9894700016652992
rf,7,49,0.24,6616,0.6982785008840406,0.8429572399557704,0.7105769083938503,5.083979996595305,0.9706421593555224
rf,7,49,0.25,6891,0.7076507512391995,0.8487139457221641,0.7203153616632845,5.004396316708795,0.9497627916523279
rf,7,49,0.26,7167,0.7152488782408433,0.8524115418813941,0.7266054367326157,4.938936318412335,0.9476479239185509
rf,7,49,0.27,7443,0.7017368702525022,0.8464582011389943,0.7164914862754621,5.0547594171122805,0.9668806677246842
rf,7,49,0.28,7718,0.7060355884402721,0.8482683631974589,0.719559216001696,5.018201348644293,0.9563213582338107
rf,7,49,0.29,7994,0.7018116386695246,0.8441690872687438,0.712621447900144,5.054125815418788,0.9624209239841761
rf,7,49,0.3,8270,0.7165036598954322,0.8563948662270863,0.733412166900109,4.9280423683592645,0.9360610693574094
rf,7,49,0.31,8545,0.7150222273840815,0.8552251498223192,0.7314100568886084,4.940901528377416,0.9302682710351017
rf,7,49,0.32,8821,0.7206858203864137,0.8538629547705151,0.7290819455294347,4.891557876983647,0.9416476261733723
rf,7,49,0.33,9096,0.72189135289525,0.8555187265421492,0.7319122914643007,4.880990370758651,0.9299884786764474
rf,7,49,0.34,9372,0.7164893136460797,0.8521826845273386,0.7262153278082215,4.928167057852977,0.9372153059396545
rf,7,49,0.35,9648,0.7220209894078944,0.8555984303261477,0.7320486739765678,4.879852634965194,0.9263973061803389
rf,7,49,0.36,9923,0.7296561631595239,0.8585447237283965,0.7370990426418687,4.812369230064341,0.9138118773827141
rf,7,49,0.37,10199,0.735199414879488,0.8614061106909628,0.7420204875357314,4.762776201489411,0.8953150581227614
rf,7,49,0.38,10475,0.7338900201081076,0.86238063437846,0.7437003585509951,4.774537247677639,0.8929041677411418
rf,7,49,0.39,10750,0.7323698180137798,0.8615708346285926,0.7423043030826098,4.7881555362368085,0.8954351374498919
rf,7,49,0.4,11026,0.7415375724107645,0.8665521074607154,0.7509125549446073,4.705431052867327,0.888867310245801
rf,7,49,0.41,11302,0.7571437036593004,0.8720089783210574,0.7603996582725343,4.561160855183185,0.8679416314036876
rf,7,49,0.42,11577,0.7591543201258176,0.8731383579120128,0.7623705920572861,4.542240601768041,0.8733579347043402
rf,7,49,0.43,11853,0.7497494150738078,0.8674042012692872,0.7523900483796101,4.6300774450437325,0.8924492902340929
rf,7,49,0.44,12129,0.7417952061016078,0.8622752691549948,0.7435186397963186,4.703085296409117,0.9095906842192325
rf,7,49,0.45,12404,0.7482489881867673,0.866177312628248,0.7502631369118937,4.643936974329458,0.8827573604877079
rf,7,49,0.46,12680,0.7480647971544123,0.8655922733636878,0.7492499837069173,4.645635508012797,0.8813650441225555
rf,7,49,0.47,12956,0.7505997507442553,0.8684803776334028,0.7542581663342579,4.622204396065275,0.8868759475301452
rf,7,49,0.48,13231,0.7654749938781246,0.8763162204888111,0.7679301182917946,4.482241813329396,0.8547333496037313
rf,7,49,0.49,13507,0.7654517406554552,0.876371047178728,0.7680262123331404,4.482464015612367,0.8563217153270614
rf,7,49,0.5,13782,0.7655676308267811,0.8771801196522746,0.7694449623131788,4.4813564872343274,0.8428602602225121
rf,7,49,0.51,14058,0.7702569374475806,0.8797916286203475,0.7740333097904435,4.436310220561529,0.8450693454744881
rf,7,49,0.52,14334,0.7702186834554263,0.8794456597589809,0.7734246684689092,4.436679545125045,0.8398577849719265
rf,7,49,0.53,14609,0.7723124409616529,0.8801364766607637,0.774640217548823,4.416419871278073,0.8246569126029718
rf,7,49,0.54,14885,0.7651264622557835,0.8781652238999126,0.7711741604671836,4.485571144950509,0.8269186267521191
rf,7,49,0.55,15161,0.7712512347971785,0.8801483886962749,0.774661186124649,4.426699931640908,0.8364259825153806
rf,7,49,0.56,15436,0.7732618552301994,0.8812613317741254,0.776621534880305,4.407202432665801,0.8332665179127018
rf,7,49,0.57,15712,0.767903750580824,0.8780326673611378,0.7709413649533146,4.458972212639384,0.8319635581066506
rf,7,49,0.58,15988,0.7745369770163223,0.8815454108626449,0.7771223114129895,4.394792427430768,0.8262517261777924
rf,7,49,0.59,16263,0.7816120676422958,0.8859836873193037,0.7849670941959096,4.3252879264406525,0.8111874016849412
rf,7,49,0.6,16539,0.7822191746049465,0.8869087726449815,0.7866071709946274,4.319271705894681,0.8042183906009511
rf,7,49,0.61,16815,0.7868541316187381,0.8885692003407029,0.7895552237941161,4.273061702604065,0.8041523060848554
rf,7,49,0.62,17090,0.7773085104623917,0.8839246321734381,0.7813227553629478,4.36769712392079,0.8224108807645669
rf,7,49,0.63,17366,0.7833264301068414,0.8871061516731951,0.7869573243364257,4.308277552077913,0.8240587629849567
rf,7,49,0.64,17642,0.7845361625863637,0.8876919410396245,0.7879969821866961,4.296233724144044,0.8218068774364073
rf,7,49,0.65,17917,0.7807097635844715,0.8853544413109118,0.7838524867489568,4.334214019405692,0.823583174302162
rf,7,49,0.66,18193,0.7742151140884791,0.8811655155068313,0.7764526657184198,4.397928232738178,0.8242865717170923
rf,7,49,0.67,18469,0.7785782433237534,0.8835891507353679,0.7807297872972487,4.355227549062926,0.819820834517589
rf,7,49,0.68,18744,0.7794545301706469,0.8842419898134554,0.7818838965492589,4.346600998340783,0.8068191600578106
rf,7,49,0.69,19020,0.7825682080798373,0.886716022610347,0.7862653047539134,4.315809107813784,0.815665718277173
rf,7,49,0.7,19296,0.7734792240366068,0.8807580643472313,0.7757347679126816,4.405089382733253,0.8254771093313984
rf,7,49,0.71,19571,0.7860220712851558,0.8875338445687431,0.7877163252549738,4.281393982439797,0.8226796500620748
rf,7,49,0.72,19847,0.7861665411039873,0.8879772849717792,0.7885036586258524,4.279948420613949,0.813908750301838
rf,7,49,0.73,20122,0.7793261546979927,0.8841789072967814,0.7817723401085304,4.347865852662452,0.828543910882835
rf,7,49,0.74,20398,0.7903326156622059,0.8906672087789369,0.7932880767940623,4.238050655396366,0.8044878171931783
rf,7,49,0.75,20674,0.7859045813103797,0.8878900057650883,0.7883486623375284,4.28256922477414,0.8106383450706797
rf,7,49,0.76,20949,0.7821890105115071,0.8864276752704288,0.7857540234853367,4.319570819473669,0.8106773817238735
rf,7,49,0.77,21225,0.7821640230940826,0.8857931130009083,0.78462943903984,4.319818584345407,0.8120953582145813
rf,7,49,0.78,21501,0.7873524215028441,0.8887776917091976,0.7899257852799295,4.268064023522157,0.8062070694351601
rf,7,49,0.79,21776,0.7865413022496935,0.8883193842557666,0.7891113284445443,4.276196290880612,0.8076320464624326
rf,7,49,0.8,22052,0.7811249388231439,0.8848593616900293,0.7829760899704862,4.330109160724026,0.8160016297619402
rf,7,49,0.81,22328,0.7929670017982801,0.8914463950564924,0.7946766752592158,4.211341794932829,0.7891975838021241
rf,7,49,0.82,22603,0.788953797331415,0.8892500880026413,0.7907657190127052,4.251962991770637,0.7953166111899636
rf,7,49,0.83,22879,0.7939118609588335,0.8927017638557068,0.79691643919109,4.201720924614575,0.794217167771224
rf,7,49,0.84,23155,0.7981785010710352,0.8950232613560799,0.8010666383684737,4.1579993620274225,0.7807653367969118
rf,7,49,0.85,23430,0.7939200933453148,0.8926464730575226,0.7968177258620345,4.201637002909667,0.7882470084160765
rf,7,49,0.86,23706,0.7962766328445281,0.8947230260814437,0.8005292934003359,4.177544910860682,0.7821133928080477
rf,7,49,0.87,23982,0.7940929635302792,0.892607150133217,0.7967475244689434,4.19987436102061,0.782487343934561
rf,7,49,0.88,24257,0.7994204820306351,0.8962928838274197,0.8033409335996724,4.145185748322203,0.7778199266160961
rf,7,49,0.89,24533,0.7943691446025822,0.8931359919762096,0.797691900163328,4.197056790929812,0.7839915308631666
rf,7,49,0.9,24808,0.7975162245668537,0.8952344633648418,0.8014447443961363,4.1648160041945355,0.7773887349020774
rf,7,49,0.91,25084,0.7988676328455977,0.8954381442236725,0.8018094701307346,4.150894421008011,0.7677926389132997
rf,7,49,0.92,25360,0.8001594877554649,0.8968791791818987,0.8043922620499965,4.137542538228592,0.7666334869115319
rf,7,49,0.93,25635,0.7973827455064247,0.8950651584427318,0.8011416378581127,4.166188519449098,0.7733345478157205
rf,7,49,0.94,25911,0.7994518441025515,0.8966892790344378,0.8040516631353,4.144861670627393,0.7618356474167742
rf,7,49,0.95,26187,0.7971346698669023,0.8947667779884021,0.8006075869917464,4.168738188097306,0.768490094764934
rf,7,49,0.96,26462,0.7996122981871605,0.8966327816936794,0.8039503452077454,4.143203233379858,0.7683944988008106
rf,7,49,0.97,26738,0.7968153696643886,0.8949473540954069,0.8009307666023697,4.172017594182,0.7761972874739083
rf,7,49,0.98,27014,0.8013560649009878,0.8974965414095091,0.8055000418420306,4.12513684001597,0.7606636305933934
rf,7,49,0.99,27289,0.7970439525206218,0.8954794083595645,0.8018833707959957,4.1696701723764065,0.7706250769916787
rf,7,49,1.0,27565,0.7963660049389825,0.894541078125343,0.8002037404536511,4.176628479673249,0.7635325358207476
rf,8,50,0.01,276,0.25943824129600224,0.5640350198470716,0.3181355036138865,7.964918672990487,2.00648697253856
rf,8,50,0.02,551,0.28183388489994454,0.580887702177833,0.33743052254144285,7.843558856581771,1.711888818234574
rf,8,50,0.03,827,0.42428024355239,0.7053762687099876,0.4975556804592246,7.022734844407192,1.4994938641557438
rf,8,50,0.04,1103,0.43686398400996374,0.713316693733958,0.5088207055595453,6.945561428517795,1.4558530975926587
rf,8,50,0.05,1378,0.4778232899167305,0.7302962649959872,0.5333326346670891,6.688203111069823,1.3542276417640036
rf,8,50,0.06,1654,0.49663983618494156,0.7299636689884899,0.5328469580431375,6.566593399821854,1.397341337816769
rf,8,50,0.07,1930,0.5220591345042629,0.7469626370612652,0.5579531811655194,6.398641634395041,1.3875491890784097
rf,8,50,0.08,2205,0.5452419207813464,0.7563821751446855,0.5721139948766057,6.241527903461426,1.3232312545826637
rf,8,50,0.09,2481,0.5543112143127349,0.7623573906212582,0.5811887910348537,6.178976706121936,1.2927823218538237
rf,8,50,0.1,2756,0.5981089974181297,0.7949607266951776,0.6319625569877249,5.8675236180595896,1.2145348446156354
rf,8,50,0.11,3032,0.5999951518212798,0.7932962288130846,0.6293189066490619,5.853738697558832,1.2541612371664168
rf,8,50,0.12,3308,0.6104536085335475,0.8038952662212833,0.6462475990529879,5.776706431111461,1.215444933590671
rf,8,50,0.13,3583,0.6352927916227207,0.8157365668636999,0.6654261465185756,5.5894989417013985,1.1790340534392239
rf,8,50,0.14,3859,0.6382726009337945,0.8195180069069113,0.6716097636446764,5.566617845332883,1.127997024645357
rf,8,50,0.15,4135,0.6463268975292309,0.8246592801140685,0.6800629282782538,5.504295242010212,1.1278703280721916
rf,8,50,0.16,4410,0.6493079036049937,0.8263343751197386,0.682828499504529,5.481049115592842,1.1138030010221218
rf,8,50,0.17,4686,0.6660421742862553,0.8369009763121913,0.7004032441522989,5.348678784882222,1.0678534369033321
rf,8,50,0.18,4962,0.6588446577005174,0.8290017147098566,0.6872438429918825,5.406009355221904,1.0679793015563646
rf,8,50,0.19,5237,0.6566254386517267,0.8294652504838517,0.6880126017602388,5.423563926862395,1.065880656967527
rf,8,50,0.2,5513,0.6615133545603988,0.8333817684820216,0.6945251720382218,5.384823515235815,1.0445414379285118
rf,8,50,0.21,5789,0.6797654480235802,0.8460776576567557,0.7158474027859423,5.237629801700845,1.0066760368111858
rf,8,50,0.22,6064,0.7125176996798328,0.8607849858484345,0.7409507918620897,4.962565595133147,0.9724548447616259
rf,8,50,0.23,6340,0.7037532510988398,0.8557307435842352,0.732275105515228,5.037644320420799,0.9944376598207018
rf,8,50,0.24,6616,0.7092391346692108,0.8587861303898106,0.7375136177499046,4.99078293034904,0.9664317335066424
rf,8,50,0.25,6891,0.719186238858746,0.8637513783115554,0.7460664435351116,4.904671193968745,0.9452913105083468
rf,8,50,0.26,7167,0.716421833023341,0.8619524148053599,0.7429619653887912,4.928753518984472,0.9557705381454876
rf,8,50,0.27,7443,0.7257736128606702,0.8681850429305099,0.7537452687682513,4.846802527296073,0.9374704265704876
rf,8,50,0.28,7718,0.7296269953395675,0.8716989198971277,0.759859006949819,4.812628830088934,0.9199620974659395
rf,8,50,0.29,7994,0.7325326617558965,0.8725415807787404,0.7613288101878632,4.786698600767063,0.9134219288073311
rf,8,50,0.3,8270,0.7439825462362131,0.8775966049457051,0.770175801012228,4.68312221491483,0.9058833918506944
rf,8,50,0.31,8545,0.735732520411587,0.8746561450554213,0.7650233720832103,4.757979494639892,0.9059106820912058
rf,8,50,0.32,8821,0.7359496172122733,0.8766797564739661,0.7685673954112525,4.756024743422792,0.9041703445687577
rf,8,50,0.33,9096,0.7360008459395302,0.8778689358324551,0.7706538684996072,4.755563360048812,0.8896381481873963
rf,8,50,0.34,9372,0.7358149504774594,0.8733784243245071,0.7627898720755587,4.75723738450161,0.8939014069453246
rf,8,50,0.35,9648,0.7413841272208754,0.8763645771707537,0.7680148721196739,4.706827616839965,0.884050627155947
rf,8,50,0.36,9923,0.7387805840497768,0.8733776690187747,0.7627885527406684,4.730460623262583,0.8813582801377116
rf,8,50,0.37,10199,0.7380729161322181,0.8712266038619285,0.7590357952767898,4.736863920342662,0.879164505252293
rf,8,50,0.38,10475,0.7339842363442177,0.8701699067902072,0.757195666683278,4.773691960416628,0.8945140489703863
rf,8,50,0.39,10750,0.7387199202135755,0.8709256763616007,0.7585115337459116,4.731009876518557,0.872443072140789
rf,8,50,0.4,11026,0.7358848756037356,0.8719525978039854,0.7603013328171186,4.756607764392469,0.8774080606028187
rf,8,50,0.41,11302,0.7454360801139754,0.8735610912199123,0.763108980093324,4.669809126338736,0.8841615702169595
rf,8,50,0.42,11577,0.7371540736281883,0.8687118459526615,0.7546602712984807,4.7451651265979375,0.8948228393621884
rf,8,50,0.43,11853,0.7444340290256777,0.8737303689032789,0.7634047575438598,4.678991086298136,0.8800207853863004
rf,8,50,0.44,12129,0.7509627508470271,0.8761168726903658,0.7675807746127465,4.618839380094397,0.8788392493100727
rf,8,50,0.45,12404,0.7434549680842076,0.8713575498656497,0.7592639797078683,4.687945013869573,0.8824591729878579
rf,8,50,0.46,12680,0.7482451842759601,0.8735276127699844,0.7630504902716277,4.643972058707449,0.874649455030943
rf,8,50,0.47,12956,0.7568344217531586,0.8741290762195215,0.764101641892394,4.5640642916957,0.8866427999125098
rf,8,50,0.48,13231,0.7572335359917047,0.8735759604430567,0.763134958664009,4.560317192445452,0.8861053931105043
rf,8,50,0.49,13507,0.7694775416854001,0.8805392219403453,0.7753493213753087,4.443828867321322,0.8672756433403443
rf,8,50,0.5,13782,0.7686807083392021,0.8815165119236527,0.7770713607940433,4.4515026019019395,0.858270727937407
rf,8,50,0.51,14058,0.764548678863171,0.8786935083282152,0.7721022815781473,4.491084955963471,0.8684338654113891
rf,8,50,0.52,14334,0.7590539708679033,0.8749552843910264,0.7655467496837819,4.543186774032779,0.8703189599434442
rf,8,50,0.53,14609,0.7764109996644237,0.8852232669023528,0.7836202322652741,4.3764898118241025,0.8403080938295098
rf,8,50,0.54,14885,0.7697545376589109,0.8811735443488408,0.7764668152602985,4.441158210622672,0.8477934329205771
rf,8,50,0.55,15161,0.7722004692283584,0.8815256193206591,0.7770874175186716,4.417505686873743,0.8458262196234045
rf,8,50,0.56,15436,0.7759296026331255,0.8851578770287243,0.7835044672659982,4.381198666899149,0.8354564694988598
rf,8,50,0.57,15712,0.7737277873791796,0.8825106318612181,0.7788250153480865,4.402671846693715,0.8491591847560934
rf,8,50,0.58,15988,0.769786643635249,0.8820065345687308,0.7779355270219417,4.440848556981697,0.8564231652730642
rf,8,50,0.59,16263,0.7737445404574868,0.8823314773060033,0.7785088358449941,4.402508857896589,0.8418775440202332
rf,8,50,0.6,16539,0.7842327028896277,0.8897249045462282,0.7916104057697949,4.299258071701257,0.8314994699746449
rf,8,50,0.61,16815,0.7748249842394315,0.8832424450443831,0.7801172167279801,4.3919845691457295,0.8436745604031763
rf,8,50,0.62,17090,0.7826664289211688,0.8877362378678056,0.7880756280236852,4.31483420372729,0.8162544092409657
rf,8,50,0.63,17366,0.7791478660740476,0.887069991611367,0.7868931700173908,4.349621879777231,0.8264081170922076
rf,8,50,0.64,17642,0.7853563983489742,0.8890659106625995,0.7904381935023175,4.288048395371368,0.8212402572826142
rf,8,50,0.65,17917,0.7821570074484342,0.8874971267151814,0.7876511499277028,4.319888146024052,0.8174137605282499
rf,8,50,0.66,18193,0.7860247628444011,0.889145369365971,0.790579487864949,4.281367055219161,0.8203408465959837
rf,8,50,0.67,18469,0.7866068727205593,0.8895718087079568,0.7913380028479458,4.27553945716204,0.8073020305970594
rf,8,50,0.68,18744,0.793493581792746,0.8932492231250481,0.7978941746135019,4.205982696978455,0.8056760298753249
rf,8,50,0.69,19020,0.7887100545319741,0.8903633993603366,0.7927469829204943,4.25441763507893,0.8040149735778284
rf,8,50,0.7,19296,0.79426727160231,0.8942949259672045,0.7997634146106878,4.198096308622675,0.7859049412904074
rf,8,50,0.71,19571,0.792361408622269,0.8929833534931679,0.7974192696159041,4.217496604988158,0.7935315865365954
rf,8,50,0.72,19847,0.7910495713142902,0.8910236266622161,0.7939231032702883,4.23079846317492,0.808879066389443
rf,8,50,0.73,20122,0.7821139421705418,0.8869169364591871,0.7866216521781497,4.320315123242373,0.8220910789995559
rf,8,50,0.74,20398,0.7865300921643396,0.8902755345584212,0.7925905274332827,4.276308574653934,0.8133308420752655
rf,8,50,0.75,20674,0.7870055002104211,0.8889263492904738,0.7901900544628894,4.271544145138189,0.8052885130076695
rf,8,50,0.76,20949,0.7862821832351432,0.8888795338849959,0.7901068257596074,4.278790956075806,0.8012880472458536
rf,8,50,0.77,21225,0.7939707282923403,0.8935925966329722,0.7985077287572577,4.20112078873683,0.7882836508254489
rf,8,50,0.78,21501,0.7929499440409596,0.8925392934673241,0.7966263903831501,4.21151528072337,0.7856043079578864
rf,8,50,0.79,21776,0.7846803839560174,0.8870269926372935,0.786816885667161,4.294795634953667,0.8028764737459648
rf,8,50,0.8,22052,0.7953797490039088,0.8940102372870231,0.7992543043739994,4.1867305479215515,0.7846592369912833
rf,8,50,0.81,22328,0.7892692153154028,0.8905179298522697,0.793022183388372,4.248784429320307,0.7906253462375666
rf,8,50,0.82,22603,0.7936929546272078,0.8927853025989595,0.7970655965367157,4.2039518613393225,0.782030972205779
rf,8,50,0.83,22879,0.7891968316683844,0.8904841029928993,0.7929619376830684,4.249514071427506,0.7966266721313873
rf,8,50,0.84,23155,0.7889807786531571,0.8899735169482964,0.7920528608693196,4.251691185770279,0.7962133125583902
rf,8,50,0.85,23430,0.7878117057346012,0.889398665154987,0.7910299855794727,4.263452369530077,0.7941467002586339
rf,8,50,0.86,23706,0.798557581368585,0.8951525884504917,0.8012981566096155,4.154092552076246,0.7824504417832662
rf,8,50,0.87,23982,0.7942250639675776,0.8935415144474619,0.7984164380410638,4.198526922239235,0.7847551335199471
rf,8,50,0.88,24257,0.800536971273958,0.8971230564401569,0.8048297783965289,4.133632939641696,0.7713582745233092
rf,8,50,0.89,24533,0.793223297192861,0.8931040902621502,0.797634916042983,4.208734283650883,0.7849093254577664
rf,8,50,0.9,24808,0.7961078936224955,0.8944868187246298,0.8001066688721087,4.179274633332629,0.7751480665183985
rf,8,50,0.91,25084,0.7974738878129515,0.8954933420415303,0.8019083256407092,4.165251386175122,0.7655913153605247
rf,8,50,0.92,25360,0.8023477054806489,0.8977308091653823,0.805920605724732,4.114827511783603,0.7715901786259561
rf,8,50,0.93,25635,0.7977396802918487,0.8955139319590221,0.801945202332708,4.162517279567875,0.7714718606595452
rf,8,50,0.94,25911,0.7961017935641932,0.8945191894441713,0.8001645802838572,4.179337150780458,0.776404788953478
rf,8,50,0.95,26187,0.7919848876037822,0.8924093344246969,0.7963944201683306,4.2213187675020984,0.7764497985789243
rf,8,50,0.96,26462,0.7993608681555129,0.8962736248843339,0.8033064106633038,4.145801694132538,0.7637573407366239
rf,8,50,0.97,26738,0.7941869551569223,0.8939758501514135,0.7991928206539425,4.198915680616177,0.7677559557211531
rf,8,50,0.98,27014,0.7910601670724453,0.8914970893515931,0.7947670603223624,4.230691191115412,0.782742871801238
rf,8,50,0.99,27289,0.79302221855102,0.8927105767334141,0.7969321738117049,4.210780164353751,0.7746550332376978
rf,8,50,1.0,27565,0.8018863009526238,0.8976244724830276,0.8057296936004336,4.119627590899811,0.7618726842783003
rf,9,51,0.01,276,0.3470162267363227,0.6719199807332384,0.4514764605085555,7.479144072984835,1.779517187670627
rf,9,51,0.02,551,0.4799260488582603,0.7132430994812151,0.5087157189575705,6.6747231286268525,1.5510368443528877
rf,9,51,0.03,827,0.5267264821902884,0.7448843045777352,0.5548526272062563,6.367321907696913,1.4200843519287045
rf,9,51,0.04,1103,0.5697891172017551,0.7766718107122923,0.6032191015551108,6.070736752647671,1.3082909338536095
rf,9,51,0.05,1378,0.5701144586821947,0.7771033057294457,0.6038895477756324,6.0684408599742765,1.2318614504602101
rf,9,51,0.06,1654,0.5712636648765629,0.7828391029717908,0.6128370611416781,6.060324098425914,1.2086728537264693
rf,9,51,0.07,1930,0.59281438002211,0.7979875660234754,0.6367841555280706,5.906047299903074,1.1594417537635158
rf,9,51,0.08,2205,0.5942081756392208,0.7950402899191973,0.6320890625948012,5.8959304405425215,1.1295981103627541
rf,9,51,0.09,2481,0.5978322369674999,0.795873883197042,0.6334152379551389,5.86954359237326,1.1263886227897355
rf,9,51,0.1,2756,0.6131347940081089,0.8071395725101609,0.6514742895118852,5.756792032070366,1.0984779351615606
rf,9,51,0.11,3032,0.6209103405507728,0.8101629192254423,0.6563639556878905,5.698645925876452,1.0833833164607398
rf,9,51,0.12,3308,0.6236083647692975,0.813441898157661,0.6616877216783386,5.678330759426281,1.0579461401294263
rf,9,51,0.13,3583,0.6302528618309525,0.8168869370550289,0.6673042679311467,5.627987385099382,1.0533721991895713
rf,9,51,0.14,3859,0.6342157805263946,0.8189929342180008,0.6707494262990106,5.59774598815203,1.0357222968619397
rf,9,51,0.15,4135,0.6359188258727249,0.8227096118412457,0.6768511054159732,5.584699583992197,1.024598838141319
rf,9,51,0.16,4410,0.6449369021306175,0.8287359589949124,0.6868032897312171,5.5151010431343614,1.0080761131989966
rf,9,51,0.17,4686,0.6436676864323936,0.8285452706666531,0.6864872655440774,5.524949445523987,1.0050220462138124
rf,9,51,0.18,4962,0.6584057119503759,0.8376115160142199,0.7015930517596398,5.409486044201867,0.9835291011477669
rf,9,51,0.19,5237,0.6692837642741178,0.8392936986138846,0.7044139125329741,5.322656782345744,0.9795736568295286
rf,9,51,0.2,5513,0.6834256118732412,0.8446296616480276,0.7133992653356616,5.207611684307632,0.9549462695965503
rf,9,51,0.21,5789,0.6860574388405241,0.8400059272521988,0.7056099578188263,5.18591988375831,0.9726001106133272
rf,9,51,0.22,6064,0.6836275888638481,0.8359397293633943,0.698795231128145,5.205950170306071,0.9716393031159549
rf,9,51,0.23,6340,0.680972234742879,0.8354093761011974,0.6979088256777918,5.227751623191435,0.9738833386399167
rf,9,51,0.24,6616,0.6818637217148966,0.8357905255509629,0.6985458026007547,5.220442333341915,0.9903389420259006
rf,9,51,0.25,6891,0.6886395160728678,0.8368861468339215,0.700378422762528,5.164549585230327,0.9814936251090608
rf,9,51,0.26,7167,0.6898277995399678,0.8378237554927362,0.7019486452679523,5.154685110283915,0.9826500507849718
rf,9,51,0.27,7443,0.6841503578224611,0.8348553467448016,0.6969834499883828,5.2016472756348415,0.9874215108843635
rf,9,51,0.28,7718,0.6914274452250674,0.8386446670148017,0.7033248775123676,5.141375844337799,0.9814311158399784
rf,9,51,0.29,7994,0.6927181844387718,0.839643785991139,0.7050016873535336,5.130611553187921,0.9826913382067196
rf,9,51,0.3,8270,0.6936280334094886,0.8411282743738383,0.707496773951111,5.123010155985834,0.9766195947413635
rf,9,51,0.31,8545,0.6941918239028896,0.8405239851369776,0.7064805695905461,5.118294263641819,0.9784438766878997
rf,9,51,0.32,8821,0.7026407764778598,0.8475796015910255,0.7183911810332015,5.0470942131526675,0.9611974879569092
rf,9,51,0.33,9096,0.7068333296202238,0.8490898937169732,0.7209536476123009,5.011387691409972,0.9513534842445547
rf,9,51,0.34,9372,0.7068324435113408,0.8487253983699387,0.7203348018382111,5.011395264971777,0.9458845893959883
rf,9,51,0.35,9648,0.7082391935910863,0.8495936083004908,0.7218092992650478,4.999357340088745,0.9420719683993841
rf,9,51,0.36,9923,0.7170745147696315,0.8529696919588472,0.7275572954003707,4.923078257336386,0.9313982065306554
rf,9,51,0.37,10199,0.7098921254984499,0.851490849268297,0.7250366663876456,4.985175629539198,0.9364660693926974
rf,9,51,0.38,10475,0.7121872410971326,0.8520837227734591,0.7260466706154771,4.9654169904931,0.931151964891302
rf,9,51,0.39,10750,0.7172619997721761,0.8565872715476557,0.7337417537774572,4.921446809571631,0.92021748754023
rf,9,51,0.4,11026,0.7137684088207226,0.8533508857684039,0.7282077342417195,4.951758857545701,0.9219188756483531
rf,9,51,0.41,11302,0.7125335084834419,0.8535511704329971,0.7285496005475393,4.9624291462050465,0.9251171787113263
rf,9,51,0.42,11577,0.7181758721440605,0.8560685854832157,0.7328534230512338,4.9134867645090345,0.903935692129674
rf,9,51,0.43,11853,0.7314972390473682,0.8643880604949356,0.7471667191261964,4.795954813217411,0.8942448760315954
rf,9,51,0.44,12129,0.7312374337934168,0.8626988886836324,0.7442493725359745,4.798274552847565,0.8897796013295649
rf,9,51,0.45,12404,0.7301958011432905,0.8629424906246724,0.7446697421255128,4.807563804311647,0.8900107128071116
rf,9,51,0.46,12680,0.7370030980081588,0.8657193496900595,0.7494699924277795,4.746527714584371,0.8852221403548207
rf,9,51,0.47,12956,0.7345284470300142,0.8640189996214772,0.7465288317068982,4.7688064901290765,0.8893726812936572
rf,9,51,0.48,13231,0.7352603744067271,0.8637000483659628,0.7459777735473665,4.76222795251761,0.8825147777194842
rf,9,51,0.49,13507,0.7355665562613618,0.8635143951284702,0.7456571105940877,4.759473303270759,0.88188195367138
rf,9,51,0.5,13782,0.7375605308719303,0.8665007408424296,0.7508235338804793,4.741494814932736,0.8788108753005069
rf,9,51,0.51,14058,0.741087919625291,0.867156833246824,0.7519609734466601,4.70952234530139,0.8797767476954864
rf,9,51,0.52,14334,0.7348821360004731,0.8634948121918004,0.7456232906821526,4.7656286799184295,0.8881565471521788
rf,9,51,0.53,14609,0.7441265659382339,0.8694781639432334,0.7559922775740963,4.681804811090597,0.87071984943711
rf,9,51,0.54,14885,0.7410706092985069,0.8666593889452593,0.7510984964469702,4.709679777137132,0.870083011771663
rf,9,51,0.55,15161,0.7411744296413957,0.8669740246737012,0.7516439594589155,4.708735485739241,0.8702627501805352
rf,9,51,0.56,15436,0.7448794739694187,0.8682903331080584,0.753928102568903,4.674911627094812,0.8638551543010125
rf,9,51,0.57,15712,0.7539274770556965,0.8750090989556634,0.7656409232552018,4.5912640006643155,0.8432419470045012
rf,9,51,0.58,15988,0.7463130522998586,0.869743340889514,0.7564534790216534,4.661758445244041,0.8558905774919635
rf,9,51,0.59,16263,0.753580979737601,0.8743889964688081,0.7645561171457292,4.594495367195794,0.8428052178140436
rf,9,51,0.6,16539,0.749892062333647,0.8725365371396427,0.7613200086436391,4.628757643919194,0.8508509781106157
rf,9,51,0.61,16815,0.7464534888172839,0.8703494882312354,0.7575082316643733,4.660467933932627,0.8498265581026796
rf,9,51,0.62,17090,0.7521877180788312,0.8739859341761474,0.7638514131377532,4.607465777065573,0.8413404117385234
rf,9,51,0.63,17366,0.746063896198554,0.8691753118380262,0.7554657227087301,4.664047133171543,0.8539826155176119
rf,9,51,0.64,17642,0.7539171327135321,0.8751650791078853,0.7659139156899112,4.591360502919221,0.8419510574967142
rf,9,51,0.65,17917,0.7445901752181516,0.8671530272455847,0.7519543726611818,4.677561478375512,0.856044318877112
rf,9,51,0.66,18193,0.7439900232298645,0.8681445866682194,0.7536750233613334,4.683053829087581,0.8532319309602023
rf,9,51,0.67,18469,0.7512562788748252,0.8728817733828832,0.7619225903040471,4.616116577489915,0.8364535942964049
rf,9,51,0.68,18744,0.7582545955458437,0.8771987238549545,0.7694776011327606,4.55071689229315,0.8298208155763728
rf,9,51,0.69,19020,0.7537015979582462,0.8749742720667717,0.765579976778777,4.5933707630813485,0.8351846354437159
rf,9,51,0.7,19296,0.754015548710022,0.8741663887827014,0.764166875277389,4.5904422989995055,0.8400340774466584
rf,9,51,0.71,19571,0.7556348035035718,0.8758088934320741,0.7670412178147142,4.5753084792721825,0.8292120682241125
rf,9,51,0.72,19847,0.7572904984829228,0.8773982939110214,0.7698277661579711,4.55978214682301,0.8321424395816582
rf,9,51,0.73,20122,0.7652638535853341,0.881279536914786,0.7766536221847397,4.484259016006409,0.8073506429685842
rf,9,51,0.74,20398,0.7618484303825698,0.8796392332277673,0.7737651806335344,4.516764306145721,0.8151719533118184
rf,9,51,0.75,20674,0.7612684706381063,0.879386698199357,0.7733209649699669,4.5222606977992035,0.8227274248052616
rf,9,51,0.76,20949,0.7617273611984549,0.8797677723807918,0.7739913333198608,4.5179122546738295,0.8172283825506149
rf,9,51,0.77,21225,0.7623664132362256,0.8804998343266925,0.775279958249333,4.511849620883362,0.8122134229569614
rf,9,51,0.78,21501,0.7612887386844813,0.8796256353487522,0.7737412583626959,4.522068726224956,0.8219597853165176
rf,9,51,0.79,21776,0.7654030012627531,0.8825292887529119,0.7788579455067206,4.4829297219578494,0.8165176392265416
rf,9,51,0.8,22052,0.7568094487674342,0.8762663335013643,0.7678426872279241,4.564298649261838,0.8217711330380119
rf,9,51,0.81,22328,0.7628846547872367,0.8800114310538533,0.7744201187854507,4.50692711772137,0.8135186002950134
rf,9,51,0.82,22603,0.7651704693110334,0.881867681225896,0.7776906071907385,4.485150905986443,0.8039352643028412
rf,9,51,0.83,22879,0.7669452289009792,0.8826239125429426,0.7790249709926119,4.468170159337368,0.8011042193573248
rf,9,51,0.84,23155,0.768050764168203,0.8838688929078427,0.7812242198501355,4.4575597957189705,0.7972270381158573
rf,9,51,0.85,23430,0.7688939769412326,0.88279016844339,0.7793184815003088,4.449450060905963,0.7874632734173637
rf,9,51,0.86,23706,0.7669359481067155,0.8796760315759196,0.7738299205291582,4.468259125023323,0.8090472831873575
rf,9,51,0.87,23982,0.7688189576147293,0.8805301411623628,0.7753333294954107,4.450172170305318,0.8048250626035206
rf,9,51,0.88,24257,0.7825252923086802,0.8858632885770727,0.784753766048586,4.316235004910048,0.7983210803773303
rf,9,51,0.89,24533,0.7807794598078084,0.8851233457376275,0.7834433371697717,4.333525200881081,0.7914003888001354
rf,9,51,0.9,24808,0.7904901542781975,0.8909030200349897,0.7937081911074652,4.236458175719672,0.7835592746548384
rf,9,51,0.91,25084,0.7878108548495366,0.8897484731275208,0.7916523454327546,4.263460917844018,0.7819567001506516
rf,9,51,0.92,25360,0.7971265649815232,0.894866604328091,0.800786239541688,4.168821462079381,0.7703469590372817
rf,9,51,0.93,25635,0.7960294116642701,0.8930353057423795,0.7975120573023853,4.180078897180672,0.7645191079134614
rf,9,51,0.94,25911,0.7866483086949452,0.8881497586989148,0.7888099938769405,4.275124331926593,0.7814245365579113
rf,9,51,0.95,26187,0.7962858147055115,0.8940921355907503,0.7994007469252286,4.1774507683247375,0.7709361844547109
rf,9,51,0.96,26462,0.7927923792608744,0.8916301692971141,0.7950043588008004,4.213117454354516,0.7767758078834405
rf,9,51,0.97,26738,0.8031333915070522,0.897993985149679,0.8063931973650019,4.106640959441271,0.7654941037209294
rf,9,51,0.98,27014,0.8011582992524803,0.8967463305237819,0.804153981307868,4.127189778133921,0.76646379429019
rf,9,51,0.99,27289,0.7951357396499874,0.8934857055608962,0.7983167060416526,4.18922613921317,0.7773932722037123
rf,9,51,1.0,27565,0.8007168480592606,0.8962621986438105,0.8032859287178372,4.131768653517422,0.7701993078121268
rf,10,52,0.01,276,0.2564029364721424,0.5864664494968007,0.3439428963853835,7.98122469623284,1.9740596586858443
rf,10,52,0.02,551,0.43635300571356106,0.6992495732125231,0.4889499656378957,6.9487118454070815,1.6312114288739203
rf,10,52,0.03,827,0.5299397366184277,0.7526253873494303,0.56644497368288,6.345669870827604,1.42392413856049
rf,10,52,0.04,1103,0.5297622696564324,0.7635840859804168,0.5830606563625486,6.346867632657283,1.3674597026069564
rf,10,52,0.05,1378,0.5511056580877294,0.7738012572361048,0.5987683857001764,6.201157620798376,1.2923552524758068
rf,10,52,0.06,1654,0.580903558656674,0.7921816707832199,0.6275517995248938,5.991805278793411,1.2430017341909143
rf,10,52,0.07,1930,0.6028064487602465,0.7979633888976992,0.6367455700211008,5.833131929036568,1.1982885874423435
rf,10,52,0.08,2205,0.6150996325738756,0.8059312726285148,0.6495252162006175,5.742154420052017,1.1745926772867277
rf,10,52,0.09,2481,0.6353941540181198,0.8112866579920075,0.6581860414358406,5.588722148207387,1.125226557717028
rf,10,52,0.1,2756,0.6461436622143523,0.8152792362842456,0.6646802331162227,5.505720923895671,1.1279554824385405
rf,10,52,0.11,3032,0.6599557751510403,0.8298063283306663,0.6885785425376215,5.397198691251296,1.073909024541264
rf,10,52,0.12,3308,0.6586665612735414,0.8294786251227997,0.68803478953561,5.40742024523323,1.0612557255942139
rf,10,52,0.13,3583,0.6572651441174976,0.830834134614818,0.6902853592411535,5.418509532486387,1.0605314548746367
rf,10,52,0.14,3859,0.6761211869623652,0.835569776334847,0.6981768511242662,5.267347541099281,1.0183841129977957
rf,10,52,0.15,4135,0.6678141979999503,0.8335346529717828,0.6947800177047903,5.334469517667663,1.017284882915257
rf,10,52,0.16,4410,0.6792477139341629,0.8367083395623128,0.7000808454931225,5.241862018899549,0.9997488626285798
rf,10,52,0.17,4686,0.669330299658683,0.836056071374468,0.6989897544821095,5.3222822912150285,1.020645849096603
rf,10,52,0.18,4962,0.6719963293445919,0.8371571218778686,0.7008320467108365,5.300783377131339,1.0065693134150029
rf,10,52,0.19,5237,0.6775055159309658,0.8380048337728848,0.7022521014267203,5.2560785883051455,0.9940348216452427
rf,10,52,0.2,5513,0.6792489070528263,0.8420561570497977,0.7090585716254737,5.241852269679524,0.9734686764568761
rf,10,52,0.21,5789,0.6772951417948055,0.8375140016578344,0.7014297029729191,5.257792668355438,0.9928944158312915
rf,10,52,0.22,6064,0.681945072962364,0.8382733075357648,0.7027021381269509,5.219774825927397,0.9918146539751582
rf,10,52,0.23,6340,0.6799425054650123,0.8395298331632249,0.7048103407710723,5.2361816607274125,0.9899587064809483
rf,10,52,0.24,6616,0.6815247346974562,0.8388826125154817,0.7037240375807998,5.223222888620367,0.9954483526851058
rf,10,52,0.25,6891,0.6770105785807418,0.834966756053837,0.6971694837150677,5.260110335186069,0.9827422246730555
rf,10,52,0.26,7167,0.6779733673411437,0.8364571220890596,0.6996605170935121,5.252264637360182,0.992652453003454
rf,10,52,0.27,7443,0.6833530490055437,0.8383210186329116,0.7027821302817225,5.208208475457898,0.9692859942810436
rf,10,52,0.28,7718,0.6930561562887103,0.8442768974748396,0.7128034796097408,5.127789259044061,0.9671662026295534
rf,10,52,0.29,7994,0.6943450419431567,0.8449781907853656,0.7139881429029098,5.117011902131144,0.953101768144824
rf,10,52,0.3,8270,0.710546778216826,0.8524759332818228,0.7267152168247148,4.979547719599209,0.9388226035170539
rf,10,52,0.31,8545,0.708157821927464,0.8487627691033292,0.7203982382159513,5.000054448223942,0.9365336702907862
rf,10,52,0.32,8821,0.7035593998185043,0.8451797550330924,0.714328818317798,5.03929226103691,0.9424212648509619
rf,10,52,0.33,9096,0.7141770991355701,0.848088255244584,0.7192536886838026,4.948222457558281,0.955678810532898
rf,10,52,0.34,9372,0.7196561631958949,0.8515388814385405,0.7251184666016007,4.900565644790824,0.946242851015793
rf,10,52,0.35,9648,0.7146952498529799,0.8488116144345984,0.7204811567990693,4.943735259264546,0.9464735241997808
rf,10,52,0.36,9923,0.7221793158446524,0.853583748820515,0.728605216250484,4.878462746351517,0.9350126848236993
rf,10,52,0.37,10199,0.7201866233056906,0.8519095560360526,0.7257498916655442,4.895927081145788,0.947272340858981
rf,10,52,0.38,10475,0.7157674531261149,0.8488832532180991,0.7206027775941434,4.93443699375846,0.948583419708469
rf,10,52,0.39,10750,0.7282291925457003,0.856614662115446,0.7337886793511598,4.825053209902235,0.9231408099564162
rf,10,52,0.4,11026,0.7293066198477016,0.8577480519108641,0.7357317205568824,4.815479321490499,0.9191043088267444
rf,10,52,0.41,11302,0.7342482648949104,0.858979336200094,0.7378455000187542,4.771322356729219,0.914383915196717
rf,10,52,0.42,11577,0.7365679141551005,0.861923771507774,0.7429125878901854,4.7504531570749435,0.905507299769553
rf,10,52,0.43,11853,0.7364341462831034,0.8608011790927363,0.7409786699274451,4.751659117538454,0.8978389546746929
rf,10,52,0.44,12129,0.7408020149186516,0.86345163746128,0.7455487302345656,4.712121882362751,0.894423577195194
rf,10,52,0.45,12404,0.7415781074535026,0.8651154894632995,0.7484248101093243,4.705062058562234,0.8902792868639685
rf,10,52,0.46,12680,0.7308977269156561,0.8560650263417229,0.7328473293254547,4.8013060243555366,0.9103304866217594
rf,10,52,0.47,12956,0.7404519353566157,0.8616881645035991,0.7425064928455817,4.715302965996605,0.8938911477272314
rf,10,52,0.48,13231,0.7385504519828641,0.8602897363634684,0.7400984304923259,4.732543912159208,0.9003582372197032
rf,10,52,0.49,13507,0.7466157459658117,0.8653290758584998,0.7487944095261253,4.658976461510796,0.892634815274268
rf,10,52,0.5,13782,0.7386118234266921,0.8606076838979578,0.7406455855842073,4.731988431950152,0.89155788230983
rf,10,52,0.51,14058,0.7447611741453163,0.8641268166678373,0.7467151552844901,4.675995383731535,0.8782404722608061
rf,10,52,0.52,14334,0.754304741136095,0.8695219029589546,0.7560683397253617,4.58774312117769,0.8808735565480023
rf,10,52,0.53,14609,0.7538879966694696,0.869875515426817,0.7566834123390704,4.591632301854147,0.8819717465096759
rf,10,52,0.54,14885,0.7557865589679928,0.8710422890600452,0.7587146693309633,4.573887581565926,0.8660489981390895
rf,10,52,0.55,15161,0.7542172095486196,0.8701541194552925,0.7571681916050155,4.588560264903671,0.8632364756993565
rf,10,52,0.56,15436,0.7607952048420041,0.8739279527633518,0.7637500666211432,4.52674098504195,0.86408995060895
rf,10,52,0.57,15712,0.7617460988921854,0.8741346813462375,0.7641114411322882,4.5177346075026374,0.8571231381626901
rf,10,52,0.58,15988,0.7611167717766195,0.8742799827451269,0.7643654882288193,4.523697275646144,0.8548297876844958
rf,10,52,0.59,16263,0.760727844018771,0.8737894437468194,0.7635079920033762,4.527378312431596,0.8531927350306585
rf,10,52,0.6,16539,0.7600660251129925,0.8732735418056058,0.7626066788177072,4.533635278456426,0.8496306084138642
rf,10,52,0.61,16815,0.7683159219035706,0.878131173323499,0.771114357562505,4.4550111896750995,0.8327589086031731
rf,10,52,0.62,17090,0.7596583677064461,0.8738400840552079,0.7635964925016128,4.537485057626385,0.8487035284378333
rf,10,52,0.63,17366,0.7851146892378431,0.8867399684800833,0.7863077717000592,4.2904620912236995,0.8232021133564008
rf,10,52,0.64,17642,0.7810982891390745,0.8846341562149949,0.782577590342216,4.330372764371077,0.8321263085050575
rf,10,52,0.65,17917,0.7790794761756237,0.8832064395786893,0.7800536149132649,4.350295287744553,0.8299378002415593
rf,10,52,0.66,18193,0.7753780166757227,0.8813792862509967,0.7768294462323164,4.386587871137004,0.832484563681183
rf,10,52,0.67,18469,0.7764628626193251,0.8822548282697807,0.7783735820053403,4.37598220443472,0.823465573200312
rf,10,52,0.68,18744,0.7824518277209684,0.8858806772358557,0.7847845742998584,4.3169639716347525,0.8156202648059598
rf,10,52,0.69,19020,0.7775558866614907,0.8829147329211038,0.779538425609144,4.365270527960574,0.8222124193907503
rf,10,52,0.7,19296,0.7809442191506999,0.8852690618705054,0.7837013119050846,4.331896423378639,0.8191539875738217
rf,10,52,0.71,19571,0.7797975393341212,0.884643116694239,0.7825934439144969,4.3432196001091565,0.8148847855857039
rf,10,52,0.72,19847,0.7840542721896643,0.8865721443086647,0.7860101670640638,4.3010353593364945,0.816481919255436
rf,10,52,0.73,20122,0.7846383606312928,0.8872956775360251,0.7872936193741139,4.295214716107877,0.8139241578811017
rf,10,52,0.74,20398,0.7903914095488462,0.8905219716350067,0.7930293819646996,4.237456407175781,0.7947792317287959
rf,10,52,0.75,20674,0.7859188203299294,0.8879267058129781,0.7884138348958869,4.282426810234804,0.8003283852481025
rf,10,52,0.76,20949,0.7791577778267548,0.8837225794197923,0.7809655973763711,4.349524274063845,0.8069828968142442
rf,10,52,0.77,21225,0.7915899734923905,0.891378155189061,0.7945550155482538,4.225323928133329,0.796145851010417
rf,10,52,0.78,21501,0.7863471801559416,0.8888395314876391,0.7900357127351657,4.278140263051647,0.8030210848628643
rf,10,52,0.79,21776,0.7947747973158213,0.8930984232903484,0.7976247936837063,4.192914932052572,0.785036844245216
rf,10,52,0.8,22052,0.7927194455073766,0.8920422035288155,0.7957392928765447,4.213858863947135,0.7914238302116926
rf,10,52,0.81,22328,0.7913590650533714,0.8910460094520286,0.7939629909603847,4.227664009537907,0.7976582292136293
rf,10,52,0.82,22603,0.7869756574886799,0.8885042903519791,0.7894398739738739,4.271843378307697,0.8011459058918918
rf,10,52,0.83,22879,0.7841456401224417,0.8876351827739003,0.7878962176980554,4.300125366140364,0.8114085549996216
rf,10,52,0.84,23155,0.7943022863793227,0.8931554620701979,0.7977266794258288,4.197739044947885,0.7855303878130961
rf,10,52,0.85,23430,0.7848010873093226,0.8876173051789821,0.7878644804531982,4.293591683091025,0.7992006424443333
rf,10,52,0.86,23706,0.7896255256938285,0.8905815055155835,0.7931354179664032,4.245190919090014,0.7866580216718966
rf,10,52,0.87,23982,0.7926370521819383,0.8920170865171666,0.7956944826385743,4.214696278123145,0.788807637865023
rf,10,52,0.88,24257,0.7977971022833423,0.8959174061674179,0.802667998673754,4.1619263653462815,0.7837485799215858
rf,10,52,0.89,24533,0.7974568604709824,0.8951868506737981,0.8013594976192729,4.165426478829406,0.7770873534344873
rf,10,52,0.9,24808,0.8005020022469793,0.8969465472127616,0.8045131085568947,4.133995269412349,0.7704788256393615
rf,10,52,0.91,25084,0.7946295148672642,0.8931136288966504,0.7976519541209437,4.194398787763101,0.7747237560799549
rf,10,52,0.92,25360,0.7930196639334227,0.89330706678498,0.7979975155679846,4.21080614999298,0.7775087379937967
rf,10,52,0.93,25635,0.7923447911893068,0.8918692278171653,0.7954307195271867,4.217665365921466,0.7815556391114307
rf,10,52,0.94,25911,0.7961924009682573,0.8940415796079653,0.7993103460679057,4.17840844970252,0.7794854580361649
rf,10,52,0.95,26187,0.7884413009628216,0.8900962842246529,0.7922713951905341,4.257122511935266,0.7783195530403532
rf,10,52,0.96,26462,0.7927018051069893,0.8915758944925154,0.7949075756401289,4.21403816821485,0.7832194438423311
rf,10,52,0.97,26738,0.7985383929273592,0.8952425671418809,0.8014592540227851,4.1542903968579035,0.772830686682891
rf,10,52,0.98,27014,0.7971539680526222,0.8944357987521085,0.8000153980893224,4.168539901388948,0.7687447414983151
rf,10,52,0.99,27289,0.797724055456762,0.8952960796249725,0.801555070191845,4.1626780560120755,0.7687228059425004
rf,10,52,1.0,27565,0.7919154117112089,0.8918443309149512,0.795386310585137,4.222023657164813,0.7743533150677469
rf,11,53,0.01,276,0.26465665322427423,0.6269877339439579,0.3931136185161793,7.936806428175666,1.8711704446789308
rf,11,53,0.02,551,0.45197342091597437,0.7114930281557307,0.5062223291142114,6.851750114738706,1.6205977962954883
rf,11,53,0.03,827,0.47674676291369933,0.7147606610862209,0.5108828026364116,6.695093809190052,1.470908018112118
rf,11,53,0.04,1103,0.48883494518769244,0.7226098529877155,0.5221649996349278,6.617306987865462,1.4439981694231618
rf,11,53,0.05,1378,0.5314565602498893,0.7442610973419894,0.5539245810167023,6.335423270348813,1.3694536079377673
rf,11,53,0.06,1654,0.563736945177328,0.7585513834603593,0.5754002013496251,6.113288937803141,1.3001009803999262
rf,11,53,0.07,1930,0.5787920502996573,0.7777176810073211,0.6048447913514052,6.006880390459214,1.247924533607454
rf,11,53,0.08,2205,0.6031432148569931,0.7916206831325698,0.6266633059632766,5.830658553489247,1.2014781897803533
rf,11,53,0.09,2481,0.613743196895139,0.8092153208520805,0.6548294355017356,5.7522635464997345,1.1453512650909947
rf,11,53,0.1,2756,0.6093429717366299,0.8033051018442278,0.6452990866489652,5.784935561624348,1.1683138294706235
rf,11,53,0.11,3032,0.6233685319157888,0.8059846980158372,0.6496113334356802,5.68013955812372,1.1367939008541008
rf,11,53,0.12,3308,0.6403983382997347,0.8160233885606861,0.6658941706780646,5.550237273059886,1.1045756797729442
rf,11,53,0.13,3583,0.6584388256897762,0.8267826594587626,0.6835695659817043,5.409223843312164,1.0587445252512202
rf,11,53,0.14,3859,0.6504680908170664,0.8266133144930137,0.6832895716971259,5.471975185430697,1.071307944639138
rf,11,53,0.15,4135,0.6546219975439614,0.8283269493092652,0.686125534951994,5.439362982648382,1.0519114211255955
rf,11,53,0.16,4410,0.6475963061660122,0.8257569653172963,0.6818745657700304,5.494408314240682,1.0565985838720706
rf,11,53,0.17,4686,0.650894370003305,0.8287331268661627,0.6867985955653674,5.468637434725075,1.0391803259900687
rf,11,53,0.18,4962,0.6650606565055508,0.8362960122364835,0.6993910200826446,5.3565330275669325,1.017679529826506
rf,11,53,0.19,5237,0.6681421691346507,0.835535464036018,0.6981195116618839,5.3318354736144915,1.008986285919952
rf,11,53,0.2,5513,0.6660992915960371,0.8386761970550443,0.7033777635067114,5.348221369030136,1.0119161453367047
rf,11,53,0.21,5789,0.6709477165531992,0.8379972294827811,0.7022393566208169,5.309249797318756,0.9897784314356369
rf,11,53,0.22,6064,0.6741482792332782,0.8428963909581044,0.7104743258901977,5.283366206992226,0.9983414582463159
rf,11,53,0.23,6340,0.6752628069361899,0.8416836666802392,0.708431394756292,5.274322980569777,0.9872222863029395
rf,11,53,0.24,6616,0.6757742846774488,0.8419686567502309,0.7089112189497881,5.2701676790624346,0.9831388959206371
rf,11,53,0.25,6891,0.6831257786140476,0.8474393820016418,0.7181535061673247,5.210077211694544,0.9630728740686493
rf,11,53,0.26,7167,0.7026869991190801,0.8571734035112945,0.7347462436871364,5.046701928210517,0.9381283721515034
rf,11,53,0.27,7443,0.705357015379431,0.8574944009317893,0.7352966476293682,5.023989895270039,0.9271416782218123
rf,11,53,0.28,7718,0.7124857733644514,0.8587418819129754,0.7374376197514386,4.96284114607241,0.9431140137215848
rf,11,53,0.29,7994,0.7117159242531566,0.8604540490051076,0.7403811704492841,4.969480964855942,0.9341772405614918
rf,11,53,0.3,8270,0.7215660051326238,0.8671646737398866,0.751974571382404,4.883844570268545,0.9074459081487681
rf,11,53,0.31,8545,0.7194844811352209,0.8647579756037246,0.747806356370252,4.902065963914524,0.918743522383185
rf,11,53,0.32,8821,0.7254651308329719,0.8669849319535428,0.7516628722344891,4.849527887249461,0.9229517452822187
rf,11,53,0.33,9096,0.7375212483014579,0.8665172820613825,0.7508522001110455,4.741849660824366,0.9374095258556188
rf,11,53,0.34,9372,0.7320474063688591,0.8637034918832384,0.7459837218912992,4.791038791842415,0.9463487004329088
rf,11,53,0.35,9648,0.7330756737787707,0.8615030268508265,0.7421874652731358,4.781837155834591,0.9391866805224155
rf,11,53,0.36,9923,0.7443572771442212,0.8691018777370091,0.755338073885995,4.6796936336852735,0.9340338412678624
rf,11,53,0.37,10199,0.7468294256629633,0.8685894948765794,0.7544477106099514,4.657011582803656,0.9194222287473071
rf,11,53,0.38,10475,0.7548955220477626,0.8755165274361859,0.7665291898139177,4.582224125174081,0.9024534323243062
rf,11,53,0.39,10750,0.7433034041288779,0.8672853456115706,0.7521838707125814,4.6893296023217585,0.9113692858275423
rf,11,53,0.4,11026,0.7468589533908572,0.8705022440283336,0.7577741568583646,4.656739997172218,0.907712831772958
rf,11,53,0.41,11302,0.7453216216108516,0.8665880025206026,0.750974766112648,4.670858841661793,0.9195767483337509
rf,11,53,0.42,11577,0.7486372084517345,0.8699735063576276,0.7568539017641851,4.640354931085964,0.9244631600577479
rf,11,53,0.43,11853,0.7476146707846709,0.8717707045854396,0.7599841613733938,4.649783776727995,0.9185936874154591
rf,11,53,0.44,12129,0.7552664063531976,0.8751465556693989,0.7658814939000124,4.5787559747531335,0.8935629593892803
rf,11,53,0.45,12404,0.7519775919565663,0.8727891535344114,0.7617609065273144,4.609418754874721,0.8961442587634338
rf,11,53,0.46,12680,0.750254896941444,0.8729156589105894,0.7619817475713085,4.625398928017714,0.8978005661531699
rf,11,53,0.47,12956,0.755545341729315,0.8759293302961583,0.7672521916730763,4.576145909815918,0.8819941051621507
rf,11,53,0.48,13231,0.75078263897668,0.8723059345872805,0.7609176435161888,4.620509325937957,0.8917001061279791
rf,11,53,0.49,13507,0.7518813859506698,0.8740999724524655,0.764050761841401,4.610312647440037,0.8941006028144319
rf,11,53,0.5,13782,0.7622489942660985,0.8797903651804152,0.7740310866642883,4.512964175682221,0.8702581989459733
rf,11,53,0.51,14058,0.7608526133008743,0.8778326920268129,0.7705902351910414,4.526197750075526,0.8736098449573454
rf,11,53,0.52,14334,0.7692291037082866,0.8830408493018097,0.7797611415356615,4.446222817499786,0.8551745159283358
rf,11,53,0.53,14609,0.7560145880567992,0.8748825520585977,0.7654194798965649,4.571751697906548,0.8674586872057687
rf,11,53,0.54,14885,0.7587149935038824,0.8780063058761957,0.7708950731583637,4.546381464994917,0.8630867514147623
rf,11,53,0.55,15161,0.7664343792546318,0.8826318292977205,0.7790389460894405,4.473064531752639,0.8510178643251998
rf,11,53,0.56,15436,0.7745943802918713,0.8870349950754793,0.7868310824885556,4.394232930940298,0.8481852450252719
rf,11,53,0.57,15712,0.7790373930838258,0.8890178917866275,0.7903528119167397,4.350709611310286,0.8439966350858208
rf,11,53,0.58,15988,0.7814804741778864,0.8900420987722816,0.7921749375869679,4.326590869099174,0.8368132536493896
rf,11,53,0.59,16263,0.7761532563782699,0.8866579630119076,0.7861623433724253,4.379011595032319,0.8442333233271931
rf,11,53,0.6,16539,0.7879732049919472,0.8936872543649771,0.7986769086144113,4.261829576296624,0.8265701346145681
rf,11,53,0.61,16815,0.7851169838846128,0.8925958852184608,0.7967274143089276,4.290439183372934,0.8282765004708377
rf,11,53,0.62,17090,0.7790803454386164,0.8869291992703743,0.7866434045183873,4.350286729113705,0.8506149039382395
rf,11,53,0.63,17366,0.7704029466167025,0.8811396828912849,0.776407140765754,4.434900286981712,0.8582953097527052
rf,11,53,0.64,17642,0.7704352585624001,0.8825202759516817,0.7788420374658324,4.434588206976176,0.852837165360995
rf,11,53,0.65,17917,0.7762249444023008,0.8843632146989643,0.7820982955126864,4.378310338848681,0.8385664248223654
rf,11,53,0.66,18193,0.7810763303010134,0.8876681620653604,0.7879547659444949,4.3305899567569135,0.8270489043914862
rf,11,53,0.67,18469,0.7768770006318872,0.8839172815707004,0.7813097606593368,4.3719267245536235,0.8355551862635262
rf,11,53,0.68,18744,0.787025624594917,0.8906811267423073,0.7933128695349461,4.27134234596628,0.8211505545831782
rf,11,53,0.69,19020,0.7864030671952185,0.8904578554275514,0.7929151922926341,4.277580691147756,0.8173019580343922
rf,11,53,0.7,19296,0.782368892277279,0.8877938070757349,0.7881778438820272,4.31778676688611,0.818871143680816
rf,11,53,0.71,19571,0.7840219056695427,0.88840389360202,0.7892614781672292,4.301357672570078,0.8065030702914376
rf,11,53,0.72,19847,0.7926822683744789,0.8937692108710173,0.7988234023010011,4.214236738677224,0.7953834883959396
rf,11,53,0.73,20122,0.7904287112019344,0.8921121626428725,0.795864110735343,4.237079344476728,0.7990166370798113
rf,11,53,0.74,20398,0.7905170150045806,0.8932233691331617,0.7978479871655965,4.236186594231331,0.7962113702904176
rf,11,53,0.75,20674,0.7861513847295378,0.8890881838596917,0.7904777986789249,4.2801000978860735,0.8137247528370456
rf,11,53,0.76,20949,0.7877426392184095,0.8906858002353998,0.7933211947409745,4.264146182177637,0.8048436672929873
rf,11,53,0.77,21225,0.7906143578795697,0.8912114111149791,0.7942577793015524,4.23520224102113,0.8073967998803069
rf,11,53,0.78,21501,0.7921625400507537,0.8932288415208378,0.797857763324658,4.219515802841014,0.7989486332376929
rf,11,53,0.79,21776,0.7985124843770013,0.8963760642132688,0.8034900484944701,4.154557515201936,0.7845842043909416
rf,11,53,0.8,22052,0.786865806458678,0.8896510996725163,0.7914790791485176,4.272944674779505,0.7911500211096433
rf,11,53,0.81,22328,0.7912933716820146,0.8923647536508154,0.7963148535582804,4.22832952525647,0.790801194134486
rf,11,53,0.82,22603,0.7904181177424241,0.8918359559952133,0.795371372405896,4.237186431572319,0.7880218751810407
rf,11,53,0.83,22879,0.793521340327104,0.8942026769120188,0.7995984273966203,4.205700003975689,0.7854205633840775
rf,11,53,0.84,23155,0.7925330858140823,0.8934965483335379,0.7983360818839461,4.215752715057007,0.7873477090447476
rf,11,53,0.85,23430,0.8004344623019847,0.8980226430888825,0.8064446675003424,4.1346949911856585,0.7771356754470963
rf,11,53,0.86,23706,0.7950185364552921,0.8952021912543555,0.8013869632265997,4.190424299599723,0.7816097337768302
rf,11,53,0.87,23982,0.7966835676686757,0.8959052034528415,0.8026461335738774,4.173370528945959,0.7759189802416375
rf,11,53,0.88,24257,0.8015170480029772,0.8980681149146272,0.8065263390263121,4.123464974417264,0.764618530839798
rf,11,53,0.89,24533,0.7925000184291555,0.8924962320364002,0.7965495241991718,4.2160886682956376,0.7867313468061385
rf,11,53,0.9,24808,0.7972835598989245,0.8954806182295146,0.8018855376247137,4.167208115193474,0.7708625970279089
rf,11,53,0.91,25084,0.7980813414050656,0.8958778187725923,0.8025970661687377,4.159000100852039,0.7716343627638146
rf,11,53,0.92,25360,0.798917674836539,0.8965784171648546,0.8038528581258362,4.150378014957232,0.77376861352678
rf,11,53,0.93,25635,0.7991802372476089,0.8960447281452777,0.8028961548369447,4.147667460415263,0.7633820332104176
rf,11,53,0.94,25911,0.7965816489517724,0.894679485457899,0.8004513816992109,4.174416414105451,0.7714314777748735
rf,11,53,0.95,26187,0.7997022192076132,0.8960273976179809,0.8028650972820512,4.14227352845282,0.7663472675202088
rf,11,53,0.96,26462,0.8031906995559146,0.8987424984827559,0.8077380785790265,4.106043192475503,0.7586924856999376
rf,11,53,0.97,26738,0.7972193424553107,0.8947651881026154,0.8006047418403087,4.167868116577448,0.7815693147178681
rf,11,53,0.98,27014,0.7987208560864829,0.8954340713912046,0.8018021762082288,4.152408706670873,0.7704954355027873
rf,11,53,0.99,27289,0.7964044363504399,0.8941758956114796,0.7995505322925917,4.17623433796418,0.7704039903078183
rf,11,53,1.0,27565,0.7992346938465755,0.8961594142253978,0.8031016957048082,4.147105057654817,0.7637266184721238
rf,12,54,0.01,276,0.2700897817632346,0.5652709870888816,0.31953128884443854,7.907431281773957,2.1193163414740748
rf,12,54,0.02,551,0.42985154605323483,0.7008727853747414,0.4912226612789483,6.988672354233756,1.5909591790043274
rf,12,54,0.03,827,0.44655318004353384,0.724038190237499,0.5242313009223929,6.885550262711901,1.418705758968558
rf,12,54,0.04,1103,0.46965182681869866,0.7229294567871694,0.5226269994905918,6.740331297620397,1.4069146226184612
rf,12,54,0.05,1378,0.5086790102159731,0.7513156709107054,0.5644752373560034,6.48758952216355,1.2915515265918283
rf,12,54,0.06,1654,0.539386725182173,0.7584564159618533,0.5752561349136999,6.281580500115206,1.2799023346305685
rf,12,54,0.07,1930,0.5433426074442937,0.7670965843010827,0.5884371696463881,6.2545483045327,1.2329392744899015
rf,12,54,0.08,2205,0.5683100079178657,0.7821903352719562,0.6118217205928553,6.081163706920416,1.1739482570218247
rf,12,54,0.09,2481,0.5839309644783812,0.7867993038447617,0.6190531445306017,5.970124703844973,1.1438917994297733
rf,12,54,0.1,2756,0.611041051991243,0.8035942701811463,0.6457637510679691,5.7723490955009,1.1038464231190255
rf,12,54,0.11,3032,0.6087104610403553,0.7819777307178554,0.6114891713386468,5.7896168465785935,1.2407832192381227
rf,12,54,0.12,3308,0.6305700197123258,0.7982224543133933,0.6371590865700973,5.625573108818834,1.1710062076661973
rf,12,54,0.13,3583,0.6120509078150284,0.786205103327732,0.6181184644985697,5.764850837752682,1.2093847989254431
rf,12,54,0.14,3859,0.6346000417560458,0.798517440094414,0.6376301021349361,5.594804961924279,1.1180347736681633
rf,12,54,0.15,4135,0.6461162595256638,0.806865502005989,0.6510319383273767,5.50593410170204,1.091375569333674
rf,12,54,0.16,4410,0.6250918696209158,0.7926757988751771,0.6283349221224003,5.667129463710961,1.1312310220532598
rf,12,54,0.17,4686,0.6697176857056422,0.8208648959036771,0.6738191773269546,5.31916379849743,1.0645163420936534
rf,12,54,0.18,4962,0.6786713160813322,0.8270422813720248,0.6839989351770435,5.246569766879531,1.052556925656523
rf,12,54,0.19,5237,0.6729617671914231,0.8247093086350058,0.6801454437492293,5.292976531297503,1.0438072556001379
rf,12,54,0.2,5513,0.6776648734315714,0.8278177653234668,0.6852822525851384,5.25477980788224,1.0314179373682317
rf,12,54,0.21,5789,0.6674050101979776,0.8182939353876557,0.6696049646922169,5.3377540169776445,1.0561972168361489
rf,12,54,0.22,6064,0.6701523349166296,0.8200392716414104,0.672464407034175,5.3156626551071575,1.0532527629905342
rf,12,54,0.23,6340,0.6885262175498015,0.8306446917217303,0.6899706038854884,5.165489143475629,1.0210513899207632
rf,12,54,0.24,6616,0.6898370984696549,0.8331454083099982,0.6941312713880335,5.154607841248213,0.9953793658126954
rf,12,54,0.25,6891,0.6705684150151519,0.8202021814414111,0.6727316184412495,5.312308926089846,1.0261328532346232
rf,12,54,0.26,7167,0.6767384625070878,0.8252673090636575,0.6810661314091704,5.262325669692233,1.0211976530143003
rf,12,54,0.27,7443,0.6960326040891422,0.8367371174531628,0.700129003723828,5.102866494857724,0.9725172968614548
rf,12,54,0.28,7718,0.6899089967611194,0.8318964114841931,0.692051639440278,5.154010366542056,0.9821913244963787
rf,12,54,0.29,7994,0.7045855582645943,0.8415413659092741,0.7081918705364467,5.030562695730727,0.9727194247128681
rf,12,54,0.3,8270,0.7132774836582991,0.845722820079423,0.7152470884030921,4.956003500069029,0.9680805617041853
rf,12,54,0.31,8545,0.70989739868983,0.8450916564165701,0.7141799077449023,4.985130322419113,0.9651646040399039
rf,12,54,0.32,8821,0.7196483664808002,0.8513410253065968,0.7247815413700875,4.900633789767575,0.9542644119902263
rf,12,54,0.33,9096,0.7134577833526434,0.8467225951729902,0.7169391531764835,4.954445013405576,0.9488674662181596
rf,12,54,0.34,9372,0.7221938869145171,0.8536962780038313,0.7287973350775948,4.878334812476104,0.9305273459787481
rf,12,54,0.35,9648,0.7146964833155482,0.8472238285038133,0.7177882155846588,4.94372457258832,0.9532013007306351
rf,12,54,0.36,9923,0.7212006535996393,0.8535579166796166,0.7285611171264472,4.887047726467674,0.9384901759231253
rf,12,54,0.37,10199,0.7265870984322989,0.8564094096153796,0.733437076877763,4.839608229971962,0.9305154943817517
rf,12,54,0.38,10475,0.7467686010738828,0.867435850694854,0.752444955070705,4.657570976021449,0.9082496876797956
rf,12,54,0.39,10750,0.741409991746399,0.865116068611715,0.7484258121701896,4.706592242835816,0.9086626456891408
rf,12,54,0.4,11026,0.7417463147992543,0.8651084726212026,0.74841266940099,4.7035305419794,0.9006698537375978
rf,12,54,0.41,11302,0.7441540417646,0.8669248758075708,0.7515587402939721,4.681553436988418,0.8984278262660105
rf,12,54,0.42,11577,0.7507965045120354,0.871402032951616,0.7593415030322093,4.620380790096237,0.8842595053397652
rf,12,54,0.43,11853,0.7410504701190554,0.862952837119469,0.7446875990925408,4.709862929852428,0.9174909289675852
rf,12,54,0.44,12129,0.7493714347147892,0.8674330074774892,0.7524400224614418,4.633572777534588,0.8939472769917407
rf,12,54,0.45,12404,0.7428863165605732,0.8634192336941734,0.7454927731130336,4.693137730814819,0.9041413125454185
rf,12,54,0.46,12680,0.7488998431457605,0.8664220871352233,0.7506872330757565,4.637930075961722,0.8954277102222137
rf,12,54,0.47,12956,0.7543297436389839,0.8712019769186641,0.7589928845869885,4.587509685702622,0.8778254365060056
rf,12,54,0.48,13231,0.7605159134656269,0.8744033685218775,0.7645812508824064,4.529382886298336,0.8628151324632563
rf,12,54,0.49,13507,0.7559419646117975,0.8715645279158309,0.7596247263211453,4.5724320493514465,0.8796292965331289
rf,12,54,0.5,13782,0.7607302752463443,0.8730987859563368,0.7623014900384293,4.527355311186627,0.8751650861743534
rf,12,54,0.51,14058,0.7686642222215399,0.8781415317646892,0.7711325498100348,4.451661228291461,0.8613884213859748
rf,12,54,0.52,14334,0.7673131287644293,0.8773235415444667,0.7696965965481255,4.464642043528521,0.8654212081509428
rf,12,54,0.53,14609,0.7692257967281065,0.8777410670709805,0.7704293808229036,4.446254674892321,0.8652542112209303
rf,12,54,0.54,14885,0.7747973236626583,0.8813169285756252,0.7767195285939735,4.392254317313329,0.8436912480644352
rf,12,54,0.55,15161,0.7633257500237659,0.8748226751411868,0.7653147129411825,4.502733147310086,0.8711772385752421
rf,12,54,0.56,15436,0.7658752366926351,0.8760882984287901,0.7675307066438528,4.478415459861626,0.8506931846322515
rf,12,54,0.57,15712,0.7749605288554589,0.8809725506448244,0.7761126349896477,4.390662487577269,0.8412904006544756
rf,12,54,0.58,15988,0.7776947733060315,0.882481315632636,0.7787732724407082,4.363907550915522,0.8349345304452296
rf,12,54,0.59,16263,0.774813957359267,0.8817796194162677,0.7775352972178979,4.392092106153052,0.839030770652439
rf,12,54,0.6,16539,0.7766285698172032,0.8821732991911145,0.7782297298057357,4.3743599545667164,0.8367951936016943
rf,12,54,0.61,16815,0.7833063996065484,0.8869648303461518,0.7867066102709779,4.30847668794959,0.8244858407606418
rf,12,54,0.62,17090,0.7816129707822093,0.8857533340545497,0.7845589687887508,4.325278982850777,0.820486987435586
rf,12,54,0.63,17366,0.7814766526350602,0.885675805834626,0.7844216330408141,4.326628701370563,0.8248489205399443
rf,12,54,0.64,17642,0.7810191349147547,0.8858292575058204,0.7846934734533131,4.331155618729586,0.8312330999246053
rf,12,54,0.65,17917,0.7806997469267619,0.8855631497670878,0.7842220922254056,4.334313006581837,0.8217660749960937
rf,12,54,0.66,18193,0.7897122762459476,0.8908077846791408,0.7935385092449585,4.244315549987872,0.8088078163949917
rf,12,54,0.67,18469,0.787615605394887,0.8894727542368496,0.791161780529687,4.265422014890231,0.8080256959374069
rf,12,54,0.68,18744,0.7919106352864934,0.8921043911690155,0.7958502447430399,4.222072113570422,0.8024629092659249
rf,12,54,0.69,19020,0.7950458296066031,0.8939890879353487,0.7992164893474767,4.1901453141495,0.7788773601315445
rf,12,54,0.7,19296,0.7837674546559655,0.8870048488720659,0.7867776019225564,4.303890713363867,0.809138437353681
rf,12,54,0.71,19571,0.7895485482157132,0.8896451335132598,0.7914684635838258,4.2459675204445135,0.8015493925425992
rf,12,54,0.72,19847,0.785762893597537,0.8886010827241,0.7896118842184427,4.283986086197276,0.8043584165474609
rf,12,54,0.73,20122,0.7880759980771009,0.8895508353888946,0.7913006887410802,4.260796358488489,0.7951773242182892
rf,12,54,0.74,20398,0.7967560421453876,0.8945870898212674,0.8002860612748844,4.172626639726982,0.7802096629643138
rf,12,54,0.75,20674,0.796176924153037,0.8941781518160958,0.799554567185249,4.178567097437297,0.783348472013777
rf,12,54,0.76,20949,0.7989148992296679,0.8960333217678518,0.8028757137183306,4.150406659389243,0.7808380267919106
rf,12,54,0.77,21225,0.806012186089349,0.9000228743168881,0.810041174293633,4.076504528778554,0.7717201615727936
rf,12,54,0.78,21501,0.7942707239039124,0.8934192999442848,0.7981980455129359,4.198061085361099,0.7764703135801937
rf,12,54,0.79,21776,0.7959751629084139,0.895167657146765,0.8013251344016283,4.180634734680723,0.774487129545723
rf,12,54,0.8,22052,0.7984833762128325,0.8963132092971089,0.803377369160483,4.154857601225898,0.768505523274435
rf,12,54,0.81,22328,0.7940410373804923,0.8931033275032043,0.7976335535972958,4.200403895031276,0.7788950119488522
rf,12,54,0.82,22603,0.8023252265063355,0.8983974457958875,0.8071179706125747,4.115061494577465,0.7645659807612688
rf,12,54,0.83,22879,0.8046686412806419,0.899285792711271,0.808714936972339,4.090596949902093,0.7618309819626902
rf,12,54,0.84,23155,0.7944864224909673,0.8940075566511274,0.7992495113493188,4.195859762012522,0.7634150024364772
rf,12,54,0.85,23430,0.7975251315482621,0.8955246945419751,0.8019644785344979,4.1647244009374385,0.7616502948756297
rf,12,54,0.86,23706,0.8011165831018681,0.8976090880399904,0.8057020749319832,4.127622688938169,0.7587749217730394
rf,12,54,0.87,23982,0.7952595632451834,0.894163701568865,0.7995287252033344,4.1879599265362675,0.7805714716161448
rf,12,54,0.88,24257,0.8035585661779108,0.8985053497884371,0.8073118635984418,4.1022039869002125,0.7652622795582507
rf,12,54,0.89,24533,0.8017451105855681,0.8976589064134438,0.8057915122633799,4.121095303984439,0.7697083597997393
rf,12,54,0.9,24808,0.7985643373238824,0.896486943399421,0.8036888396856368,4.154022891725941,0.7713752637570326
rf,12,54,0.91,25084,0.7982300119573231,0.8959620649848581,0.8027480218919311,4.157468705230122,0.7789798972951345
rf,12,54,0.92,25360,0.8020520160140762,0.8971468993375635,0.8048725589910044,4.117904269487159,0.7635666466083467
rf,12,54,0.93,25635,0.7969308589849573,0.8949967536896275,0.8010191891149717,4.1708317467026665,0.7775905729073648
rf,12,54,0.94,25911,0.800599091393447,0.8972777115300724,0.8051072916086438,4.1329892068915495,0.7634949046476373
rf,12,54,0.95,26187,0.7997523470007439,0.8966353606587704,0.8039549699836832,4.141755160194207,0.7634000262044316
rf,12,54,0.96,26462,0.794108701603843,0.8931721636751538,0.7977565139641558,4.1997138536483325,0.7697572527359662
rf,12,54,0.97,26738,0.7980723806372214,0.8951066086459728,0.8012158408416947,4.159092384104036,0.7675358698923314
rf,12,54,0.98,27014,0.7985526265932091,0.8955544123809733,0.8020177055350305,4.154143639799138,0.7724590923823021
rf,12,54,0.99,27289,0.8002211258550787,0.8966794375195319,0.8040340136703442,4.136904404537747,0.7634380484174536
rf,12,54,1.0,27565,0.7970239911719166,0.8943110259205229,0.7997922110830182,4.169875217249161,0.7701949562278692
rf,13,55,0.01,276,0.3593548847144794,0.6771464888074881,0.45852736730430954,7.408144829872386,1.7659813670903024
rf,13,55,0.02,551,0.482332437741569,0.7185312534714612,0.5162871622152692,6.659263209555431,1.5358435929949774
rf,13,55,0.03,827,0.5344075184916962,0.73605746197274,0.5417805873257516,6.315441025501352,1.483970399534649
rf,13,55,0.04,1103,0.5742134003478211,0.765296387327611,0.5856785604566928,6.039440392803334,1.3521420263324018
rf,13,55,0.05,1378,0.576513742071774,0.7645737550965007,0.5845730269823639,6.02310404993979,1.4688437956757248
rf,13,55,0.06,1654,0.5882126998348507,0.7748337256437936,0.6003673023950417,5.9393262090594705,1.4218353387711842
rf,13,55,0.07,1930,0.5824719506928011,0.7656840291093333,0.5862720324331023,5.980583150244044,1.4607052804354959
rf,13,55,0.08,2205,0.6147811228803575,0.7861027351877424,0.6179575102696498,5.744529779742339,1.364155623758305
rf,13,55,0.09,2481,0.620961558329232,0.7908175221572732,0.6253923533509693,5.698260948554533,1.2862091972942113
rf,13,55,0.1,2756,0.6275131172326012,0.7974855033106597,0.6359831279906563,5.648799973595935,1.2466603358701933
rf,13,55,0.11,3032,0.6458088945289742,0.8098310830814394,0.6558263831248572,5.508324666618113,1.2174617313624339
rf,13,55,0.12,3308,0.6307085917730052,0.8017545743213244,0.642810397445168,5.624517942190575,1.212510845982748
rf,13,55,0.13,3583,0.656410042242833,0.8170697235696195,0.6676029331741344,5.425264741626726,1.1567198661356617
rf,13,55,0.14,3859,0.6658088553331851,0.82036827602,0.6730041083000269,5.3505468804100556,1.1452889259790227
rf,13,55,0.15,4135,0.6652701158918413,0.8192319316257092,0.6711409577951907,5.354857871141673,1.1506693833429593
rf,13,55,0.16,4410,0.6732038585971514,0.8254948652944624,0.6814417726275226,5.291017094715379,1.11372666884766
rf,13,55,0.17,4686,0.6888025120309222,0.8337151065048345,0.6950808788143675,5.1631975978239435,1.1041871209314984
rf,13,55,0.18,4962,0.6850230875994898,0.8303757835702793,0.6895239419399554,5.194455922400303,1.0908317344073146
rf,13,55,0.19,5237,0.6963459184378407,0.8382618390207717,0.7026829107584861,5.100235927373579,1.0710632798689343
rf,13,55,0.2,5513,0.701553478988542,0.8406877283941636,0.706755856672539,5.056313173133946,1.069904556230976
rf,13,55,0.21,5789,0.706454816482937,0.8433712310359612,0.7112750333391127,5.014621797450073,1.0433164092731786
rf,13,55,0.22,6064,0.7069994317519643,0.8441515690040132,0.7125918714519373,5.0099678162988415,1.0322454821365055
rf,13,55,0.23,6340,0.7205989177994226,0.8526184400592413,0.726958204329054,4.892318769207835,0.9988192657087285
rf,13,55,0.24,6616,0.7212833906869509,0.8529983570910868,0.7276061972000933,4.886322527319398,0.9965371731224911
rf,13,55,0.25,6891,0.7202162398776211,0.8530566719579126,0.7277056855719096,4.8956679719935705,0.9944796261113508
rf,13,55,0.26,7167,0.7219604030141371,0.8554307233743609,0.7317617224927824,4.880384395555209,0.9874226574395162
rf,13,55,0.27,7443,0.7181109403958655,0.8525027830886258,0.7267609951738526,4.914052760957366,0.978529769840426
rf,13,55,0.28,7718,0.7250312122318192,0.8575373729872345,0.7353703460698474,4.853358856931258,0.962099693451719
rf,13,55,0.29,7994,0.7197689679716162,0.8550731136547688,0.7311500296952611,4.899579600589506,0.9714712671812581
rf,13,55,0.3,8270,0.7268220038944115,0.8593278568145921,0.7384443654975601,4.8375287840309085,0.938658862829703
rf,13,55,0.31,8545,0.7182206387159907,0.8548766385907861,0.7308140672082816,4.913096505704782,0.9509808355426456
rf,13,55,0.32,8821,0.7256507306385571,0.858862044096935,0.7376440107903656,4.847888343953982,0.9446724373453648
rf,13,55,0.33,9096,0.7265872979759538,0.8573503600660557,0.7350496399053954,4.839606463937358,0.942415043101972
rf,13,55,0.34,9372,0.7303033133515506,0.8596030469060989,0.7389173982502488,4.806605844234532,0.9274766293487192
rf,13,55,0.35,9648,0.7351419921855513,0.8614945351235335,0.7421728340477131,4.763292583684635,0.9217553784097036
rf,13,55,0.36,9923,0.7383723008335121,0.8623761111565602,0.7436925570935119,4.734156010113871,0.9164631843244637
rf,13,55,0.37,10199,0.7297004561602622,0.8581997702108212,0.7365068455899062,4.811974985816276,0.923489963853416
rf,13,55,0.38,10475,0.7296827280755541,0.8590410742844478,0.7379515673077781,4.812132784272464,0.9232923510890263
rf,13,55,0.39,10750,0.7295038812118508,0.8576870495470843,0.7356270749607826,4.813724418695576,0.9210280803579939
rf,13,55,0.4,11026,0.7286301286341247,0.8580494303512455,0.7362488249260969,4.82149276130558,0.9209298979765742
rf,13,55,0.41,11302,0.7191629654875138,0.8520691750458272,0.7260218790632765,4.904874435198804,0.932076250377705
rf,13,55,0.42,11577,0.7268740893418824,0.8572836353346228,0.7349352314125466,4.837067588644901,0.9097372019353814
rf,13,55,0.43,11853,0.7346534155336598,0.8620233475179141,0.7430842516659905,4.767683920204395,0.8995168880664347
rf,13,55,0.44,12129,0.7287109442027693,0.8586686594842777,0.7373118667805265,4.820774773174234,0.9026316166362669
rf,13,55,0.45,12404,0.7318267020678293,0.8605469645687316,0.7405410782284578,4.793011501278652,0.8939931195449958
rf,13,55,0.46,12680,0.7418699834184624,0.8641965876615476,0.7468357421258629,4.7024042293380495,0.89704264807119
rf,13,55,0.47,12956,0.7463826764815336,0.865602865266621,0.749268320357784,4.661118693391437,0.8975307727058908
rf,13,55,0.48,13231,0.754780395998701,0.8716980523631319,0.7598574944936775,4.583300138620543,0.8839069661362572
rf,13,55,0.49,13507,0.753145407156566,0.8702882975194699,0.7574017207993373,4.598554211016479,0.8852290025438582
rf,13,55,0.5,13782,0.7597179485267529,0.8750803364440484,0.7657655952310289,4.536922600269004,0.8620423124732896
rf,13,55,0.51,14058,0.7626276353874029,0.8767402938086714,0.7686735427877154,4.509369081084953,0.8662719251492016
rf,13,55,0.52,14334,0.7613974479256145,0.8743954840188343,0.7645674624725315,4.521038932663305,0.869817730969128
rf,13,55,0.53,14609,0.7594320596978898,0.8735052379488772,0.7630114007241247,4.539620824916659,0.8664543459692386
rf,13,55,0.54,14885,0.7647192429146673,0.8772243906721453,0.7695226315901166,4.489457960581572,0.8571002754432944
rf,13,55,0.55,15161,0.7647894668916653,0.8767418765686125,0.7686763181290521,4.4887879289046015,0.8559116518152026
rf,13,55,0.56,15436,0.7671096565655637,0.8794143923083924,0.773369673399139,4.466593662075475,0.8442877746644101
rf,13,55,0.57,15712,0.7649107256779849,0.8769760815988271,0.7690870476964327,4.487630720638903,0.8497513763616749
rf,13,55,0.58,15988,0.765000526546745,0.8771481460285282,0.7693888700812842,4.48677353217218,0.8499486259244252
rf,13,55,0.59,16263,0.7667832101550466,0.8793242488885876,0.7732111346834788,4.469723016522579,0.8434984131936052
rf,13,55,0.6,16539,0.7575032033070624,0.8732592065461483,0.7625816418176085,4.5577836666577,0.8606982291017556
rf,13,55,0.61,16815,0.7637410431920236,0.8768043643906609,0.7687858934145109,4.498780931682171,0.8469272154823189
rf,13,55,0.62,17090,0.7646236529832001,0.8774135825275508,0.7698545948038311,4.490369857084406,0.8490636229620484
rf,13,55,0.63,17366,0.7713326913410528,0.8812352717613345,0.7765756041962731,4.425911696165172,0.8266104684962622
rf,13,55,0.64,17642,0.7689383318289206,0.8796569620744877,0.7737963709261167,4.44902306137275,0.825710589504969
rf,13,55,0.65,17917,0.7703259253716254,0.88102585237421,0.7762065525517033,4.435644096396295,0.8252639665789885
rf,13,55,0.66,18193,0.7711342280369444,0.8813661240845005,0.7768062446837352,4.42783193250583,0.8290710186364574
rf,13,55,0.67,18469,0.7690462498335324,0.8795807901444442,0.7736623663911248,4.447983975639417,0.8315516244582188
rf,13,55,0.68,18744,0.7657587019603985,0.8782493808515358,0.771321974966106,4.479529878543624,0.8464288070219168
rf,13,55,0.69,19020,0.769110377078514,0.8798994069537837,0.7742229663576202,4.447366413117612,0.836830704300254
rf,13,55,0.7,19296,0.7673835007652048,0.8787069825871003,0.7721259612473267,4.463966866733526,0.8374648077427023
rf,13,55,0.71,19571,0.7710315234238514,0.881631522644466,0.7772741417203995,4.4288253264813005,0.8293584153603238
rf,13,55,0.72,19847,0.7756380656373357,0.8848185193705416,0.7829038122210774,4.384047919446686,0.8272035332261245
rf,13,55,0.73,20122,0.7779261540657274,0.8849304622506977,0.7831019230192335,4.361635928397499,0.8158601897720282
rf,13,55,0.74,20398,0.7754707106354546,0.8826477437808243,0.7790670396013797,4.385682678887507,0.8229068650137202
rf,13,55,0.75,20674,0.7722120806850221,0.8808891465336397,0.7759656884807642,4.4173931003172076,0.8232533766345912
rf,13,55,0.76,20949,0.7812574062247417,0.8878234280273705,0.7882304393542715,4.328798629682871,0.8111830847648946
rf,13,55,0.77,21225,0.7777948263389614,0.8854735880635402,0.78406347515812,4.362925407285472,0.8149773639005683
rf,13,55,0.78,21501,0.7776251948370965,0.8855264031996968,0.784157010763792,4.364590418916166,0.8100710562734018
rf,13,55,0.79,21776,0.7835200760288784,0.8884061468206611,0.789265481708734,4.306351920662909,0.8018920025508116
rf,13,55,0.8,22052,0.7832879713331632,0.8880368060462095,0.7886093688927531,4.308659886941508,0.8100892476303897
rf,13,55,0.81,22328,0.7783778621466049,0.8852343607618828,0.7836398734734992,4.357197789659883,0.8107224508317836
rf,13,55,0.82,22603,0.7799559124407723,0.8862214404589588,0.7853884415291519,4.341657462925571,0.8020543119542486
rf,13,55,0.83,22879,0.7874407539839567,0.8905274622482713,0.7930391610183463,4.267177467824442,0.8010704800928447
rf,13,55,0.84,23155,0.7811396091016134,0.8869570527449279,0.7866928134139688,4.329964043753367,0.8039535931549854
rf,13,55,0.85,23430,0.7813415835711335,0.8873972100914562,0.7874738084781001,4.327965637263926,0.8068977068578469
rf,13,55,0.86,23706,0.776251068305954,0.8853689671491453,0.7838782079907443,4.3780547654659925,0.8067572367926539
rf,13,55,0.87,23982,0.7758720232799158,0.8838987893543501,0.7812770698220857,4.381761548886993,0.804020645370884
rf,13,55,0.88,24257,0.7882119806400147,0.8914711139784812,0.7947207470580343,4.259429153791194,0.7854492953193547
rf,13,55,0.89,24533,0.7843579509508756,0.8886644729825295,0.7897245455413169,4.298010079278035,0.7928899309014676
rf,13,55,0.9,24808,0.7793469345057122,0.8855647527889332,0.7842249313821243,4.347661138906521,0.8047554432512176
rf,13,55,0.91,25084,0.7775934697208896,0.8857223768638995,0.7845041288774357,4.364901745102333,0.8006393293780972
rf,13,55,0.92,25360,0.783564171374879,0.8886855772933161,0.7897620552891546,4.305913312441782,0.7836180414857374
rf,13,55,0.93,25635,0.7773239193657359,0.8841771849730485,0.7817692944268645,4.367546012202933,0.7975797683942443
rf,13,55,0.94,25911,0.795037395091791,0.8929381284140937,0.7973385011756645,4.190231532153869,0.784064789161819
rf,13,55,0.95,26187,0.7945992870816905,0.8942980952290265,0.799769083130265,4.194707456075583,0.7870569582518309
rf,13,55,0.96,26462,0.7937926262924531,0.8935548685539116,0.7984403031163984,4.202936225874651,0.7773053580089647
rf,13,55,0.97,26738,0.7990053028616474,0.896272514559147,0.8033044203541764,4.149473586734722,0.773185708083799
rf,13,55,0.98,27014,0.7912204098265319,0.8915203984589819,0.7948086208684618,4.2290685525988065,0.7787890259509959
rf,13,55,0.99,27289,0.806039763581688,0.8996122869342162,0.8093022668030107,4.076214758596974,0.760422631634807
rf,13,55,1.0,27565,0.7979363097912997,0.8955115085131283,0.8019408618794587,4.160493470080619,0.777191294194418
rf,14,56,0.01,276,0.18513881233040397,0.5249977956873733,0.2756226854766009,8.354924332036257,2.0439391697191187
rf,14,56,0.02,551,0.42154348787184803,0.6802579890784782,0.462750931705095,7.039406777936004,1.7416961913620836
rf,14,56,0.03,827,0.49047996838617514,0.7222631577825939,0.5216640690900841,6.60665055164236,1.4774968537582545
rf,14,56,0.04,1103,0.5003831044118812,0.7383134169479089,0.5451067016452967,6.542131402679345,1.3731092113576024
rf,14,56,0.05,1378,0.5039347538644401,0.7248325142923593,0.5253821737753832,6.518836755710602,1.3789415294035676
rf,14,56,0.06,1654,0.5436515958982919,0.7509556968025708,0.5639344585602346,6.252431936480241,1.2804998132805898
rf,14,56,0.07,1930,0.5539812503190196,0.7610425153628891,0.5791857101898733,6.181263573858224,1.2745826815813683
rf,14,56,0.08,2205,0.574110376858584,0.7701415274078119,0.5931179722380375,6.040171001270315,1.2211866022854196
rf,14,56,0.09,2481,0.5934885235531788,0.7893504128922455,0.6230740743331584,5.901156197760252,1.1906425440924242
rf,14,56,0.1,2756,0.6301501450449021,0.8128551586661293,0.6607335089701383,5.628769066109679,1.1271678450186358
rf,14,56,0.11,3032,0.6507114220743198,0.8242311758468007,0.6793570312377998,5.470070159905097,1.1004634794106736
rf,14,56,0.12,3308,0.6482907096764642,0.8162039439883922,0.6661888781822065,5.488992341237786,1.0957139450884217
rf,14,56,0.13,3583,0.6666586631397671,0.8280375526803124,0.6856461886488012,5.343739652211457,1.05992430268746
rf,14,56,0.14,3859,0.676062771679357,0.8337325051280906,0.6951098901071616,5.267822533152107,1.056759053116139
rf,14,56,0.15,4135,0.6940692892329512,0.8434311242198536,0.7113760613027661,5.119319588885887,1.0220683283457528
rf,14,56,0.16,4410,0.68682556426147,0.8381107355628443,0.702429605065692,5.179571785494817,1.011755175300467
rf,14,56,0.17,4686,0.6999303339069571,0.8461525907945915,0.7159742069083994,5.070044278380027,0.9775636923589288
rf,14,56,0.18,4962,0.688724249287182,0.8391087647983732,0.7041035191614515,5.163846800699124,1.0176915361035703
rf,14,56,0.19,5237,0.6900311185280981,0.8416702927919111,0.7084088817684213,5.152995376057436,1.0268895860123186
rf,14,56,0.2,5513,0.7000439633935114,0.8504958701659695,0.7233432251693697,5.069084232858655,0.9885892862954889
rf,14,56,0.21,5789,0.6975017090546174,0.8456983670687074,0.7152057280626781,5.090520225860368,1.0089977688274168
rf,14,56,0.22,6064,0.6979946236300534,0.8468333656193687,0.7171267491262274,5.086371087347275,0.9934808873793433
rf,14,56,0.23,6340,0.711765973295737,0.8544719442138414,0.7301223034485821,4.969049569955464,0.9664762182355657
rf,14,56,0.24,6616,0.715368455019348,0.856431307824522,0.7334745850220212,4.9378991950026085,0.9863616657243861
rf,14,56,0.25,6891,0.7226855386508901,0.8602767683263507,0.7400761181220297,4.874016146006571,0.9726887402532468
rf,14,56,0.26,7167,0.7178853288136544,0.8581154041211043,0.7363620467899262,4.916018863289709,0.9702552063568209
rf,14,56,0.27,7443,0.712957231621955,0.8553589216718221,0.7316388848835824,4.958770508546201,0.9684206285483008
rf,14,56,0.28,7718,0.7240920680241967,0.8609153749950779,0.7411752829029156,4.861640012421736,0.9514968174364454
rf,14,56,0.29,7994,0.739482771925295,0.8700108366250107,0.756918855844951,4.724098333254764,0.9265290379845404
rf,14,56,0.3,8270,0.7439726251917653,0.8722498585036723,0.7608198156596764,4.683212952895507,0.9114203622767044
rf,14,56,0.31,8545,0.7457590069296784,0.8724500071191625,0.7611690149222268,4.666846245462998,0.9136329198594958
rf,14,56,0.32,8821,0.750535382176373,0.8745779727449686,0.764886630410699,4.622800837896243,0.9132831727711174
rf,14,56,0.33,9096,0.7586085769065796,0.8801067554211787,0.7745879009379945,4.547383924947281,0.89513536713579
rf,14,56,0.34,9372,0.7666633264887535,0.883450147709692,0.7804841634882766,4.470871685832353,0.8824075506962586
rf,14,56,0.35,9648,0.7694245218291006,0.8869323208702263,0.7866489418042462,4.444339875280551,0.8742981665361108
rf,14,56,0.36,9923,0.7660605353926804,0.884993238398969,0.7832130320118944,4.476642881831093,0.8724046865098114
rf,14,56,0.37,10199,0.757082072882576,0.8796016329829676,0.7736990327463031,4.561739572017487,0.8797258146855732
rf,14,56,0.38,10475,0.7609765345156059,0.8796531796975647,0.7737897165520361,4.525024907230536,0.8848164814274707
rf,14,56,0.39,10750,0.7660857998482979,0.8826131520860356,0.7790059762352475,4.476401146219414,0.8747103634628217
rf,14,56,0.4,11026,0.7630256064486213,0.8803792295665148,0.7750675878521303,4.505587361960628,0.8665163317896809
rf,14,56,0.41,11302,0.7670803508482957,0.882497295359942,0.7788014763176128,4.466874679767103,0.8558547084813172
rf,14,56,0.42,11577,0.7742736195074176,0.8874930681975359,0.7876439460986762,4.397358399857393,0.8489755295529463
rf,14,56,0.43,11853,0.7656229331254749,0.8820904956665189,0.7780836425452049,4.480827882901094,0.8500645403552333
rf,14,56,0.44,12129,0.7756483394305445,0.8868276923087401,0.7864633558456455,4.383947542977971,0.8351992351389184
rf,14,56,0.45,12404,0.7765475453319544,0.8893209911818866,0.7908918253567332,4.375153247890182,0.8386526479646466
rf,14,56,0.46,12680,0.7738367860229072,0.8866860447309964,0.7862121419206987,4.401611303155526,0.8395694781141888
rf,14,56,0.47,12956,0.7754382758069596,0.8877174777268925,0.7880423202617958,4.38599943873894,0.8392270906236027
rf,14,56,0.48,13231,0.7871084142244116,0.8925249808114841,0.7966008413725401,4.270512064806233,0.8393342371641317
rf,14,56,0.49,13507,0.7806979254145892,0.886607829810954,0.7860734438820896,4.33433100698858,0.8472209408450764
rf,14,56,0.5,13782,0.7773679453339778,0.8844260350201335,0.7822094114214344,4.367114230426561,0.8408317087612862
rf,14,56,0.51,14058,0.7809385305999212,0.886474016605514,0.785836182116713,4.331952669446873,0.8376125381802715
rf,14,56,0.52,14334,0.783621390904403,0.8889981825153465,0.7903177685155892,4.305344093792167,0.8371881788578385
rf,14,56,0.53,14609,0.787194391409271,0.890753794267863,0.7934423220025945,4.269649645369025,0.8240541237830481
rf,14,56,0.54,14885,0.7872860006729333,0.8909612800809507,0.7938120026034862,4.26873053997863,0.8220880385116047
rf,14,56,0.55,15161,0.791338525516797,0.8937569294188994,0.7988014488842995,4.227872099389951,0.8218478123746571
rf,14,56,0.56,15436,0.7844745218915591,0.8896070684869736,0.7914007363019869,4.296848221447425,0.8245198466959867
rf,14,56,0.57,15712,0.7923135837388539,0.8940416477620513,0.7993104679330838,4.217982279806835,0.8075181027715181
rf,14,56,0.58,15988,0.781193435400986,0.8874572873092457,0.787580436798285,4.329431557560464,0.8281554980695354
rf,14,56,0.59,16263,0.7867366276494374,0.8905944925802978,0.7931585502143581,4.27423937621746,0.8217980295296258
rf,14,56,0.6,16539,0.7905445137386704,0.8930755259678811,0.7975838950828075,4.235908543983355,0.8038515267360183
rf,14,56,0.61,16815,0.7914271703879444,0.8938200106170662,0.7989142113794923,4.226973948471406,0.7885779996198825
rf,14,56,0.62,17090,0.788808471747911,0.8923114949777049,0.7962198040693467,4.253426682321487,0.8103724272830292
rf,14,56,0.63,17366,0.7849667105346917,0.8908211797332956,0.7935623742614205,4.29193912971371,0.8073681299661256
rf,14,56,0.64,17642,0.7875453861519469,0.8916391925142209,0.7950204496274118,4.266127080704305,0.7967238610480288
rf,14,56,0.65,17917,0.7935022250062802,0.8954175525409668,0.801772593398455,4.20589467650122,0.7918981448321164
rf,14,56,0.66,18193,0.7897144830799765,0.8912740416071611,0.7943694172427634,4.24429327925235,0.7942662966381786
rf,14,56,0.67,18469,0.7899422041794297,0.8936053076772372,0.7985304459089299,4.241994554758516,0.797489750195285
rf,14,56,0.68,18744,0.7930823383470827,0.8952645285594039,0.8014985760966916,4.210168577862349,0.7842915524559927
rf,14,56,0.69,19020,0.7872740027044727,0.8917978728029322,0.7953034459358349,4.268850925501838,0.7899832150828355
rf,14,56,0.7,19296,0.7912828337855321,0.8942793326521508,0.7997355248087761,4.228436271114901,0.783963406609977
rf,14,56,0.71,19571,0.7890474800862295,0.8935329389810418,0.7984011130440982,4.251019170426779,0.7873472641813353
rf,14,56,0.72,19847,0.790143839712528,0.8949336481671161,0.8009062346217035,4.239958110004796,0.7871575828303699
rf,14,56,0.73,20122,0.7856197807943839,0.8916125929757437,0.7949730159529292,4.285416722826101,0.7908128478240982
rf,14,56,0.74,20398,0.7943395137727074,0.8962278671259644,0.8032243898131552,4.197359172096699,0.7670402898236424
rf,14,56,0.75,20674,0.7907100654841642,0.8943080414144082,0.799786872938475,4.234234200932398,0.7826525916100548
rf,14,56,0.76,20949,0.7911350191499535,0.8936202524207533,0.7985571555365308,4.229933306925363,0.785748191400244
rf,14,56,0.77,21225,0.7878511349696876,0.891377458191242,0.7945537729714794,4.263056229685397,0.7774771989465766
rf,14,56,0.78,21501,0.7981045889313504,0.8986381273946986,0.8075504840074506,4.158760674619837,0.7665224102764462
rf,14,56,0.79,21776,0.7952859061618593,0.8964573100374678,0.8036357087196125,4.187690496056285,0.7727599155407128
rf,14,56,0.8,22052,0.8001978174381245,0.8995392013216646,0.8091707747144183,4.137145726050954,0.7603207173183171
rf,14,56,0.81,22328,0.7960033855199005,0.8971698866611809,0.8049138055316362,4.180345572556731,0.7653149944088699
rf,14,56,0.82,22603,0.7996689221590567,0.8977603678804499,0.8059736781368407,4.142617815220844,0.7514715986086975
rf,14,56,0.83,22879,0.8000057616087765,0.8979385270325709,0.8062935983294232,4.13913362251851,0.771942887562923
rf,14,56,0.84,23155,0.8045020629378923,0.9012615476258763,0.8122723772289897,4.0923408062184645,0.760284340369523
rf,14,56,0.85,23430,0.8048981166409833,0.9006234362907759,0.8111225739962052,4.088193426292231,0.7633862307482214
rf,14,56,0.86,23706,0.795260396607929,0.8948467424373493,0.8007506924507357,4.18795140332173,0.7723320896427479
rf,14,56,0.87,23982,0.7958384822105916,0.8959542195998824,0.8027339636188343,4.182034849521404,0.7677164311487372
rf,14,56,0.88,24257,0.8073714018587925,0.9021328762248624,0.8138437263657429,4.062197987926857,0.7465217429583404
rf,14,56,0.89,24533,0.8041542620104916,0.8995086492380848,0.8091158100541239,4.095979431442817,0.7552400472657776
rf,14,56,0.9,24808,0.7998103574231049,0.8976614309910494,0.8057960446888986,4.1411551971837195,0.7660281117640402
rf,14,56,0.91,25084,0.7952439721361065,0.8948801917152909,0.8008105575243958,4.1881193813514574,0.7687783874239804
rf,14,56,0.92,25360,0.7946851266791516,0.8933384559286079,0.7980535968409094,4.193830853404828,0.7714759095859643
rf,14,56,0.93,25635,0.7952397807643252,0.8940521313596829,0.7993292135887916,4.188162246696481,0.7686930437983466
rf,14,56,0.94,25911,0.7980313566099393,0.8948583208139472,0.8007714143299572,4.159514847496705,0.7829969346035822
rf,14,56,0.95,26187,0.7986411137023941,0.8956494507642049,0.8021879386542219,4.153231171865535,0.7683271066233602
rf,14,56,0.96,26462,0.7975756609881348,0.8948213667305941,0.8007052783576084,4.1642046961369665,0.765369943729538
rf,14,56,0.97,26738,0.7997105256203078,0.8968181178791133,0.8042827365562351,4.142187636861774,0.7708607704718989
rf,14,56,0.98,27014,0.7927302891005896,0.8920778297749767,0.7958028543760324,4.213748641429877,0.7782502287615775
rf,14,56,0.99,27289,0.8026518718130486,0.8974582861635193,0.8054313754035614,4.111660146881238,0.7588368835905527
rf,14,56,1.0,27565,0.7964160403691236,0.8945780085005046,0.800269813292729,4.17611532311201,0.7655695049514357
rf,15,57,0.01,276,0.2556160847032434,0.5392142123615029,0.29075196681263593,7.985446324194802,2.211080711772987
rf,15,57,0.02,551,0.3800196375526793,0.6701802868810532,0.4491416169239708,7.28768632426774,1.771465666719411
rf,15,57,0.03,827,0.4641380673034081,0.7134603281794126,0.5090256398858751,6.775278593877591,1.4669352979425239
rf,15,57,0.04,1103,0.48772087089569693,0.7303491824514103,0.5334099283074435,6.624514208921862,1.3396087888158943
rf,15,57,0.05,1378,0.5131383737667536,0.752417791785831,0.5661325333958661,6.4580808447557505,1.3141957479473505
rf,15,57,0.06,1654,0.534843264649576,0.7482761053880959,0.5599171298947767,6.3124850356036655,1.2850347459778622
rf,15,57,0.07,1930,0.5419877617267548,0.7476102108364436,0.5589210273469117,6.263819666545646,1.2548653518558375
rf,15,57,0.08,2205,0.5594024503861923,0.7644039134962817,0.5843133429684308,6.143583190204231,1.2104754587553488
rf,15,57,0.09,2481,0.5555628998962197,0.7622034368503665,0.5809540791465106,6.170293995063185,1.2128965552792734
rf,15,57,0.1,2756,0.588776279481062,0.7830575443907315,0.6131791178272424,5.935260482123459,1.1731929203079745
rf,15,57,0.11,3032,0.5916436845522501,0.7860985393048386,0.617950913497201,5.914531416097266,1.1335204956665619
rf,15,57,0.12,3308,0.5784700368766114,0.7762266648069164,0.6025278351572689,6.0091760814198185,1.157900434377285
rf,15,57,0.13,3583,0.5906268167619049,0.7788924387773193,0.60667343118448,5.921890867630819,1.1326112621517346
rf,15,57,0.14,3859,0.5943085267432259,0.7843353886172928,0.6151820018374398,5.8952013724872065,1.1230569235219223
rf,15,57,0.15,4135,0.607462295417905,0.7911293612227565,0.6258856661887267,5.798843578111485,1.097031712266948
rf,15,57,0.16,4410,0.6184647501649927,0.7976139393803393,0.6361879962938236,5.7169979814028276,1.0852422629209795
rf,15,57,0.17,4686,0.6200005968890712,0.7950962762383574,0.6321780884881024,5.70547966595488,1.0896531486221306
rf,15,57,0.18,4962,0.6444991313393932,0.8106841192559198,0.6572087412137464,5.518499884684233,1.0562867903565645
rf,15,57,0.19,5237,0.6450634654493007,0.8125429992256069,0.6602261255905446,5.514118018274737,1.0543132878956945
rf,15,57,0.2,5513,0.653517707832546,0.818654991940772,0.6701959958295454,5.448051779980045,1.0288854895916157
rf,15,57,0.21,5789,0.6562752626336976,0.8198415116867215,0.6721401042847687,5.426328718251593,1.0238878790815944
rf,15,57,0.22,6064,0.6778030403046014,0.8311999540789786,0.6908933636608962,5.2536534734339275,0.997419108006016
rf,15,57,0.23,6340,0.6761933035100833,0.8286034688651139,0.6865837086152998,5.266761080897312,0.9938368303611236
rf,15,57,0.24,6616,0.6793110623605014,0.8313134992289732,0.6910821340003201,5.241344360691592,0.995539455545081
rf,15,57,0.25,6891,0.6932890828723532,0.8402650441954372,0.70604534449676,5.125843259574219,0.9668668462218132
rf,15,57,0.26,7167,0.6963663276835261,0.8436735776419934,0.7117851056112406,5.100064525565507,0.9714675263231516
rf,15,57,0.27,7443,0.6789207681067968,0.827832418941011,0.6853065138497255,5.244532878137665,1.018443667738219
rf,15,57,0.28,7718,0.6875950324077591,0.8332947694699286,0.6943801728259416,5.173204780152621,1.0073171597718305
rf,15,57,0.29,7994,0.6687938067659585,0.8188066093153558,0.6704442634585096,5.326598092436335,1.0322413780452009
rf,15,57,0.3,8270,0.6798660598116835,0.8257069566307372,0.6817919782283942,5.23680695373851,1.0206856433418858
rf,15,57,0.31,8545,0.6798066471163597,0.8259364206473053,0.6821709709516824,5.23729287282228,1.0189489999353427
rf,15,57,0.32,8821,0.6864617188558966,0.8291317424933714,0.6874594464100944,5.18257971993849,1.0070574508072692
rf,15,57,0.33,9096,0.6760367356739512,0.8237213195319519,0.6785168122514601,5.268034225863224,1.0145383175255094
rf,15,57,0.34,9372,0.6763474462730152,0.8232755824238835,0.6777826846153847,5.2655073549067595,1.0381159451695199
rf,15,57,0.35,9648,0.6953111623647319,0.834882796586569,0.6970292840362105,5.108918523880685,1.00501447641642
rf,15,57,0.36,9923,0.6859421352487491,0.8287734474661154,0.6868654272248699,5.186872128483376,1.0206368969152537
rf,15,57,0.37,10199,0.6915943504973956,0.832927643988728,0.6937684601206132,5.139985184682441,1.0155474411170926
rf,15,57,0.38,10475,0.7072387841587839,0.8431079373885433,0.7108309940875638,5.007921074788426,0.9838931972418059
rf,15,57,0.39,10750,0.6910951212138257,0.8325583037845057,0.6931533292005333,5.1441436583181686,0.9933180907714666
rf,15,57,0.4,11026,0.7041902884757818,0.8418985153867906,0.7087931102104821,5.033927061989822,0.9791457895279707
rf,15,57,0.41,11302,0.6886158812817958,0.832588172457636,0.6932030649163463,5.164745597152877,0.9935463477610278
rf,15,57,0.42,11577,0.6960970557754356,0.8364312819718357,0.6996172894610485,5.102325473368667,0.9771038159779147
rf,15,57,0.43,11853,0.7125074883573548,0.8462494901833858,0.7161381996356404,4.962653729094047,0.9904994789829802
rf,15,57,0.44,12129,0.7104525195837268,0.8455442776525153,0.7149451254709138,4.980358432904377,0.9717133386281149
rf,15,57,0.45,12404,0.7115428668493882,0.846464959287224,0.7165029273011218,4.970972334860819,0.9659598625683861
rf,15,57,0.46,12680,0.7149231034762586,0.8491672343976574,0.721084991974566,4.941760751330314,0.9533054365820552
rf,15,57,0.47,12956,0.719112792297314,0.8521724206478608,0.7261978345128346,4.905312557983879,0.9502396474460956
rf,15,57,0.48,13231,0.7358725506364661,0.8616377812902124,0.74241966614672,4.756718746963467,0.919891674720626
rf,15,57,0.49,13507,0.7334250415704686,0.8598886242836404,0.7394084461724117,4.778706742576863,0.9187383727301238
rf,15,57,0.5,13782,0.7409789690686556,0.8641746941135023,0.7467979019461654,4.710513127795567,0.9147778103672369
rf,15,57,0.51,14058,0.735066807144634,0.8606636173694681,0.7407418622634981,4.763968611830737,0.9179556584191737
rf,15,57,0.52,14334,0.732910554870588,0.8598440027538556,0.7393317090717725,4.783315945108494,0.9147900778206733
rf,15,57,0.53,14609,0.7385569686251313,0.8633155739450805,0.7453137802161238,4.732484932352015,0.9050514123484683
rf,15,57,0.54,14885,0.738897625428897,0.8633720488099041,0.7454112946662115,4.729400744798008,0.9058330802182496
rf,15,57,0.55,15161,0.7376088518180189,0.8623935830082591,0.743722692013823,4.741058287486449,0.9032687048511161
rf,15,57,0.56,15436,0.735002216020049,0.862199254312015,0.7433875541361948,4.764549307918771,0.9121955644684208
rf,15,57,0.57,15712,0.7549868751228309,0.8735249232560277,0.7630457915494491,4.58137012348578,0.8812655903875191
rf,15,57,0.58,15988,0.7450733775239933,0.8667264023397785,0.7512146565128556,4.673134713446182,0.8956564332729031
rf,15,57,0.59,16263,0.7461292767726833,0.8684164107119318,0.7541470623937946,4.6634466716670735,0.8815340393343795
rf,15,57,0.6,16539,0.7470207538302354,0.8684261496553357,0.7541639774051916,4.655251532492005,0.887672715500161
rf,15,57,0.61,16815,0.7450889126479736,0.867116036522945,0.7518902207952612,4.67299232181894,0.900680316276582
rf,15,57,0.62,17090,0.7488570517294177,0.8692029583186228,0.7555137827498456,4.6383252472446195,0.891340214027363
rf,15,57,0.63,17366,0.7539005168111285,0.8728900253125762,0.76193699629019,4.591515508245481,0.8760920267737684
rf,15,57,0.64,17642,0.7596275733868144,0.8763654788323528,0.768016452489059,4.537775736125102,0.8560615343202782
rf,15,57,0.65,17917,0.7542202613388317,0.8733555025408547,0.7627498338183889,4.5885317776227925,0.8613754895293254
rf,15,57,0.66,18193,0.7535043912657908,0.872539653391035,0.7613254467397476,4.595209309733138,0.8679755282877265
rf,15,57,0.67,18469,0.757301667148905,0.8753006961889953,0.7661513087489399,4.559677232781095,0.8600078738069976
rf,15,57,0.68,18744,0.7601534463483003,0.8763000594031081,0.7679017941098907,4.532809276000894,0.8521135951981813
rf,15,57,0.69,19020,0.7530786348681625,0.8720757837469694,0.7605161725978908,4.599176105920703,0.8599518140120896
rf,15,57,0.7,19296,0.7578403006659287,0.875059282875533,0.7657287485466421,4.5546146533428065,0.8535058899396258
rf,15,57,0.71,19571,0.7569307619255274,0.8735628228408507,0.7631120054496756,4.563160080038763,0.8558311029759798
rf,15,57,0.72,19847,0.7626572120364303,0.8779197981154441,0.7707431719230621,4.509088138141851,0.8399361288789191
rf,15,57,0.73,20122,0.7698823394579732,0.882213241936855,0.7783002042487359,4.4399254679927775,0.8280554684709898
rf,15,57,0.74,20398,0.7681009385971508,0.8810599941726579,0.776266713331524,4.457077647948903,0.8305449922257576
rf,15,57,0.75,20674,0.7645354675770895,0.8787625386774229,0.7722235993827893,4.491210952656982,0.8344887191834667
rf,15,57,0.76,20949,0.777088585198713,0.8861249342745935,0.7852173991431526,4.369853312964943,0.8220002057989592
rf,15,57,0.77,21225,0.7726253520418045,0.8824101131999308,0.7786476078775146,4.413384084326978,0.8206218703680821
rf,15,57,0.78,21501,0.7714550805823953,0.8820704870763024,0.7780483441710254,4.4247271007840325,0.8318419864488631
rf,15,57,0.79,21776,0.770818288727562,0.8816813468193668,0.7773619973292126,4.430887093822635,0.8287550200082052
rf,15,57,0.8,22052,0.7954302956480173,0.8947193921462635,0.8005227906825793,4.18621339908406,0.7987337312886725
rf,15,57,0.81,22328,0.7864511469097346,0.8886819932451265,0.7897556851181311,4.277099231909057,0.7996745598767754
rf,15,57,0.82,22603,0.7889807351936886,0.8904810117175532,0.7929564322295172,4.2516916235887585,0.8041445130462302
rf,15,57,0.83,22879,0.7920509431271048,0.8918634120405644,0.7954203457366376,4.220648471105759,0.8019805220276053
rf,15,57,0.84,23155,0.7952348809417964,0.8946549067836459,0.8004074022320541,4.188212356842491,0.7933557701707802
rf,15,57,0.85,23430,0.7946082995211978,0.8940376670318023,0.7993033500716679,4.194615428737016,0.7927969720653019
rf,15,57,0.86,23706,0.7867410023163797,0.889212237489191,0.7906984033005334,4.274195537302726,0.8016629408742265
rf,15,57,0.87,23982,0.7935010820163269,0.8934543527110789,0.7982606803783729,4.205906316550872,0.784574807502353
rf,15,57,0.88,24257,0.7873459077525915,0.8901625653765181,0.7923893927977038,4.2681293919839405,0.7893486119153068
rf,15,57,0.89,24533,0.7892816138971321,0.891463750405686,0.7947076182873712,4.248659436486547,0.7949739391313622
rf,15,57,0.9,24808,0.7887596337556451,0.8903658255753366,0.7927513033524507,4.253918455862813,0.77999594569944
rf,15,57,0.91,25084,0.7845604444061582,0.8884179346494765,0.7892864266068415,4.295991634070802,0.7890980500770501
rf,15,57,0.92,25360,0.7804973675605991,0.8853059776919852,0.7837666741371617,4.336312487263175,0.7964822749533524
rf,15,57,0.93,25635,0.7885308924304579,0.8905971047890144,0.7931632030585748,4.256221007427722,0.782117532387789
rf,15,57,0.94,25911,0.780254277575471,0.8859758554023551,0.7849532163559348,4.338712965200477,0.7900559901472655
rf,15,57,0.95,26187,0.7883975928504151,0.890995022642505,0.793872130373718,4.257562250836441,0.7766178875934096
rf,15,57,0.96,26462,0.7876056161879554,0.8896809018941435,0.7915321071951766,4.265522322830096,0.7830465839589845
rf,15,57,0.97,26738,0.7910986426996582,0.8921820482848785,0.7959888072818012,4.230301638799511,0.772089232118346
rf,15,57,0.98,27014,0.7936708797414659,0.893264831306083,0.7979220588482849,4.204176767072711,0.7703993302439673
rf,15,57,0.99,27289,0.7987628571538012,0.8960841625309404,0.8029668263387767,4.151975440974496,0.7642975501706618
rf,15,57,1.0,27565,0.796898147567372,0.894738307046474,0.8005566380963903,4.171167662648192,0.7665582979507017
rf,16,58,0.01,276,0.31120774192238587,0.5969529966496773,0.3563528802090296,7.681478745655318,2.084015139473136
rf,16,58,0.02,551,0.4220517482449474,0.658228145458954,0.43326429147433393,7.036313513615428,1.790777480308762
rf,16,58,0.03,827,0.481759724044707,0.7154472081499436,0.5118647076495486,6.662945878958547,1.538899482533065
rf,16,58,0.04,1103,0.4826342813926784,0.7101364963622122,0.5042938434655982,6.6573214716904445,1.4390555322161702
rf,16,58,0.05,1378,0.523908124719997,0.7427759165064141,0.5517160621419434,6.386252559334445,1.3200286398816476
rf,16,58,0.06,1654,0.5360320645657559,0.7596407190392717,0.5770540220225017,6.304413474003309,1.2733337574470602
rf,16,58,0.07,1930,0.5374766154697126,0.7640068673123726,0.5837064933004652,6.294591517381572,1.2361583023569367
rf,16,58,0.08,2205,0.5447619436449661,0.7654727186106997,0.5859484829372553,6.244820863787131,1.2103761912016107
rf,16,58,0.09,2481,0.5528232565850221,0.7787248132675894,0.6064123347986419,6.189282546761667,1.2819899602325615
rf,16,58,0.1,2756,0.5765267258528977,0.7966626899702325,0.6346714415906067,6.023011717234037,1.2353315770761502
rf,16,58,0.11,3032,0.604125488117911,0.8132110420241513,0.6613121988700059,5.8234382556955255,1.176524123709968
rf,16,58,0.12,3308,0.618749518398946,0.8180106960526362,0.6691414988565184,5.71486407200533,1.1514491077052076
rf,16,58,0.13,3583,0.6319401458682772,0.8297284782643043,0.6884493476427981,5.615131475637567,1.1011499755246343
rf,16,58,0.14,3859,0.624155483701491,0.8239236937653837,0.6788502531479937,5.674202277591351,1.1043193887317995
rf,16,58,0.15,4135,0.6559882652083449,0.8433416634112924,0.7112251612453255,5.4285936373232175,1.070960741455796
rf,16,58,0.16,4410,0.6561804434110334,0.8500148446611231,0.7225252361442732,5.427077114768215,1.0460900112918234
rf,16,58,0.17,4686,0.6615233101328573,0.8458826357615982,0.7155174334829886,5.384744325413119,1.0295420684147716
rf,16,58,0.18,4962,0.6646991350443157,0.8503677915187704,0.723125380852511,5.359423072315592,1.0070919131698233
rf,16,58,0.19,5237,0.6812206125064744,0.8565695410170047,0.733711378598082,5.225716204610658,0.9949284712644211
rf,16,58,0.2,5513,0.6787247641403873,0.8570945710880952,0.7346111037886858,5.246133405847072,0.9867355396719063
rf,16,58,0.21,5789,0.6771743326676304,0.854220298159421,0.7296923177875702,5.258776740782735,0.9840657090635181
rf,16,58,0.22,6064,0.668655923478604,0.8539610173612174,0.7292494191726056,5.327706725739929,0.97689531527725
rf,16,58,0.23,6340,0.6747487885106225,0.8570061362457556,0.7344595175628786,5.278495627355644,0.9781344520686335
rf,16,58,0.24,6616,0.669528582693206,0.854955741015722,0.7309493190957423,5.320686323195251,0.9699388179309697
rf,16,58,0.25,6891,0.6816296633219323,0.859896604901403,0.7394221711209595,5.222362365365925,0.9500726189700618
rf,16,58,0.26,7167,0.6875439555439877,0.8613445410275099,0.7419144183578917,5.173627661194777,0.9454025625290419
rf,16,58,0.27,7443,0.689412388694028,0.8651395188651156,0.7484663871021637,5.158135767078311,0.9403481160599201
rf,16,58,0.28,7718,0.6957561103702183,0.8664309663923464,0.7507026195235753,5.105186792778362,0.9248085253489114
rf,16,58,0.29,7994,0.6998830746370918,0.8670378225117547,0.751754585665925,5.0704435142649364,0.9294867218849454
rf,16,58,0.3,8270,0.7055273744124468,0.8689480824418264,0.7550707699793272,5.0225372799761425,0.9266157470240127
rf,16,58,0.31,8545,0.7079707515163506,0.8700338671149402,0.7569589299269774,5.001656705313643,0.9279551782683465
rf,16,58,0.32,8821,0.7065026622953854,0.8698930957457892,0.7567139980261928,5.0142131066505575,0.914983299634592
rf,16,58,0.33,9096,0.7169145075238073,0.8750230085845264,0.7656652655523162,4.924470173037678,0.8878801079120732
rf,16,58,0.34,9372,0.7192829758186756,0.8770055940548479,0.7691388120034967,4.903826321111434,0.8847113808132268
rf,16,58,0.35,9648,0.7166252993889084,0.8723600056684583,0.7610119794898725,4.926985019802549,0.8894730202398484
rf,16,58,0.36,9923,0.717047841014708,0.8744668612298145,0.7646922913891238,4.923310321775291,0.8922488638940991
rf,16,58,0.37,10199,0.7304831647978833,0.8713815512883178,0.7593058079256353,4.805002896875369,0.9047524560477795
rf,16,58,0.38,10475,0.7314354186454837,0.8712371375918766,0.7590541499192865,4.796506894672652,0.9034342735727448
rf,16,58,0.39,10750,0.7385544794001745,0.8739905423254569,0.7638594680743463,4.732507461526915,0.8756854568502449
rf,16,58,0.4,11026,0.734191160802079,0.8710862265332486,0.7587912140559342,4.7718349543229,0.8891186916194129
rf,16,58,0.41,11302,0.7431041807288606,0.8760575449524336,0.7674768220680852,4.691148954445222,0.8722041221786165
rf,16,58,0.42,11577,0.7490784424539956,0.8826747488228164,0.779114712209422,4.636280378770804,0.8507013270089098
rf,16,58,0.43,11853,0.7392323310411368,0.8745269951546765,0.7647974652542675,4.726368477099073,0.8745827810557281
rf,16,58,0.44,12129,0.7508082224023043,0.8812327523454929,0.7765711638064129,4.620272160497252,0.857546202986199
rf,16,58,0.45,12404,0.7428924918591051,0.875527154018884,0.7665477974244067,4.6930813711139825,0.8585967200579873
rf,16,58,0.46,12680,0.7487469159181761,0.8794093602647397,0.7733608229212388,4.639342177489615,0.8537519482079049
rf,16,58,0.47,12956,0.7398076666658666,0.8753713787912201,0.7662750508068417,4.721151669149411,0.8843386966390954
rf,16,58,0.48,13231,0.7499038776141036,0.8794406764497903,0.7734159033944648,4.628648309693032,0.8601560372284444
rf,16,58,0.49,13507,0.7500394086255249,0.8802491435647604,0.7748385547464941,4.627393971174419,0.8679205112648127
rf,16,58,0.5,13782,0.7522073524492691,0.8791836053274127,0.7729638118765078,4.607283246802919,0.8567333587675047
rf,16,58,0.51,14058,0.7589980791771685,0.8858495573215546,0.7847294382067942,4.543713679720057,0.8392867819372115
rf,16,58,0.52,14334,0.7586686994925571,0.8852459912072664,0.7836604649485357,4.5468175885311775,0.8418266217541878
rf,16,58,0.53,14609,0.7610445157977805,0.8866347657836146,0.786121207896165,4.52438137445,0.8344076915016923
rf,16,58,0.54,14885,0.7492863238034162,0.8819344728374272,0.7778084143790306,4.6343594678434865,0.850172890888557
rf,16,58,0.55,15161,0.7503551703149993,0.8813839085104452,0.776837594181149,4.624470279341698,0.8474965278013371
rf,16,58,0.56,15436,0.7601267390190635,0.8852585047419042,0.7836826202178719,4.533061637058427,0.8415366240870933
rf,16,58,0.57,15712,0.7695346634716748,0.890603418369209,0.7931744488109203,4.443278258995573,0.835477547442204
rf,16,58,0.58,15988,0.7592387028286809,0.8831640195053941,0.7799786853489242,4.541444822252322,0.8565269166572166
rf,16,58,0.59,16263,0.7764244208946094,0.892196542662129,0.7960146707382562,4.3763584575120325,0.8157104438039672
rf,16,58,0.6,16539,0.7754816013552074,0.8909514433723642,0.7937944744472991,4.385576314545656,0.8193836982303397
rf,16,58,0.61,16815,0.7764015500735504,0.8923560362315582,0.7962992953988981,4.3765822931205225,0.8115897518987264
rf,16,58,0.62,17090,0.7752381052891818,0.8902549125400486,0.7925538093016896,4.387953806122749,0.8035451720925968
rf,16,58,0.63,17366,0.7794351849327193,0.893738319669332,0.7987681840453611,4.346791626120906,0.8035341529639484
rf,16,58,0.64,17642,0.7764178632646509,0.8915566851456073,0.7948733228278235,4.376422637886765,0.7960126904572933
rf,16,58,0.65,17917,0.7776104899853673,0.8902007482781241,0.7924573722349321,4.364734723919486,0.800501702344963
rf,16,58,0.66,18193,0.7846330594876194,0.8937437699147155,0.7987779262613679,4.295267579306419,0.7906697548244912
rf,16,58,0.67,18469,0.7819746800698073,0.8933084161542983,0.797999926372101,4.321695569653929,0.8008417986583157
rf,16,58,0.68,18744,0.7874009536964587,0.8956456014169507,0.8021810433375314,4.26757694924866,0.7804070573005514
rf,16,58,0.69,19020,0.7928226833035572,0.8994060732668461,0.8089312846292873,4.212809359606027,0.7757330745464716
rf,16,58,0.7,19296,0.7914184867168024,0.8940074576063993,0.7992493342558579,4.227061939965126,0.7972222262052673
rf,16,58,0.71,19571,0.7908668594771379,0.8947174640166721,0.8005193404164249,4.232647820584383,0.7945500664600746
rf,16,58,0.72,19847,0.7934008883455165,0.8952856337656037,0.8015363660270786,4.206926549714318,0.7912083124643522
rf,16,58,0.73,20122,0.7881855151756734,0.8926034075506359,0.7967408431710067,4.259695278969738,0.7970214770730938
rf,16,58,0.74,20398,0.7896203747861233,0.8937572195623439,0.7988019675198118,4.245242889398772,0.790743152048548
rf,16,58,0.75,20674,0.7952942507440232,0.8967285350404406,0.8041220655557747,4.187605145597809,0.7924204056730815
rf,16,58,0.76,20949,0.7939348944668192,0.8962918284367968,0.8033390417225763,4.201486114699642,0.7832381276770686
rf,16,58,0.77,21225,0.7996482408509924,0.8987956411383753,0.807833604529343,4.142831642613714,0.7712429861281093
rf,16,58,0.78,21501,0.7921785802554648,0.8942949443863082,0.79976344755491,4.219352975593241,0.7904745746578169
rf,16,58,0.79,21776,0.7926317769494794,0.8943704780006436,0.7998985519190998,4.214749887896355,0.7822035643420913
rf,16,58,0.8,22052,0.7908963958717636,0.8939146015955381,0.7990833149457097,4.2323489163302295,0.783120441793491
rf,16,58,0.81,22328,0.8024723343211186,0.9009081525793159,0.8116354993838759,4.11353001344598,0.7625460318768594
rf,16,58,0.82,22603,0.7944241993782215,0.8955290493540518,0.8019722782369717,4.196494901791387,0.7783735913743076
rf,16,58,0.83,22879,0.7963986971627028,0.8963640672281937,0.8034685410178698,4.176293199816476,0.7701308356905212
rf,16,58,0.84,23155,0.7872962310385787,0.8915253996972438,0.7948175383053302,4.268627887592102,0.7877770847535799
rf,16,58,0.85,23430,0.7920365897114072,0.8943304758737918,0.7998270000766429,4.220794131003403,0.7804404559293638
rf,16,58,0.86,23706,0.7909722271640507,0.8933418636562404,0.7980596853608047,4.231581417386511,0.7717828893020255
rf,16,58,0.87,23982,0.8035032797848405,0.9010088179537102,0.8118168900303422,4.102781207557181,0.7565711895547337
rf,16,58,0.88,24257,0.8047341931229861,0.900715617814185,0.811288624174389,4.0899105043951245,0.761809944867771
rf,16,58,0.89,24533,0.7980998746331918,0.8972572367167035,0.8050705488404946,4.158809228282448,0.769942596037659
rf,16,58,0.9,24808,0.790403827397425,0.8922737210074658,0.796152393200509,4.237330885432429,0.7773322727925045
rf,16,58,0.91,25084,0.7952252692156427,0.8941137258236829,0.7994393547063079,4.188310653559328,0.7668747345442953
rf,16,58,0.92,25360,0.7974704729670263,0.8964792074482323,0.8036749693870107,4.165286501725439,0.7666475318803743
rf,16,58,0.93,25635,0.801411957710471,0.8982472726400138,0.8068481628052233,4.124556450515737,0.7508340263145625
rf,16,58,0.94,25911,0.7991268603164745,0.8971761103485747,0.8049249729801978,4.148218638865627,0.7718480354112834
rf,16,58,0.95,26187,0.7992622456765718,0.8969256319654306,0.8044755892765871,4.146820485942491,0.7623345736966006
rf,16,58,0.96,26462,0.7934154953076705,0.893358158345055,0.7980887990816684,4.206777828108961,0.7696967712596207
rf,16,58,0.97,26738,0.7983824951553785,0.8955907090180624,0.8020827180794756,4.155897450883217,0.7616259902921574
rf,16,58,0.98,27014,0.8033833149215618,0.8988399294517279,0.8079132187767871,4.104033428170103,0.754503694417856
rf,16,58,0.99,27289,0.7980929257602436,0.8956454984307916,0.802180858859341,4.1588807953214415,0.767471684755855
rf,16,58,1.0,27565,0.8009136516838914,0.8964420487396162,0.8036083467484804,4.129727969455977,0.7618159287014062
rf,17,59,0.01,276,0.20257360911790134,0.4820428978680496,0.2323653553850269,8.265059929558225,2.186364620353221
rf,17,59,0.02,551,0.32566330966234946,0.6425764367783864,0.4129044771028076,7.600446384282198,1.5965325709829024
rf,17,59,0.03,827,0.4141380033789619,0.6963655638636709,0.4849249985351683,7.0843232336241515,1.4735485308252367
rf,17,59,0.04,1103,0.47883580737972264,0.7270238194298473,0.5285636340183631,6.681715644044152,1.351244557183987
rf,17,59,0.05,1378,0.5133837172340996,0.7451320290559291,0.555221740725006,6.456453434087181,1.2785328812204446
rf,17,59,0.06,1654,0.5320477857256768,0.7478262014698672,0.5592440276048505,6.331424872687215,1.3127128499178267
rf,17,59,0.07,1930,0.5556357675358269,0.7549271120956484,0.5699149445770757,6.1697881493657345,1.264415180713133
rf,17,59,0.08,2205,0.5911863978904287,0.785166749815037,0.6164868250151089,5.917842102709184,1.2162619834646398
rf,17,59,0.09,2481,0.5927657382311771,0.7841793303782203,0.614937222192434,5.906400053198976,1.194847543333213
rf,17,59,0.1,2756,0.6040577954749037,0.7929972147923198,0.6288445826683765,5.82393612442006,1.170032091824848
rf,17,59,0.11,3032,0.6111007153815848,0.7971358114856437,0.6354255019528757,5.771906360956462,1.1458725948106068
rf,17,59,0.12,3308,0.6309076168061728,0.8094720862044241,0.6552450583441426,5.62300210576698,1.0921782147885297
rf,17,59,0.13,3583,0.6312471390012147,0.8136672663721761,0.6620544203655698,5.620415255763894,1.0924548211026068
rf,17,59,0.14,3859,0.6452111929880819,0.8203273048281102,0.6729368870465513,5.512970387950426,1.0603538375897696
rf,17,59,0.15,4135,0.6685051959996533,0.8322645247753119,0.6926642391994757,5.328918367288397,1.0462059399239707
rf,17,59,0.16,4410,0.6830090690091919,0.8396755144343694,0.7050549695406229,5.211036598782416,1.013367006546304
rf,17,59,0.17,4686,0.6821583329993617,0.8320632888288833,0.6923293166167376,5.218024568441764,1.038846120706369
rf,17,59,0.18,4962,0.6907473184299158,0.8381154790757926,0.7024375562664454,5.147038795755671,1.0043562351017077
rf,17,59,0.19,5237,0.6874369925710442,0.8371739373880841,0.7008602014418678,5.174513128532191,1.0481063570440097
rf,17,59,0.2,5513,0.6846429988085685,0.8371679227329246,0.70085013085296,5.197589103165964,1.0579934103109776
rf,17,59,0.21,5789,0.6848958104971392,0.8372999968736321,0.7010712847645844,5.195505314430356,1.0306612151829568
rf,17,59,0.22,6064,0.6945442475737311,0.8419664152775614,0.708907444455347,5.115344165858512,1.0218336605428713
rf,17,59,0.23,6340,0.6954112388383155,0.842600439994138,0.709975501478315,5.108079430883635,1.035024842203621
rf,17,59,0.24,6616,0.6955568920842168,0.8429001030386809,0.7104805837026189,5.106857952268679,1.0101304495999621
rf,17,59,0.25,6891,0.6947857988458743,0.8433555974323413,0.7112486637204614,5.113321185024111,0.9999875792415219
rf,17,59,0.26,7167,0.6947764415899662,0.8435540623665768,0.7115834561351546,5.113399566514835,1.0006941228722908
rf,17,59,0.27,7443,0.6935706862622302,0.8441232155638915,0.712544003053924,5.1234895997717125,0.9969701932631815
rf,17,59,0.28,7718,0.6924277274498105,0.8434470636472575,0.7114029491751809,5.133035826147574,0.9867678037060573
rf,17,59,0.29,7994,0.6984972099816682,0.8453745894842828,0.7146581965457196,5.082137048293668,0.9791266059993218
rf,17,59,0.3,8270,0.6999651033722118,0.844499753457603,0.7131798335899522,5.069750533534879,0.9757227031762976
rf,17,59,0.31,8545,0.7088907227516954,0.8491992199966991,0.7211393152430022,4.993772204120962,0.9547981177113364
rf,17,59,0.32,8821,0.7156728521158999,0.8532443879109934,0.7280259855016058,4.935258088834667,0.9393206374774616
rf,17,59,0.33,9096,0.7060580652052472,0.8476985979155778,0.7185929129080364,5.0180094970391025,0.974980329156109
rf,17,59,0.34,9372,0.71014163823546,0.8476943165855075,0.7185856543713707,4.983031371329471,0.9607941657921268
rf,17,59,0.35,9648,0.7112980815118852,0.8484750824789002,0.7199099655875766,4.973081076439924,0.952877970486628
rf,17,59,0.36,9923,0.7056366559777008,0.8458275386802057,0.7154242251898149,5.021605238047569,0.96806263093613
rf,17,59,0.37,10199,0.718554259049832,0.8540992114404653,0.7294854629832247,4.910187147220782,0.9331108561604566
rf,17,59,0.38,10475,0.718971291929386,0.852969652807281,0.7275572286101735,4.906547958028717,0.9300728628526748
rf,17,59,0.39,10750,0.7203766475920836,0.8545165088567566,0.7301984639087393,4.894264360323934,0.9252497705057274
rf,17,59,0.4,11026,0.7246675365850119,0.8579728175413658,0.7361173556398698,4.856567339619563,0.9092552868140991
rf,17,59,0.41,11302,0.7214595375536786,0.8542181234683682,0.7296886024618204,4.884778223162577,0.9285235762595938
rf,17,59,0.42,11577,0.7287941732566817,0.8596560197403257,0.7390084722757793,4.820035231174709,0.9124219266265144
rf,17,59,0.43,11853,0.7226870298662339,0.856779488307681,0.7340710915847717,4.874003041357434,0.9116354373917362
rf,17,59,0.44,12129,0.7250691507810516,0.8570092132716461,0.7344647916324859,4.853024026663545,0.9084203747885266
rf,17,59,0.45,12404,0.724294730901605,0.8559073269461753,0.7325773523201471,4.8598541722289905,0.9095478899027591
rf,17,59,0.46,12680,0.7251744193538583,0.8578140814409984,0.7358449983184637,4.8520948478793535,0.9028121805943451
rf,17,59,0.47,12956,0.7358781619189287,0.8626260823155404,0.7441237578910574,4.756668219397491,0.894303413583698
rf,17,59,0.48,13231,0.7386504663614601,0.8646974529949252,0.7477016852159108,4.7316386367117005,0.8840566691755432
rf,17,59,0.49,13507,0.7430125990790025,0.8661163271765145,0.7501574922017352,4.691985061625889,0.8900749211901193
rf,17,59,0.5,13782,0.7515849847274055,0.8707944236220756,0.7582829282113028,4.613065553450298,0.871452935504664
rf,17,59,0.51,14058,0.7471101387015637,0.8683136911279666,0.7539686662002738,4.654429042450104,0.8744623851302425
rf,17,59,0.52,14334,0.7495752438747961,0.869412186973903,0.7558775508587449,4.631688402064276,0.8648343691094817
rf,17,59,0.53,14609,0.7577213659406902,0.8742340167455462,0.764285116035052,4.5557329966243065,0.860904382124039
rf,17,59,0.54,14885,0.7534509384967012,0.8716298595433727,0.7597386120475996,4.59570752012474,0.8630262117334291
rf,17,59,0.55,15161,0.7615717254765386,0.8763007506748266,0.7679030056332646,4.519387526352317,0.8584010273491149
rf,17,59,0.56,15436,0.7639987089117303,0.8775000787581135,0.7700063882204955,4.496327061006431,0.8521823747575424
rf,17,59,0.57,15712,0.7576269251439826,0.873739748064038,0.7634211473470086,4.55662082797558,0.8573374333124726
rf,17,59,0.58,15988,0.7651768878529127,0.8782935280373111,0.771399521392227,4.485089609765397,0.853142291835899
rf,17,59,0.59,16263,0.7741349010161421,0.8838472305270657,0.781185926910364,4.398709374504893,0.8314248415473806
rf,17,59,0.6,16539,0.774422252422727,0.8839785299914702,0.7814180414858806,4.39591040821252,0.841536933952309
rf,17,59,0.61,16815,0.7807806186945209,0.8875020904276039,0.7876599605133667,4.333513746499557,0.8329121440385233
rf,17,59,0.62,17090,0.776465481562111,0.8849470889416143,0.7831313502262375,4.375956570035158,0.8270529849206537
rf,17,59,0.63,17366,0.7724279522436287,0.8820447356930895,0.7780029157638921,4.415299452046626,0.8479850149479013
rf,17,59,0.64,17642,0.7761746119215848,0.8846496959237337,0.7826050844979544,4.378802705680598,0.8306193061470205
rf,17,59,0.65,17917,0.7751958042476181,0.8839841086890566,0.7814279044147859,4.388366701475919,0.8302510656641203
rf,17,59,0.66,18193,0.7789916659857223,0.8864116246858955,0.7857255683782889,4.35115976673788,0.8266511361701124
rf,17,59,0.67,18469,0.7716722254350444,0.8822807792940063,0.778419373511639,4.422624592783846,0.8339192326956513
rf,17,59,0.68,18744,0.7754484575720341,0.8842733201373192,0.7819393047066778,4.385900005671551,0.8288703107635109
rf,17,59,0.69,19020,0.7772275352886455,0.8849113674786441,0.7830681282929238,4.368491143685964,0.8247626340430421
rf,17,59,0.7,19296,0.7740363607739157,0.8831601434945324,0.7799718390572831,4.399668802551139,0.8257876329423698
rf,17,59,0.71,19571,0.7776166668107831,0.8846628482107799,0.7826283550044094,4.364674108669288,0.8174202802470779
rf,17,59,0.72,19847,0.7770026106895941,0.8842864749163311,0.781962569719951,4.370695934181443,0.8224800894263629
rf,17,59,0.73,20122,0.7854340728253002,0.8881245149040117,0.788765153973486,4.28727245318351,0.8247339517399738
rf,17,59,0.74,20398,0.7825696851165811,0.8873795466345568,0.7874424597853515,4.315794448919147,0.8168708742075318
rf,17,59,0.75,20674,0.7800907375747701,0.8852497596672485,0.7836671369909213,4.340327151693077,0.8157621421531648
rf,17,59,0.76,20949,0.7804785458859617,0.8857106901348187,0.7844834266190969,4.336498395997696,0.8221583474608585
rf,17,59,0.77,21225,0.7787082396624738,0.8853034487886183,0.7837621964370217,4.35394888799772,0.8182421213301201
rf,17,59,0.78,21501,0.779894379967202,0.8857388699485181,0.784533345737678,4.342264464577378,0.8170491567183434
rf,17,59,0.79,21776,0.786629670340629,0.8892178307395944,0.7907083505052299,4.275311064783965,0.8056402051348556
rf,17,59,0.8,22052,0.7843652299598827,0.8883904729653964,0.7892376324556808,4.297937538884751,0.8044269625387125
rf,17,59,0.81,22328,0.7812869920890446,0.8862687211863806,0.7854722461533423,4.328505875588939,0.8091370298839358
rf,17,59,0.82,22603,0.7838958539990751,0.8873251004458917,0.7873458338813119,4.302612693905359,0.8015481733176593
rf,17,59,0.83,22879,0.783166858526181,0.8873883608984714,0.7874581030580757,4.309863698765239,0.8022624181670395
rf,17,59,0.84,23155,0.7791002737293408,0.8854398811241612,0.7840037830851686,4.35009051358456,0.8074315521073208
rf,17,59,0.85,23430,0.7832360059910919,0.8870856626453099,0.7869209728708685,4.309176442403578,0.8020315319426827
rf,17,59,0.86,23706,0.783485042612827,0.8878141180717967,0.7882139082476021,4.306700359706296,0.801055782185348
rf,17,59,0.87,23982,0.788622364836997,0.8908272810016699,0.7935732445768281,4.255300379130322,0.7956829117562323
rf,17,59,0.88,24257,0.7835021203105174,0.8890445772395779,0.7904002603190997,4.306530510061674,0.7974551591083294
rf,17,59,0.89,24533,0.7861298355427377,0.8895635988050586,0.7913233963190073,4.280315741913036,0.7898404062515392
rf,17,59,0.9,24808,0.7885529702980585,0.8906305428595296,0.7932227638742604,4.255998821932839,0.7832686299687379
rf,17,59,0.91,25084,0.7902292787301926,0.8919112977966124,0.7955057631372374,4.239094912244721,0.78341174220832
rf,17,59,0.92,25360,0.788567267439976,0.8910662269364784,0.7939990207868116,4.255854933300638,0.7845881419009644
rf,17,59,0.93,25635,0.7907639711519934,0.8920229406632544,0.7957049266695199,4.233688871502211,0.7721167854965821
rf,17,59,0.94,25911,0.78981781941031,0.8920286805114302,0.7957151668549634,4.243250307787159,0.7815045299870698
rf,17,59,0.95,26187,0.7939518404264263,0.8926999498961937,0.7969132005446667,4.201313354547871,0.7837950081337913
rf,17,59,0.96,26462,0.8016300043078,0.8966168478853012,0.8039217719117733,4.1222914790410305,0.7657544612359722
rf,17,59,0.97,26738,0.7977328285268241,0.894793477716815,0.8006553677645522,4.162587783631191,0.775106421789361
rf,17,59,0.98,27014,0.8020835171166183,0.8977019365909155,0.80586876695908,4.11757659834031,0.7699571700863567
rf,17,59,0.99,27289,0.7973743180698483,0.8945987325894228,0.8003068923506016,4.166275160452412,0.7737301198754237
rf,17,59,1.0,27565,0.8014689124456942,0.897195008984931,0.8049588841474704,4.123964949981694,0.7660608635542051
rf,18,60,0.01,276,0.15873591129941012,0.554754663483747,0.3077527366569654,8.489202238348007,1.97877460602973
rf,18,60,0.02,551,0.30930712365363267,0.6758696197091861,0.4567997428458399,7.692069385442157,1.6373879572948993
rf,18,60,0.03,827,0.437554594624452,0.7016617813819919,0.49232925545215017,6.941301223316358,1.6476446205624538
rf,18,60,0.04,1103,0.4922767782320784,0.7249075735272474,0.5254909901571616,6.594991168182361,1.4910257820985886
rf,18,60,0.05,1378,0.516388368346797,0.7393875459191351,0.5466939430603212,6.436489625575879,1.3940980178899571
rf,18,60,0.06,1654,0.5882466058377567,0.7796842425974935,0.607907518154827,5.9390816860288815,1.3040400358409237
rf,18,60,0.07,1930,0.5991001577492979,0.7878285602047653,0.6206738402743135,5.860283785932056,1.2639228668123297
rf,18,60,0.08,2205,0.6048593196520333,0.7971526884540581,0.6354524087095326,5.818038306031632,1.2093472539959085
rf,18,60,0.09,2481,0.6407138165624001,0.8105300193807214,0.6569589123173126,5.547802129398794,1.1433311676232212
rf,18,60,0.1,2756,0.6339994463493153,0.7968899224820263,0.6350335485534099,5.599401068809684,1.2728481917132677
rf,18,60,0.11,3032,0.630460140183571,0.7956683896777692,0.6330881863324144,5.626409653494419,1.2370032094193544
rf,18,60,0.12,3308,0.640090984397838,0.8003410286540945,0.6405457621470941,5.552608678578051,1.1828355555528465
rf,18,60,0.13,3583,0.6412296848517807,0.8022930359696899,0.6436741155654622,5.5438178915315595,1.1553707743581583
rf,18,60,0.14,3859,0.6511533842224977,0.8095371188086783,0.6553503467290561,5.466608367358521,1.1220732179518926
rf,18,60,0.15,4135,0.6399634372720078,0.8037929935069121,0.6460831764108029,5.553592477972175,1.1242741623643917
rf,18,60,0.16,4410,0.6469342693616678,0.812413608871489,0.6600158718795966,5.499566877853209,1.1173496803923493
rf,18,60,0.17,4686,0.6746561185412009,0.8291124619493057,0.6874274745596388,5.279247543372502,1.0585379698531325
rf,18,60,0.18,4962,0.6732972238876327,0.830155269116954,0.6891577708426424,5.290261221903461,1.0429138409978385
rf,18,60,0.19,5237,0.667259831193722,0.8276983042179363,0.6850844828052475,5.338918865051712,1.040207662983248
rf,18,60,0.2,5513,0.676112522794612,0.832061027844933,0.6923255540583663,5.267417994731419,1.0077320947881088
rf,18,60,0.21,5789,0.6907926564978177,0.8397553061061873,0.7051889741334963,5.146661490461677,1.0088658176639425
rf,18,60,0.22,6064,0.6873408475960188,0.8393889532696169,0.7045738148710632,5.175308912376281,1.0071324164717963
rf,18,60,0.23,6340,0.6798328080477812,0.8334388401434141,0.6946203002595993,5.237078915759834,1.0209424262853948
rf,18,60,0.24,6616,0.6798751372266517,0.8340722161091481,0.6956764616852253,5.236732708241796,0.9969694022054798
rf,18,60,0.25,6891,0.6880369780394344,0.8409959167270182,0.7072741319515178,5.169544331956503,0.9636829997941411
rf,18,60,0.26,7167,0.7159257356388005,0.857726604746454,0.7356949284898797,4.933062865672111,0.9557350257701761
rf,18,60,0.27,7443,0.7171858538974638,0.8556619053745566,0.7321572963092166,4.922109477207141,0.9400938878532682
rf,18,60,0.28,7718,0.7199498995325291,0.8587696553737518,0.7374853209907525,4.897997634960293,0.9271916023060276
rf,18,60,0.29,7994,0.7417226104672523,0.8683528616213823,0.7540366922860434,4.703746398514329,0.9158359324233767
rf,18,60,0.3,8270,0.7336856742067812,0.8662006582408223,0.7503035803368338,4.776370079891881,0.9177130424495367
rf,18,60,0.31,8545,0.7401395636560074,0.8689428283742107,0.755061638982973,4.718139597238595,0.909682232471628
rf,18,60,0.32,8821,0.7396751334122207,0.8666901148567396,0.7511517551903886,4.722353914282971,0.9063375545895965
rf,18,60,0.33,9096,0.743095890362,0.8707406081661621,0.7581892067095778,4.691224648616067,0.894400881088174
rf,18,60,0.34,9372,0.7426175279481804,0.8691999424495199,0.7555085399542487,4.695590211072341,0.8953459346794705
rf,18,60,0.35,9648,0.7584466365087923,0.874601442961343,0.7649276840300633,4.548909003359479,0.8877685208691481
rf,18,60,0.36,9923,0.7663992334013614,0.8794195263659623,0.7733787033537335,4.473401061922626,0.8830420888174794
rf,18,60,0.37,10199,0.7619514712551403,0.8759062177752576,0.7672117023373569,4.515787067807043,0.8962521124953735
rf,18,60,0.38,10475,0.7619711026897525,0.8760866079065566,0.7675277445532166,4.515600859543507,0.8874384087497326
rf,18,60,0.39,10750,0.7609298750536723,0.8748144574628927,0.7653003349860952,4.5254665478119875,0.8995411248158338
rf,18,60,0.4,11026,0.770029854346796,0.8806636990354947,0.7755685507988803,4.438502152400225,0.8759291954323736
rf,18,60,0.41,11302,0.7707186067062752,0.8798346521725836,0.7741090151636512,4.4318505907847445,0.8698126853577567
rf,18,60,0.42,11577,0.7681171387806449,0.8795720148040764,0.7736469292265025,4.4569219622458265,0.8763216178854051
rf,18,60,0.43,11853,0.7668711524096786,0.8779329235745637,0.7707662182961806,4.468880207171917,0.8726161012349792
rf,18,60,0.44,12129,0.7665118067673904,0.8775428608190171,0.7700814725744248,4.472323054972522,0.8703540616124228
rf,18,60,0.45,12404,0.7788131787455881,0.8848597674271392,0.782976808011211,4.352916419407128,0.8417027440599694
rf,18,60,0.46,12680,0.7798349561101323,0.8864084647601321,0.7857199663984145,4.342850584752951,0.839918887857986
rf,18,60,0.47,12956,0.7762917853862237,0.8850071381824031,0.783237634633807,4.377656395479238,0.8434784942492475
rf,18,60,0.48,13231,0.7798469377561075,0.8852668410284631,0.7836973798245142,4.3427324115741515,0.8406074967742936
rf,18,60,0.49,13507,0.7792889652905259,0.8851125902116525,0.7834242973511806,4.348232202699768,0.8319818619652388
rf,18,60,0.5,13782,0.772163617550574,0.8819485736825744,0.7778332866207274,4.417862987681894,0.8542313147833797
rf,18,60,0.51,14058,0.7842873451283993,0.8882180656108905,0.7889313320775521,4.298713651938995,0.8297597696936234
rf,18,60,0.52,14334,0.7779898961320086,0.8846642664893811,0.7826308644031947,4.361009921228128,0.8251783752472783
rf,18,60,0.53,14609,0.7795769663002952,0.88504624664356,0.7833068586978533,4.345394319997895,0.8312431522591739
rf,18,60,0.54,14885,0.7764950174724806,0.8831509440048273,0.7799555898966176,4.375667460031831,0.8373574092185806
rf,18,60,0.55,15161,0.7775538275487875,0.884350379099585,0.7820755930135798,4.365290732053775,0.8216757461605074
rf,18,60,0.56,15436,0.7837340174506908,0.8871107794462838,0.7869655350097932,4.304223467422849,0.8158525092837468
rf,18,60,0.57,15712,0.7767305203586583,0.8828223260569195,0.7793752593845498,4.373361574281386,0.8248861553290232
rf,18,60,0.58,15988,0.782054689074037,0.8857392538947777,0.7845340258900775,4.320902528076541,0.8179216587400931
rf,18,60,0.59,16263,0.7820177946732543,0.8865509090484688,0.7859725143346664,4.321268239921551,0.8068506719915476
rf,18,60,0.6,16539,0.7848320536461701,0.8882384767168767,0.7889675915203176,4.2932827559035545,0.8228663506568039
rf,18,60,0.61,16815,0.782252809778026,0.8858204645107411,0.7846778953460252,4.318938147921893,0.8232068132461209
rf,18,60,0.62,17090,0.7829082786031011,0.8869117539234679,0.786612459247602,4.31243275292871,0.8192573599111832
rf,18,60,0.63,17366,0.7793575088193946,0.8862166942830796,0.7853800292260293,4.347556961601365,0.8208741978350466
rf,18,60,0.64,17642,0.7866104993403173,0.8894788364370515,0.7911726004694111,4.275503125575474,0.810023935939477
rf,18,60,0.65,17917,0.7882050404589758,0.8916460265519661,0.7950326366659095,4.259498942836314,0.8082916154222405
rf,18,60,0.66,18193,0.787024674535659,0.889856203038892,0.7918440620867938,4.271351872989909,0.8108563943568794
rf,18,60,0.67,18469,0.7929429548781524,0.8937166000678681,0.7987293612368698,4.211586361886399,0.7957032209311329
rf,18,60,0.68,18744,0.7856541447861223,0.8890582686369414,0.7904246050317159,4.285073244478881,0.8127719735401006
rf,18,60,0.69,19020,0.7965950158185295,0.8955498704647727,0.8020095704894712,4.174279258867512,0.7776243113585393
rf,18,60,0.7,19296,0.7857059948741605,0.8893116692004674,0.7908752449761216,4.284554935266053,0.8103767281993648
rf,18,60,0.71,19571,0.7939892363202927,0.8940895104554897,0.7993960527065371,4.200932086892102,0.7969076016495638
rf,18,60,0.72,19847,0.7902543003752907,0.8915961260645954,0.7949436520133939,4.238842083129715,0.7996036626353683
rf,18,60,0.73,20122,0.7922254249773323,0.8925276683143956,0.7966056387067317,4.218877409705112,0.7955850400363547
rf,18,60,0.74,20398,0.7893108035999843,0.8910376505307505,0.7939480946633598,4.248365154141471,0.8129798775582394
rf,18,60,0.75,20674,0.7943520718220336,0.894061329814866,0.7993456614703266,4.197231020478541,0.7946784144730951
rf,18,60,0.76,20949,0.7956898717146004,0.8939910961610508,0.7992200800152371,4.1835566378184375,0.7840028958183407
rf,18,60,0.77,21225,0.7947309372617697,0.8929480582321185,0.797356234700511,4.193362956097607,0.7870737165327576
rf,18,60,0.78,21501,0.7987488382252834,0.8961048823797073,0.8030039602247491,4.152120059488779,0.7851471550587492
rf,18,60,0.79,21776,0.7967631851302215,0.8939813418859861,0.7992026396402684,4.172553315848138,0.7760393838326571
rf,18,60,0.8,22052,0.7970094095645199,0.8953596776003917,0.8016689522726773,4.170024994534873,0.7818017386902388
rf,18,60,0.81,22328,0.7895228227657805,0.8906239473665877,0.7932110156228424,4.2462270246819696,0.7890929277683676
rf,18,60,0.82,22603,0.7879838739762499,0.8896774445196163,0.7915259552869549,4.261722349366043,0.794210650629522
rf,18,60,0.83,22879,0.7844467565724356,0.8872680399055243,0.7872445746377911,4.297124985756312,0.8138256594546864
rf,18,60,0.84,23155,0.7857831548386685,0.8878217742023716,0.7882275027478469,4.283783504747036,0.7984059384145141
rf,18,60,0.85,23430,0.7902402642236955,0.8905266741815593,0.7930377574288691,4.238983912103619,0.7948003130996141
rf,18,60,0.86,23706,0.7937975733393191,0.8932104806338492,0.7978249627141519,4.202885810007322,0.7840547914645672
rf,18,60,0.87,23982,0.7894928534446017,0.8904043264459313,0.7928198645536325,4.2465293187681015,0.796991968947484
rf,18,60,0.88,24257,0.7950403025839456,0.8937081628552194,0.7987142803540513,4.190201811833626,0.7810562705373488
rf,18,60,0.89,24533,0.7963826379513139,0.8946913266952886,0.8004725700637757,4.176457900758773,0.7801667388992544
rf,18,60,0.9,24808,0.7889989329006355,0.8901973214154192,0.7924512710551871,4.251508292681975,0.7941675293171193
rf,18,60,0.91,25084,0.7941494512608421,0.8932062228514245,0.7978173565405086,4.199298232956774,0.788274649995556
rf,18,60,0.92,25360,0.792823858754828,0.8918760366884649,0.7954428648191241,4.212797408589337,0.7825195621473989
rf,18,60,0.93,25635,0.7941672647564493,0.8928387499402509,0.7971610333948699,4.199116533662144,0.7816984357092043
rf,18,60,0.94,25911,0.7870771928966133,0.8886361943391888,0.7896742858896366,4.2708251964139095,0.7830840053537339
rf,18,60,0.95,26187,0.795798554273772,0.8942425682230479,0.7996697708221525,4.182443770511438,0.7768942454660377
rf,18,60,0.96,26462,0.7942742688202223,0.8937552551771346,0.798798456156745,4.1980249168594606,0.7769424489481527
rf,18,60,0.97,26738,0.7950174435356767,0.8938501501781531,0.7989680909735067,4.190435470831332,0.777082718626698
rf,18,60,0.98,27014,0.7986203279097701,0.8949272703887381,0.8008948192854376,4.153445530356727,0.7741823141726154
rf,18,60,0.99,27289,0.7959949840504534,0.8943453937277951,0.7998536832821248,4.180431654093167,0.771189616436223
rf,18,60,1.0,27565,0.8019633601093492,0.897298335980873,0.8051443037540438,4.1188263189398775,0.7628715354456604
rf,19,61,0.01,276,0.17838022000934606,0.5013812903430407,0.2513831983060525,8.389501339520999,2.1373050866479844
rf,19,61,0.02,551,0.4575294315494085,0.7004577506413663,0.4906410604335625,6.816929381074847,1.699319481742344
rf,19,61,0.03,827,0.5574068231710863,0.7548484866856721,0.5697962378516492,6.157480737215956,1.4462323590387487
rf,19,61,0.04,1103,0.5589608506852557,0.7532553614756526,0.5673936395918161,6.146661197615394,1.427032763018506
rf,19,61,0.05,1378,0.5753583547827134,0.7619931511471703,0.5806335623951943,6.031314797825673,1.3594940092597962
rf,19,61,0.06,1654,0.5866478454308699,0.7703006146670639,0.5933630369564564,5.950600679743097,1.266634269374716
rf,19,61,0.07,1930,0.584934786559304,0.7683955387503059,0.5904317039713728,5.962918493393821,1.2434612498376136
rf,19,61,0.08,2205,0.5767742630181119,0.7672788348911405,0.5887168104719059,6.021251113582235,1.219001379448876
rf,19,61,0.09,2481,0.6084133068376958,0.7844784406400597,0.6154064238290596,5.791814812919364,1.1986258353911141
rf,19,61,0.1,2756,0.6253404168451269,0.7989284556328846,0.638286677219946,5.665250626321324,1.1472027398952631
rf,19,61,0.11,3032,0.6427233748240949,0.8077900984462512,0.6525248431478041,5.532265399920098,1.1074918533609721
rf,19,61,0.12,3308,0.6411245917234816,0.8077106367331097,0.6523964726918056,5.544629796085355,1.1081157916466051
rf,19,61,0.13,3583,0.641205596727743,0.8084442807071153,0.653582155008045,5.5440039965769765,1.0951611905717005
rf,19,61,0.14,3859,0.6475629072278237,0.8107470313425943,0.6573107488308296,5.494668673395712,1.0832564777145646
rf,19,61,0.15,4135,0.6519809286544069,0.816619197288158,0.6668669133795555,5.460120491013963,1.0748353495840914
rf,19,61,0.16,4410,0.6682375989964291,0.826121325356197,0.6824764442082795,5.331068800570607,1.0546572470347289
rf,19,61,0.17,4686,0.6945916407089615,0.8411809701594601,0.7075854245584106,5.114947313613502,0.9940406703026723
rf,19,61,0.18,4962,0.6877572142277851,0.8372416843769241,0.700973638058309,5.171861797851676,1.0542327960515574
rf,19,61,0.19,5237,0.7021394382035668,0.8470048956348586,0.7174172932294177,5.051347042220856,1.0228155893741235
rf,19,61,0.2,5513,0.6946637135349196,0.8404538417499572,0.7063626601122621,5.114343743920543,1.0387069525438104
rf,19,61,0.21,5789,0.696713613905986,0.8414249939746015,0.7079960204851581,5.097147047944036,1.0259370284157163
rf,19,61,0.22,6064,0.7023376201889535,0.8460332302334823,0.7157722266593005,5.049666301820695,1.0148225231721315
rf,19,61,0.23,6340,0.7089016785556032,0.849227219313895,0.7211868700236103,4.9936782337324,0.9990282411613327
rf,19,61,0.24,6616,0.7057029852415806,0.8470758969797682,0.7175375752440788,5.021039443849494,0.9951450860254897
rf,19,61,0.25,6891,0.7162867882928565,0.8530968100131556,0.7277741672546222,4.929926957288613,0.9727342428734028
rf,19,61,0.26,7167,0.7281945295563457,0.8601782956279564,0.7399067002694161,4.825360905634827,0.9533272217681847
rf,19,61,0.27,7443,0.7149609965866552,0.8529281962230723,0.7274865079123436,4.941432305021405,0.9503870999493158
rf,19,61,0.28,7718,0.7235649315227166,0.8571357745595982,0.7346817360298824,4.8662820047546225,0.9390238252281592
rf,19,61,0.29,7994,0.718533399336552,0.8557549100118549,0.7323164660093978,4.910369106268953,0.947499112514444
rf,19,61,0.3,8270,0.71828806545662,0.85519996792216,0.7313669851340635,4.912508645220233,0.9344643979196477
rf,19,61,0.31,8545,0.7190198536175239,0.8543673705047555,0.7299436037832102,4.9061240146039395,0.9279818501183149
rf,19,61,0.32,8821,0.7120592282308931,0.8510117804098604,0.7242210503963604,4.966521122567979,0.9321067403826202
rf,19,61,0.33,9096,0.7130639231714511,0.8513137059446351,0.7247350259291886,4.957848854809645,0.9347064043217603
rf,19,61,0.34,9372,0.7098828230817829,0.8491783249522348,0.7211038275686832,4.98525555465188,0.9364969043099532
rf,19,61,0.35,9648,0.7230819322647044,0.8580304984514543,0.7362163362728511,4.870531438123938,0.9108076521790701
rf,19,61,0.36,9923,0.7197576125860538,0.8571217415357174,0.7346576798132212,4.899678868774488,0.9185267081952398
rf,19,61,0.37,10199,0.7435266317368505,0.8652572260460035,0.7486700672248249,4.6872901995365766,0.9198878016456679
rf,19,61,0.38,10475,0.7537287575170937,0.8714450141563531,0.7594164126979664,4.593117498419688,0.9289372287684474
rf,19,61,0.39,10750,0.7526520104837826,0.8707838846113126,0.7582645736987678,4.603147560314216,0.9069736344307101
rf,19,61,0.4,11026,0.7515781305393276,0.8705666562327715,0.7578863029443086,4.613129194129955,0.9135789015561414
rf,19,61,0.41,11302,0.7504167900602556,0.8703402954379023,0.757492229862935,4.623899515935238,0.9153055009432333
rf,19,61,0.42,11577,0.7545759952412476,0.8729361796621629,0.7620175737631719,4.58520992655,0.9166820615791228
rf,19,61,0.43,11853,0.7536869649442431,0.8718260916200489,0.7600807340294898,4.59350721110503,0.8934494349262575
rf,19,61,0.44,12129,0.7754682972144367,0.8834437148733247,0.7804727973491803,4.385706249242944,0.8646697708565719
rf,19,61,0.45,12404,0.7660580298793228,0.8758998197581277,0.7672004942523206,4.476666854397083,0.8967764844349859
rf,19,61,0.46,12680,0.7667352231234611,0.8767872482006865,0.7687558786073323,4.4701828412793425,0.8964721155111289
rf,19,61,0.47,12956,0.7705366123419889,0.8789697039999766,0.7725877405498066,4.433609154414146,0.8893954058176049
rf,19,61,0.48,13231,0.7731158196279743,0.8802048995491178,0.7747606651902726,4.408621481196234,0.8829078955405534
rf,19,61,0.49,13507,0.7684282323150754,0.8770716188491372,0.7692546245906462,4.453931260499391,0.8790987275980089
rf,19,61,0.5,13782,0.769153622985101,0.8784876733461505,0.7717405922211329,4.446949895049804,0.8635446993430766
rf,19,61,0.51,14058,0.7624337401050438,0.8740838469941408,0.7640225715760764,4.511210422041896,0.8862153128564558
rf,19,61,0.52,14334,0.7658887698464706,0.8763647174460065,0.7680151179842188,4.47828602468282,0.8776725891469173
rf,19,61,0.53,14609,0.7681078058544552,0.8778643534966825,0.7706458231401483,4.457011653447997,0.8738373736886648
rf,19,61,0.54,14885,0.7743934574329684,0.8814531250345629,0.7769596116331967,4.39619096814654,0.8639649229889937
rf,19,61,0.55,15161,0.7736696854243024,0.8810134289087956,0.7761846619176335,4.403237067272187,0.8546358956615147
rf,19,61,0.56,15436,0.7739408846148681,0.8810904984283295,0.7763204664206822,4.400598197910772,0.8562906396283589
rf,19,61,0.57,15712,0.7743968112274566,0.8811958791961212,0.7765061775122251,4.396158291842774,0.8577756371079649
rf,19,61,0.58,15988,0.7724388348838683,0.8803316199760706,0.7749837611296927,4.415193879568765,0.8542133151460495
rf,19,61,0.59,16263,0.7760527882911497,0.8826746851509767,0.7791145998063759,4.379994190439135,0.851700915694797
rf,19,61,0.6,16539,0.7744133394767678,0.8819065521741193,0.7777591667676426,4.395997252161706,0.8599780143970001
rf,19,61,0.61,16815,0.774974245310579,0.8815207274249989,0.7770787928798991,4.390528677178656,0.8532606536173454
rf,19,61,0.62,17090,0.7723582461994232,0.8797857197308863,0.7740229126423935,4.415975610426929,0.8632481143363944
rf,19,61,0.63,17366,0.7721134533614442,0.8798062288207661,0.7740590002718182,4.418349315446218,0.8604369610891457
rf,19,61,0.64,17642,0.7726577200463448,0.879751518426603,0.7739627341739137,4.413069938661053,0.860241676216252
rf,19,61,0.65,17917,0.7687179214585425,0.8785185459414615,0.7717948355630998,4.451144523336037,0.8583660248758606
rf,19,61,0.66,18193,0.7803316288813723,0.8846780516822339,0.7826552551282733,4.337949276495084,0.8396805330040761
rf,19,61,0.67,18469,0.7876936481146977,0.8892857752007152,0.7908291899743369,4.264638257397373,0.8234853382861534
rf,19,61,0.68,18744,0.7753618734744298,0.8828017305775687,0.7793388955107502,4.386745496623338,0.8406526353626861
rf,19,61,0.69,19020,0.774394195302821,0.8816550938913065,0.7773157045844884,4.396183779038907,0.8505709848286214
rf,19,61,0.7,19296,0.7795494722698322,0.885223814128465,0.7836212011001471,4.3456653186238015,0.8331737545233953
rf,19,61,0.71,19571,0.7736697758966395,0.8813298673412555,0.776742335067755,4.403236187206277,0.8438761512867742
rf,19,61,0.72,19847,0.7754820551539786,0.8823517696309559,0.7785446453708794,4.385571882458663,0.8396455464656173
rf,19,61,0.73,20122,0.7777182902782748,0.8845572142226007,0.7824414652332479,4.363676722768711,0.8387098401703967
rf,19,61,0.74,20398,0.7764947058530978,0.8836256293436627,0.7807942528329841,4.375670510394071,0.838905993299644
rf,19,61,0.75,20674,0.7786785103288623,0.8840115168013158,0.7814763618373631,4.354241342745527,0.8290685182063279
rf,19,61,0.76,20949,0.7758896746530587,0.8824219728215743,0.7786685381183193,4.381589000970087,0.8343287986818495
rf,19,61,0.77,21225,0.7868900230626874,0.8892673503499432,0.7907964203984086,4.272701918920229,0.8207569193416816
rf,19,61,0.78,21501,0.7869331400974054,0.8890510975406957,0.7904118540383156,4.272269664272028,0.8125702508335685
rf,19,61,0.79,21776,0.7818380706838044,0.8867249195044234,0.7862810828701262,4.323049292531863,0.8258203563226915
rf,19,61,0.8,22052,0.782752334904184,0.8872653828877338,0.7872398596709169,4.313981351799857,0.822372460376801
rf,19,61,0.81,22328,0.7815090678358528,0.886180770966323,0.7853163588304666,4.326307788888634,0.8183812821032206
rf,19,61,0.82,22603,0.7847015231809054,0.888078475970524,0.7886833794821286,4.294584806788379,0.8130718676637
rf,19,61,0.83,22879,0.7877720423444282,0.8903095889258419,0.7926511641333016,4.26385082476468,0.8005264790088616
rf,19,61,0.84,23155,0.7852917488232465,0.8880471085390543,0.788627666984575,4.288694115583256,0.806321571043501
rf,19,61,0.85,23430,0.7853929415160664,0.8894043789625443,0.7910401493177491,4.287683358776085,0.7958478625058932
rf,19,61,0.86,23706,0.7831864121848013,0.8864334609793425,0.7857642807438155,4.309669366148708,0.803496646708068
rf,19,61,0.87,23982,0.7905261994906321,0.8922473959391518,0.7961054155601975,4.23609372839988,0.7879626035140226
rf,19,61,0.88,24257,0.7851482046025595,0.8877175030556147,0.7880423652312953,4.290127489457184,0.8083338686097798
rf,19,61,0.89,24533,0.793136533009452,0.8922937840397231,0.7961881970359281,4.209617190404945,0.7874699097906569
rf,19,61,0.9,24808,0.7893243633994779,0.8910288680368746,0.7939324436750742,4.248228441135854,0.7958000127719175
rf,19,61,0.91,25084,0.7806725860477839,0.8856560716927174,0.7843866773261758,4.334581405966942,0.8030361671040273
rf,19,61,0.92,25360,0.78965255978535,0.8904054140687627,0.7928218014029648,4.244918147007273,0.7883179929128108
rf,19,61,0.93,25635,0.7866592818377345,0.8885171895736598,0.7894627961678748,4.275014391028876,0.7904916112013766
rf,19,61,0.94,25911,0.7830962913715209,0.887029600210401,0.7868215116494238,4.31056495244676,0.7981458059711146
rf,19,61,0.95,26187,0.7904291208755826,0.8913532653319842,0.7945106436179906,4.237075203116021,0.7866394466579488
rf,19,61,0.96,26462,0.8011547737938562,0.8973990818392701,0.805325112085965,4.127226365460041,0.766651124011055
rf,19,61,0.97,26738,0.7957979000465105,0.8936037098084386,0.7985275901834041,4.182450470431053,0.7800313303673042
rf,19,61,0.98,27014,0.7963888610318616,0.8947121450075252,0.8005098224239667,4.176394078518259,0.7727732879438663
rf,19,61,0.99,27289,0.795779657367641,0.8943805641324697,0.7999165934979148,4.182637288776312,0.7715844603145869
rf,19,61,1.0,27565,0.7999587814980488,0.8960671166030608,0.8029362774573234,4.139619750366409,0.7675089707632247
rf,20,62,0.01,276,0.16524073171501397,0.5245199283088111,0.27512115519308034,8.456318453172978,1.9824940709762893
rf,20,62,0.02,551,0.29709789667663,0.6694534213675623,0.4481678833807349,7.759757085060983,1.5103566225325622
rf,20,62,0.03,827,0.41952260739067415,0.7080061531233269,0.5012727128604919,7.051692400445662,1.3999830302332255
rf,20,62,0.04,1103,0.41862110767689253,0.7206183362626638,0.5192907865579696,7.057166026535661,1.3584962678019317
rf,20,62,0.05,1378,0.480671970149827,0.7316357924091982,0.5352909327342353,6.669934766705066,1.296280181552183
rf,20,62,0.06,1654,0.49416309056667385,0.7400611175241038,0.5476904576710253,6.582728789041773,1.2850653174514146
rf,20,62,0.07,1930,0.5272606736630174,0.7563704433695292,0.5720962476030181,6.36372744352736,1.2205738130887576
rf,20,62,0.08,2205,0.5491987297237497,0.7782426406896444,0.605661607787591,6.214315095028078,1.1775963618394638
rf,20,62,0.09,2481,0.6242927193791397,0.8182642675465779,0.6695564115435376,5.673166245325753,1.1086308392207251
rf,20,62,0.1,2756,0.6295140404373682,0.8161121111466305,0.6660389779602102,5.6336074453778835,1.1062177476777015
rf,20,62,0.11,3032,0.627288200016273,0.8118737399113013,0.6591389695575633,5.6505051620069215,1.1179362188418256
rf,20,62,0.12,3308,0.6264416291660047,0.8105184422074847,0.6569401451584477,5.656918749826296,1.1062296291521034
rf,20,62,0.13,3583,0.6453508639239647,0.8158912170887551,0.6656784781225701,5.511885126076896,1.0690141162964337
rf,20,62,0.14,3859,0.6279571202625942,0.8072325881069293,0.6516244513018115,5.64543229506438,1.0875396516406177
rf,20,62,0.15,4135,0.6418783774869319,0.8196870834806161,0.6718869148249585,5.5388037351982575,1.0587019163818856
rf,20,62,0.16,4410,0.6425276762852141,0.8183241293167111,0.6696543806219533,5.533780343752595,1.0388738435668528
rf,20,62,0.17,4686,0.6615074173164481,0.8279817970394935,0.685553856228749,5.3848707414278625,1.023091246113267
rf,20,62,0.18,4962,0.6673107907250179,0.8300652027201962,0.6890082407669205,5.338510018681172,1.0210977485885653
rf,20,62,0.19,5237,0.6685233358785588,0.8311625290175256,0.6908311496428091,5.328772562203106,1.0193879274232136
rf,20,62,0.2,5513,0.6877506815718775,0.8385034600142225,0.7030880524558228,5.171915899689018,0.9816700623829444
rf,20,62,0.21,5789,0.682240998569707,0.836451691877411,0.6996514328445833,5.217345961650481,1.0012059130364828
rf,20,62,0.22,6064,0.6796112303470436,0.8318851592284197,0.6920329181444931,5.238890811592326,0.9861836808987248
rf,20,62,0.23,6340,0.6911345035133396,0.8401522805140768,0.7058558544530039,5.143815734291041,0.9709407737187481
rf,20,62,0.24,6616,0.6813954955424117,0.8365255587166073,0.699775010386132,5.2242825885654725,0.9878296631354125
rf,20,62,0.25,6891,0.6966963390673862,0.8444333053407279,0.713067607168667,5.097292209650604,0.9480943878305993
rf,20,62,0.26,7167,0.6911868870094189,0.8393150135068056,0.7044496918979293,5.143379520987697,0.957571529881082
rf,20,62,0.27,7443,0.6936051407850297,0.8419716379684743,0.7089162391433156,5.123201552343282,0.9515883373344126
rf,20,62,0.28,7718,0.7070618539613724,0.8487979276938104,0.7204579220573069,5.009434114401368,0.9506965314627616
rf,20,62,0.29,7994,0.6987401699562527,0.845314688732425,0.7145569229867965,5.080088966517867,0.9495338035401283
rf,20,62,0.3,8270,0.7153839337092787,0.8548609606476363,0.7307872620393996,4.937764927998391,0.9295557715890765
rf,20,62,0.31,8545,0.7171192353863516,0.8566782823733134,0.7338976794900905,4.922689158778585,0.9229445185173505
rf,20,62,0.32,8821,0.7135719820538899,0.8534155826145831,0.7283181566493883,4.953457641323948,0.9094770456554696
rf,20,62,0.33,9096,0.715802764558873,0.8563725846687738,0.733374003772276,4.934130471064162,0.9025684832236349
rf,20,62,0.34,9372,0.7248198063123817,0.860359356827596,0.7402182228807946,4.855224217112005,0.8991135438401311
rf,20,62,0.35,9648,0.7154334010291382,0.8557962947818595,0.7323872981623594,4.937335808492901,0.9074696999248522
rf,20,62,0.36,9923,0.7226877719014229,0.8587957402885501,0.7375301235377588,4.873996520414353,0.8961950084985365
rf,20,62,0.37,10199,0.7269882072291156,0.8611297627121861,0.741544468228746,4.836056967566721,0.8780277024040696
rf,20,62,0.38,10475,0.7239115707773705,0.8597153559040054,0.7391104931771506,4.863229979701983,0.896105807433844
rf,20,62,0.39,10750,0.7302095055224798,0.8590522165463748,0.7379707107532395,4.807441705555801,0.9101760513937094
rf,20,62,0.4,11026,0.7362231210321155,0.8640858594935233,0.7466443725766609,4.753560956141436,0.8959814211855189
rf,20,62,0.41,11302,0.7333825008359721,0.861780185893933,0.7426650887993818,4.779088026674666,0.8962887648436456
rf,20,62,0.42,11577,0.7362542743493001,0.8626678162126411,0.7441957611290871,4.753280238654801,0.8966341605036819
rf,20,62,0.43,11853,0.7361156865205972,0.8636986866337131,0.7459754212928009,4.754528903959846,0.8779263554101284
rf,20,62,0.44,12129,0.743979475661124,0.8686579857426128,0.7545666961944133,4.683150298615931,0.8717281676294855
rf,20,62,0.45,12404,0.743373175524516,0.8670682518400843,0.7518073533490198,4.688692267601311,0.877446865483123
rf,20,62,0.46,12680,0.7427150257954107,0.8646206706071279,0.7475689040411195,4.694700769579245,0.8839278772195139
rf,20,62,0.47,12956,0.7418440943329239,0.8649220268522972,0.748090112534286,4.702640036654457,0.8921156590686024
rf,20,62,0.48,13231,0.7466903756970951,0.8677763762308991,0.753035839144431,4.658290302521714,0.8784392028097069
rf,20,62,0.49,13507,0.7582925547648127,0.8733554003391335,0.7627496553015282,4.550359598137053,0.8569251559236143
rf,20,62,0.5,13782,0.7511272370994954,0.8695884649239142,0.7561840983287295,4.617313782872339,0.8678182853773281
rf,20,62,0.51,14058,0.752804693692279,0.8711988687305724,0.7589874688774291,4.601726623290585,0.8699797600402728
rf,20,62,0.52,14334,0.7546916337409397,0.871920631996332,0.760245588500883,4.58412957324516,0.8575094000024722
rf,20,62,0.53,14609,0.7501264032790999,0.8687296657640682,0.7546912321785496,4.6265886570940635,0.8670182604095182
rf,20,62,0.54,14885,0.7462879378992291,0.8676425560055598,0.752803604991861,4.661989190997505,0.8661110811482513
rf,20,62,0.55,15161,0.7504384702590601,0.8692580464691086,0.755609551351291,4.623698682638237,0.8599822984058417
rf,20,62,0.56,15436,0.7498572409076449,0.8696903847944806,0.7563613654039717,4.62907985346916,0.8596880949073508
rf,20,62,0.57,15712,0.7489929619875706,0.8692042237811531,0.755515982638997,4.63707002328444,0.8664753670574384
rf,20,62,0.58,15988,0.7507854858610982,0.870477926548697,0.7577318206085188,4.620482935132926,0.86121485129647
rf,20,62,0.59,16263,0.7576547666393537,0.8742441712427694,0.7643028709519568,4.556359109999727,0.842340111138439
rf,20,62,0.6,16539,0.7572776354054167,0.8733252905825353,0.7626970631710697,4.559902974507344,0.8481343209847371
rf,20,62,0.61,16815,0.7512164195390221,0.8709773358527994,0.75860151956924,4.6164864118912705,0.8548444656234977
rf,20,62,0.62,17090,0.7581851094111411,0.8753292615220948,0.7662013160768159,4.551370863375571,0.8315808492813026
rf,20,62,0.63,17366,0.7552739600036495,0.8734897987926651,0.7629844285948505,4.5786853130419605,0.8458344589119364
rf,20,62,0.64,17642,0.7606100403074,0.8762730962190226,0.7678545391572724,4.528492684338561,0.8330632226427407
rf,20,62,0.65,17917,0.7611844285830413,0.8768915527900059,0.7689387953544676,4.523056626683823,0.8308746125522507
rf,20,62,0.66,18193,0.755685857858031,0.8741570181659498,0.7641504924087847,4.574830502812692,0.8377034848016199
rf,20,62,0.67,18469,0.7511686301203666,0.8712255469628926,0.7590339536807913,4.616929786425171,0.845285412770899
rf,20,62,0.68,18744,0.7540694554843086,0.87372988467547,0.7634039113750101,4.589939280425797,0.8357964460577124
rf,20,62,0.69,19020,0.7630786971350441,0.8783684991994407,0.7715312203858778,4.505082627838747,0.8297328380895532
rf,20,62,0.7,19296,0.7619021441123426,0.8777312582183893,0.7704121616536367,4.516254912192799,0.8224241723226439
rf,20,62,0.71,19571,0.7660738356382621,0.8802782706942178,0.7748898338564026,4.4765156239182335,0.8171266708340761
rf,20,62,0.72,19847,0.7679297432841352,0.8813184888856158,0.7767222788516254,4.458722523152307,0.8155814056044202
rf,20,62,0.73,20122,0.7701448329712824,0.8834235120500131,0.7804371016427797,4.43739245036739,0.8138868986546159
rf,20,62,0.74,20398,0.7664724131603178,0.8800931581035745,0.7745639669407234,4.4727003192446535,0.8162742204533223
rf,20,62,0.75,20674,0.7696703167582956,0.8818049968400264,0.7775800524520391,4.441970396326774,0.8206491432935636
rf,20,62,0.76,20949,0.7673221762794424,0.8803280669649792,0.774977505486297,4.4645552438127325,0.8116148450427051
rf,20,62,0.77,21225,0.7741360930100288,0.884789758907225,0.7828529174671054,4.398697767484541,0.8062562999467998
rf,20,62,0.78,21501,0.7774000125948275,0.8874239340507862,0.7875212387261742,4.366799706009698,0.7960004779656189
rf,20,62,0.79,21776,0.7719548924083754,0.8831966295975864,0.7800362865325362,4.419886167593911,0.8059341440609981
rf,20,62,0.8,22052,0.7701902513908827,0.8821386232528299,0.7781685506343982,4.4369540236144385,0.8025956507185315
rf,20,62,0.81,22328,0.7750902745556697,0.8850917196491733,0.7833873521915309,4.389396594732206,0.7897686247873235
rf,20,62,0.82,22603,0.7751810073957077,0.885172817469503,0.7835309167868981,4.388511122587638,0.7926830308262615
rf,20,62,0.83,22879,0.7734057828357599,0.8838355158262728,0.7811652190358938,4.4058034206287955,0.8060704284448468
rf,20,62,0.84,23155,0.7664994138980368,0.8798876621034164,0.7742022979218158,4.472441742301272,0.8060918752023501
rf,20,62,0.85,23430,0.7747610496034866,0.8839245298084878,0.7813225743971562,4.392608039747668,0.7953283317721835
rf,20,62,0.86,23706,0.775924628419455,0.885063139194664,0.7833367603611131,4.3812472964763085,0.7923840723616656
rf,20,62,0.87,23982,0.7773985557920584,0.8855330598902786,0.7841688001586398,4.366813995218718,0.7908386637938968
rf,20,62,0.88,24257,0.7726465678371729,0.8832459362090666,0.7801233838298305,4.41317817826239,0.7959234029969336
rf,20,62,0.89,24533,0.7805519377752599,0.8868786798209592,0.7865537927209676,4.3357734317408365,0.7885491596789119
rf,20,62,0.9,24808,0.7908146553051507,0.8905502798488958,0.7930798009389466,4.233176068012636,0.7779604570484767
rf,20,62,0.91,25084,0.7968358916021989,0.8948265696489023,0.8007145897496217,4.171806898994423,0.76922181236296
rf,20,62,0.92,25360,0.7905552183873651,0.8913707104477515,0.7945417434441293,4.23580030023897,0.7794618865704396
rf,20,62,0.93,25635,0.7948793965823107,0.893404244202613,0.7981711435592421,4.1918462725550265,0.7838028659041116
rf,20,62,0.94,25911,0.80205816572471,0.8975298966867361,0.8055599154465032,4.117840302893879,0.7638931358765111
rf,20,62,0.95,26187,0.7917640613880109,0.8916045261274014,0.7949586310108679,4.2235588224972105,0.7804172197645123
rf,20,62,0.96,26462,0.7958092191404912,0.8940519047738031,0.7993288084296656,4.18233455045271,0.7746239156796136
rf,20,62,0.97,26738,0.7912273664920709,0.8910834671820669,0.7940297454852137,4.228998094417246,0.7794945135970361
rf,20,62,0.98,27014,0.7907412873901521,0.8909689179557095,0.7938256127631679,4.2339183572840575,0.7876892095110931
rf,20,62,0.99,27289,0.7999797669057732,0.8964743321155835,0.8036662281420814,4.139402610400503,0.7720817642700362
rf,20,62,1.0,27565,0.7968472562008615,0.8942738922106925,0.7997257942896613,4.171690216046546,0.772674284990284
rf,21,63,0.01,276,0.2829754136448529,0.6236245671379098,0.3889076007379454,7.8373226888576655,1.7415061439495054
rf,21,63,0.02,551,0.4449387319311502,0.6965753098479136,0.48521716228971684,6.895585796568655,1.674255704165265
rf,21,63,0.03,827,0.5536187807375281,0.7650674919107154,0.5853282671785526,6.183774751921818,1.4764822810350011
rf,21,63,0.04,1103,0.5480403708729056,0.7652300718471139,0.5855770628591391,6.222293986306481,1.3523509123814075
rf,21,63,0.05,1378,0.6007415024178266,0.7957061364696318,0.6331482556154284,5.848275037250862,1.24971963536666
rf,21,63,0.06,1654,0.592972420201631,0.7833252596676457,0.6135984624333845,5.904901037220521,1.2472839429729323
rf,21,63,0.07,1930,0.6318328157097912,0.8038909158244852,0.6462406045451297,5.615950131916407,1.223198480650053
rf,21,63,0.08,2205,0.6054178968258539,0.7881008604730632,0.6211029662783826,5.813924615808259,1.246151403914652
rf,21,63,0.09,2481,0.6218567289089344,0.7962005870991573,0.6339353748970428,5.691528213493923,1.2469562670666878
rf,21,63,0.1,2756,0.6263197416747965,0.8025608641499377,0.6441039406650947,5.6578415659815855,1.2178815872873818
rf,21,63,0.11,3032,0.6218452242036785,0.7991233885587885,0.6385981901416805,5.691614792922312,1.2234169625625884
rf,21,63,0.12,3308,0.6604091787394598,0.819306072147688,0.6712624398580725,5.393599268966163,1.1386249638509032
rf,21,63,0.13,3583,0.66730484521264,0.8260899045119507,0.6824245303365639,5.338557720913021,1.13329488297861
rf,21,63,0.14,3859,0.6806499693499066,0.8308291297177853,0.6902770427876126,5.230391359249245,1.0821818628714464
rf,21,63,0.15,4135,0.6762329858774649,0.8287407693371984,0.6868112627616115,5.2664383513893664,1.0916881229833146
rf,21,63,0.16,4410,0.6636659563193144,0.8220230978087286,0.6757219733310587,5.367673845712625,1.130155202287173
rf,21,63,0.17,4686,0.6812452176340626,0.8306176124375675,0.6899256180914851,5.225514526114166,1.0816344156949385
rf,21,63,0.18,4962,0.6783591592475504,0.830046935833093,0.6889779156859067,5.249117555375116,1.0766937706349622
rf,21,63,0.19,5237,0.6774985066478421,0.8279779680758338,0.6855475156189864,5.256135707332889,1.075816286417573
rf,21,63,0.2,5513,0.6898445004508964,0.837327061281491,0.7011166075542978,5.154546333991867,1.0412339103069506
rf,21,63,0.21,5789,0.6850001669555796,0.83458780183122,0.6965367989654678,5.194644917377258,1.0579106765566717
rf,21,63,0.22,6064,0.6992029696885809,0.8409018976714102,0.7071160015073789,5.07618541349125,1.0106055375056502
rf,21,63,0.23,6340,0.699385305686973,0.8396421164093968,0.704998883648451,5.074646648893424,1.0112752240261471
rf,21,63,0.24,6616,0.696434785604994,0.8370788601878411,0.7007010181733752,5.09948955722325,1.0070975445759796
rf,21,63,0.25,6891,0.7049685926229265,0.8447096242121963,0.7135343492367099,5.0273003241524306,0.9978236253654509
rf,21,63,0.26,7167,0.7075949761892097,0.8468012971387223,0.7170724368358227,5.004873668958507,1.0000741113438985
rf,21,63,0.27,7443,0.7158054640124287,0.851571409071761,0.7251738647484645,4.934107037536294,0.9810813230363657
rf,21,63,0.28,7718,0.7174709846915777,0.8524076630036674,0.7265988239473739,4.919627637247893,0.9780111264045027
rf,21,63,0.29,7994,0.7134863485856966,0.8502355625517544,0.7229005118276982,4.954198054326696,0.9753462928201428
rf,21,63,0.3,8270,0.7209135128506641,0.8553722917116592,0.7316617574280557,4.88956371051634,0.9460030163910406
rf,21,63,0.31,8545,0.7222098583349637,0.8562040832333743,0.7330854321455029,4.878194579679608,0.9515870115294258
rf,21,63,0.32,8821,0.7330641136078462,0.8622055333524452,0.7433983817435745,4.781940702516033,0.9377964637761407
rf,21,63,0.33,9096,0.7430284486127195,0.8670430787787814,0.7517637004581881,4.691840371804874,0.9185951621971383
rf,21,63,0.34,9372,0.7444517865365117,0.8688202363560295,0.7548486031017468,4.67882852811809,0.9101292887816055
rf,21,63,0.35,9648,0.742237451830984,0.8659307755512983,0.749836108046873,4.699055915842961,0.9155347430070682
rf,21,63,0.36,9923,0.7453311069068528,0.8680758335652581,0.7535556528200177,4.670771859618987,0.9070604464512713
rf,21,63,0.37,10199,0.7457009414314419,0.8669978911438434,0.7516853432478717,4.667379140018382,0.91454291209055
rf,21,63,0.38,10475,0.745963455764705,0.8683511319473913,0.7540336883543158,4.664969437240962,0.8990510677468436
rf,21,63,0.39,10750,0.7512167782174077,0.8713050211854518,0.7591724399429807,4.616483084029988,0.8899381939522782
rf,21,63,0.4,11026,0.7586446653448273,0.8756738442203256,0.766804681451603,4.547043991332559,0.8815630760150122
rf,21,63,0.41,11302,0.7554708263348153,0.8736865049851226,0.7633281089931186,4.576843313863118,0.8748011511064651
rf,21,63,0.42,11577,0.7574513657020657,0.8761214259003125,0.7675887529215968,4.558270790544699,0.8726500138273341
rf,21,63,0.43,11853,0.7594244843401077,0.8754295446712456,0.7663768876833044,4.5396922994888325,0.8754665956353639
rf,21,63,0.44,12129,0.7545670583711104,0.8735375805816498,0.7630679046884422,4.585293408711158,0.8747529225986903
rf,21,63,0.45,12404,0.765748610860808,0.8795109445116015,0.7735395015156894,4.47962636642956,0.8607134047568363
rf,21,63,0.46,12680,0.7610936369970902,0.8766469719903808,0.7685099134999035,4.523916320336292,0.8619089359286082
rf,21,63,0.47,12956,0.7612578505816223,0.8776718134997692,0.7703078122119736,4.522361283863528,0.8587515595246054
rf,21,63,0.48,13231,0.7640183237596683,0.8785755010041282,0.7718949109646548,4.496140204816385,0.8462842028562927
rf,21,63,0.49,13507,0.7598010129090137,0.8751374542463513,0.7658655638247845,4.5361383360139875,0.8470315296876058
rf,21,63,0.5,13782,0.768191267193714,0.8803297525179749,0.7749804731683588,4.456209509934589,0.8357038071200468
rf,21,63,0.51,14058,0.7628122731581902,0.8766781625410989,0.7685646006764374,4.507614955606699,0.8375228607553518
rf,21,63,0.52,14334,0.7697881715728421,0.8813236839770321,0.7767314359388475,4.440833819889938,0.8306184499147872
rf,21,63,0.53,14609,0.7728843836474345,0.8832139420457279,0.7800668674239544,4.410869442183273,0.8315567556538386
rf,21,63,0.54,14885,0.7680039748969503,0.8796951108926332,0.7738634881284022,4.458009367058647,0.836547248796835
rf,21,63,0.55,15161,0.7697936225984878,0.8803644775609101,0.7750416133510941,4.440781243872225,0.8243798673868004
rf,21,63,0.56,15436,0.7773733554198008,0.8854384363489632,0.784001224564097,4.367061168421727,0.8180324131918634
rf,21,63,0.57,15712,0.7757238696950494,0.8845548287080998,0.7824372449908157,4.383209530631334,0.8133657988104256
rf,21,63,0.58,15988,0.7624164999859518,0.8752116638175985,0.7659954564823691,4.511374107731111,0.8416450130015383
rf,21,63,0.59,16263,0.7690096719823936,0.8791641408036972,0.7729295864751031,4.448336191730763,0.8394444060813303
rf,21,63,0.6,16539,0.7702941020515566,0.8804078454378308,0.7751179743084834,4.435951384088064,0.829111797461453
rf,21,63,0.61,16815,0.7728077175665027,0.8812179482673331,0.7765450723484882,4.411613854975899,0.8292980577363532
rf,21,63,0.62,17090,0.7738367390137699,0.8820401336718092,0.7779947974077831,4.401611760603791,0.8234188157796927
rf,21,63,0.63,17366,0.7652509976539109,0.8773876149170904,0.7698090268099005,4.484381810339466,0.8317758299741975
rf,21,63,0.64,17642,0.7761242810839113,0.8833807168101698,0.7803614908320494,4.379295001085404,0.8169738630700754
rf,21,63,0.65,17917,0.7772113791163417,0.8839343230160422,0.7813398874058289,4.368649549295305,0.8273628063439549
rf,21,63,0.66,18193,0.7696931678603312,0.8792284566081866,0.7730426789096139,4.441750046011904,0.8334427098823077
rf,21,63,0.67,18469,0.7808319917370736,0.8859433322778402,0.7848955880075635,4.333005947350745,0.8172509595408253
rf,21,63,0.68,18744,0.7750523862165737,0.8825017360868882,0.7788093141963717,4.389766298494113,0.8252567091133323
rf,21,63,0.69,19020,0.7761299359313572,0.8838790107763591,0.7812421056909952,4.379239692716877,0.8146544781631562
rf,21,63,0.7,19296,0.7750100653963438,0.8831674067067518,0.779984668269129,4.390179216351175,0.8135924455864687
rf,21,63,0.71,19571,0.7819908016983431,0.8869845161960817,0.786741531971597,4.32153578532554,0.8072526060559847
rf,21,63,0.72,19847,0.779388893572958,0.8857154534397994,0.7844918644620694,4.347247746781497,0.8060456180453182
rf,21,63,0.73,20122,0.784051408723534,0.8884009035281719,0.7892561653896722,4.301063875363124,0.7967845628325582
rf,21,63,0.74,20398,0.7785217612922747,0.8853284262525264,0.783806422330775,4.355782996770071,0.8014790744240581
rf,21,63,0.75,20674,0.7816845690382692,0.8874961846603978,0.787649477786763,4.324569902692063,0.7979310749919484
rf,21,63,0.76,20949,0.7795350739127593,0.8860498371591183,0.7850843139297001,4.345807231233364,0.8018622501550158
rf,21,63,0.77,21225,0.7801045740862784,0.8865748675974703,0.786014995855472,4.340190604622244,0.8004159943870542
rf,21,63,0.78,21501,0.7814985413311729,0.8872355992573359,0.7871870085895238,4.326412004542411,0.8006970849292395
rf,21,63,0.79,21776,0.7828013185533833,0.8885154842743538,0.7894597657952894,4.31349497957139,0.7929671411551
rf,21,63,0.8,22052,0.7788470276897959,0.8865180422021748,0.7859142391499769,4.35258333613015,0.7895300763713177
rf,21,63,0.81,22328,0.7815345965957126,0.8891147592816397,0.7905250551724482,4.326055035838753,0.7852541732389007
rf,21,63,0.82,22603,0.7790532088903689,0.8878325251522612,0.7882465927182405,4.350553903487495,0.789739515500882
rf,21,63,0.83,22879,0.7811761426944795,0.8877212945571158,0.7880490968101616,4.329602635860211,0.7826796972605237
rf,21,63,0.84,23155,0.7831381326868069,0.8896738581125697,0.7915195738089048,4.310149172543351,0.7790616314564816
rf,21,63,0.85,23430,0.7975679047896135,0.8963300686172619,0.8034075919074255,4.164284474312554,0.7704681921588084
rf,21,63,0.86,23706,0.8037780737985578,0.8996359961502839,0.8093449255693136,4.099911403535446,0.7674204145765688
rf,21,63,0.87,23982,0.7951484864069662,0.8946941965891827,0.8004777054103631,4.189095809310605,0.7689433435830599
rf,21,63,0.88,24257,0.7995065772067971,0.8970591606846855,0.8047151377683124,4.144296029358857,0.7669839186323094
rf,21,63,0.89,24533,0.7974976714429403,0.8966840397344668,0.8040422671145228,4.16500680609284,0.758133885901892
rf,21,63,0.9,24808,0.7966735904402188,0.8955298205174579,0.8019736594360304,4.173472926376186,0.7630047652429421
rf,21,63,0.91,25084,0.8058458588664696,0.9005967448519182,0.811074496837871,4.078251773586376,0.7441719746753276
rf,21,63,0.92,25360,0.7912380306255953,0.8925452746149382,0.7966370672374554,4.228890084149041,0.7752741141283044
rf,21,63,0.93,25635,0.7955626789798357,0.8953364575384809,0.801627372197556,4.184858666315196,0.7690940315830751
rf,21,63,0.94,25911,0.7950825700507004,0.8951212916272081,0.8012421267243613,4.189769730917319,0.7578266055635462
rf,21,63,0.95,26187,0.7953906335393215,0.8954747550856694,0.8018750369957397,4.186619192318367,0.7639554067884659
rf,21,63,0.96,26462,0.800570434109817,0.8974703376750514,0.8054530070065707,4.133286186452998,0.757055782949661
rf,21,63,0.97,26738,0.7964429314515222,0.8957198979824367,0.8023141356416668,4.17583950577822,0.7596451517184817
rf,21,63,0.98,27014,0.7967529769127615,0.8945322802613387,0.8001880004295502,4.1726581044337925,0.7742406067756405
rf,21,63,0.99,27289,0.7967683356310323,0.8946163708809567,0.8003384510482134,4.172500444336132,0.7711741064918675
rf,21,63,1.0,27565,0.7962658328247634,0.8948148747819893,0.8006936601311072,4.177655641824672,0.7720496680764735
rf,22,64,0.01,276,0.2358293295714795,0.6069242662356875,0.3683570649457277,8.090882370335029,1.777831654641871
rf,22,64,0.02,551,0.36810947880567946,0.6927750420450292,0.47993725888049193,7.357353531553149,1.494821628436268
rf,22,64,0.03,827,0.451408493138441,0.7144142574997567,0.5103877313189287,6.855280734508358,1.412285095540785
rf,22,64,0.04,1103,0.5313640093841742,0.7581873599906755,0.5748480728496302,6.3360489540168015,1.3140781585692642
rf,22,64,0.05,1378,0.5726288388328171,0.7747354612360339,0.6002150348966101,6.050667822002442,1.2336233762915358
rf,22,64,0.06,1654,0.5789779364290428,0.7795828897857522,0.6077494820467042,6.005554775680866,1.2009469922698108
rf,22,64,0.07,1930,0.5886928060579537,0.7742085095584453,0.5993988162727093,5.935862844469568,1.2230320988323282
rf,22,64,0.08,2205,0.6239022043640863,0.7979518177407362,0.6367271034357451,5.676113860825055,1.2067563635397216
rf,22,64,0.09,2481,0.6251313555450743,0.7957275836901737,0.6331823874454025,5.6668310202812515,1.1855340222054043
rf,22,64,0.1,2756,0.6292519144760219,0.7996410958782918,0.6394258822174355,5.635600035948019,1.1583872086608968
rf,22,64,0.11,3032,0.6241528300300101,0.7936180252972287,0.6298295700766727,5.674222309069169,1.1553154398692023
rf,22,64,0.12,3308,0.6384614750301684,0.8032632886384065,0.6452319108741879,5.565164365172949,1.134462679566914
rf,22,64,0.13,3583,0.6427584798412367,0.8050146988247014,0.6480486653238248,5.531993600663042,1.126000508042606
rf,22,64,0.14,3859,0.6569369107974563,0.8126781169002136,0.6604457216884773,5.421103534418127,1.0966788939094045
rf,22,64,0.15,4135,0.673386314605287,0.8250649337553468,0.6807321449127148,5.289539854747974,1.06974888196004
rf,22,64,0.16,4410,0.670828446838391,0.8193430982250325,0.6713231126089952,5.31021191697322,1.1239163457414258
rf,22,64,0.17,4686,0.6765000506555483,0.8227270261478612,0.6768797595541035,5.264265847261775,1.1104481116562497
rf,22,64,0.18,4962,0.6949315172588089,0.8338336753732779,0.695278598186509,5.1121004128578775,1.0649905802520108
rf,22,64,0.19,5237,0.6929935705585961,0.8327442027315378,0.6934629071829845,5.128312009514055,1.0583737000636435
rf,22,64,0.2,5513,0.687224856231502,0.8295733513198246,0.688191945220005,5.1762688002825445,1.0668796461421541
rf,22,64,0.21,5789,0.695015001001396,0.8338923182476151,0.6953763984323819,5.111400887176593,1.0545112732602686
rf,22,64,0.22,6064,0.6837837389744483,0.827028661521519,0.6839764069780753,5.204665276306457,1.0448189491194413
rf,22,64,0.23,6340,0.7099609610915214,0.8431337430175475,0.7108745086147799,4.984584163554729,1.0047412852384854
rf,22,64,0.24,6616,0.6913044681864144,0.8339270957891266,0.6954344010912872,5.142400252022666,1.061057638520929
rf,22,64,0.25,6891,0.7068409107335112,0.841336198700865,0.7078465992444213,5.011322895259405,1.0356765217261914
rf,22,64,0.26,7167,0.6880776874567996,0.8305798181748704,0.6898628343594008,5.1692070227418885,1.0621918755569355
rf,22,64,0.27,7443,0.7090884906718165,0.842214663371909,0.7093255391986579,4.992075632057077,1.0125111702023613
rf,22,64,0.28,7718,0.7215141806530543,0.8497103635117015,0.7220077018591878,4.884299060258115,0.9905074356091871
rf,22,64,0.29,7994,0.7083156336647038,0.8417227005172272,0.7084971045660138,4.998702392151093,0.9967855820482614
rf,22,64,0.3,8270,0.71731576900899,0.8472577443775045,0.7178456854076567,4.920978823271613,0.9884453250075675
rf,22,64,0.31,8545,0.7235466492102658,0.851314452043356,0.7247362962578795,4.866442920331733,0.9651652510853138
rf,22,64,0.32,8821,0.7200514060827221,0.8494929325779454,0.7216382424998777,4.897109893977888,0.9696125030368838
rf,22,64,0.33,9096,0.7365953064448508,0.8597005230312359,0.7390849893001805,4.750206168991127,0.9435790068496012
rf,22,64,0.34,9372,0.7279732224185451,0.8544961002113202,0.7301635852763545,4.8273249380845,0.9547497662061047
rf,22,64,0.35,9648,0.7310370871313298,0.857168235811196,0.7347373844836782,4.800062635204435,0.9365624267176085
rf,22,64,0.36,9923,0.7371760540860484,0.8595237915813955,0.7387811482944582,4.744966715528434,0.9396280327972102
rf,22,64,0.37,10199,0.7402056126735321,0.8621405047708816,0.7432862499665904,4.717539951725827,0.9225250737397839
rf,22,64,0.38,10475,0.7469661155265914,0.8664363310608704,0.7507119157822222,4.655754224547268,0.902864983766499
rf,22,64,0.39,10750,0.7515739487688748,0.8705554154350098,0.7578667313432225,4.6131680211587875,0.8758488216818574
rf,22,64,0.4,11026,0.7530635479647807,0.8706961885298306,0.7581118527203742,4.599316608678838,0.8839683830717162
rf,22,64,0.41,11302,0.7502487385442086,0.8695050593077692,0.7560390481618072,4.625455955899388,0.8937101906562428
rf,22,64,0.42,11577,0.7598783563258223,0.8739339200435261,0.7637604966026442,4.535407965146823,0.871860539353011
rf,22,64,0.43,11853,0.7592595176394719,0.8741549462722584,0.764146870092255,4.541248504656835,0.8590962118759433
rf,22,64,0.44,12129,0.7658709416347753,0.8778758881807699,0.7706660750491756,4.4784565383127735,0.8414363969161732
rf,22,64,0.45,12404,0.7590705344791381,0.8740611958511536,0.7639829740927487,4.543030612769025,0.8545512060034283
rf,22,64,0.46,12680,0.7589950518008821,0.8737924639972894,0.7635132701384543,4.543742217849134,0.8566534550868574
rf,22,64,0.47,12956,0.7646988095432626,0.8786890877837373,0.7720945129902165,4.489652903787767,0.8645324794890787
rf,22,64,0.48,13231,0.7655176611082949,0.8768450390843493,0.7688572225668341,4.4818340667411,0.8545040515483922
rf,22,64,0.49,13507,0.7698162617803108,0.8798776531816314,0.7741846845684152,4.440562878666586,0.8534854217603407
rf,22,64,0.5,13782,0.7698165982462533,0.8804627580307376,0.7752146682790931,4.440559633218554,0.8428123012357231
rf,22,64,0.51,14058,0.7696237651509561,0.8796648652769353,0.7738102752026887,4.442419253833547,0.8414990204316745
rf,22,64,0.52,14334,0.7713805794433651,0.8811541070582465,0.7764325603856157,4.425448228931402,0.843134722457399
rf,22,64,0.53,14609,0.7695028326311513,0.8795963093870636,0.7736896674873428,4.443585091251995,0.8372495806643926
rf,22,64,0.54,14885,0.7793403932429028,0.8853304444735253,0.7838099959116898,4.347725581662586,0.8277614115563966
rf,22,64,0.55,15161,0.7817840734287473,0.8862156470060616,0.7853781729983723,4.3235842583564565,0.8264120874907652
rf,22,64,0.56,15436,0.7796209767747848,0.885769359654122,0.7845873585020733,4.3449604896270975,0.8329870096115126
rf,22,64,0.57,15712,0.7787173762419143,0.8845970446436876,0.7825119313923462,4.353859005278072,0.8179157953920453
rf,22,64,0.58,15988,0.7801369574279385,0.8855330243015233,0.7841687371286021,4.339871009411005,0.8196487756952433
rf,22,64,0.59,16263,0.7774211826780099,0.8834401621055881,0.7804665200211477,4.3665920516603505,0.8163043437508529
rf,22,64,0.6,16539,0.7833375164404448,0.8879109684895847,0.7883858879641124,4.308167331866932,0.8098950893009093
rf,22,64,0.61,16815,0.7801119211943186,0.8854411762122599,0.7840060765321504,4.3401180971666715,0.8148500767034027
rf,22,64,0.62,17090,0.7845423351202078,0.8876102322247648,0.7878519243501009,4.296172185190897,0.8027962963379087
rf,22,64,0.63,17366,0.7772016554203929,0.8834332893619864,0.7804543767529392,4.368744883958848,0.829443069591996
rf,22,64,0.64,17642,0.7826861509386358,0.8864370719087171,0.7857706824541001,4.314638423651198,0.8177657629090525
rf,22,64,0.65,17917,0.7776531311909827,0.8835424847947959,0.7806473224373621,4.364316254376436,0.8209179806941375
rf,22,64,0.66,18193,0.779516771118614,0.8846708058008477,0.7826424346363211,4.345987619936878,0.8286739686097
rf,22,64,0.67,18469,0.7794707441965305,0.8845796166136578,0.7824810981283659,4.346441219052402,0.8256129172550455
rf,22,64,0.68,18744,0.7759829730955261,0.8826964284213362,0.7791529847477832,4.380676865432531,0.8202201838529539
rf,22,64,0.69,19020,0.7734711702983883,0.8808236871216498,0.775850367794578,4.405167691491536,0.8353127699570907
rf,22,64,0.7,19296,0.7748302583967344,0.8819353941198461,0.7778100394013283,4.391933133259177,0.837066715872196
rf,22,64,0.71,19571,0.778436116070902,0.8849455153410558,0.7831285651222468,4.3566251019437665,0.831629082789902
rf,22,64,0.72,19847,0.7798157850739981,0.8848288704734862,0.7829221300233855,4.343039659121158,0.8134417518539843
rf,22,64,0.73,20122,0.7797130274461552,0.8845023675280342,0.7823444381626977,4.344052966084855,0.8131663763905503
rf,22,64,0.74,20398,0.7790656757450792,0.8848360970046697,0.7829349185624572,4.350431162423322,0.8078256723059846
rf,22,64,0.75,20674,0.7807287886497261,0.8857402729404095,0.7845358311085511,4.334026002614683,0.8081871036011887
rf,22,64,0.76,20949,0.7785137220212446,0.884754204409028,0.782790002219452,4.355862049688549,0.8111046775138294
rf,22,64,0.77,21225,0.7804975155969603,0.8854517633893667,0.784024825289339,4.336311025020961,0.8100807570559759
rf,22,64,0.78,21501,0.7848848871185498,0.8885472879012936,0.7895162828367442,4.292755625897309,0.8018999484246414
rf,22,64,0.79,21776,0.7825478197841496,0.8865903424112419,0.7860424352568832,4.316011446967636,0.8051967538939877
rf,22,64,0.8,22052,0.7934244776977301,0.8930512385024355,0.7975405145907339,4.20668637078945,0.7915863029452713
rf,22,64,0.81,22328,0.7959597002401531,0.8951647540736385,0.8013199369357177,4.180793152999251,0.7870850770632615
rf,22,64,0.82,22603,0.7943970207730021,0.8945277169762148,0.8001798364386791,4.196772296086888,0.7804459667031001
rf,22,64,0.83,22879,0.7925338322260008,0.8929050421671351,0.7972794143274933,4.215745131460088,0.786719191224534
rf,22,64,0.84,23155,0.7923071774940891,0.8922114800726509,0.7960413251734304,4.218047332733775,0.7940432865907571
rf,22,64,0.85,23430,0.7970989932833901,0.8956692567473422,0.8022234174823364,4.169104736185406,0.7779365371818564
rf,22,64,0.86,23706,0.7895584228380351,0.8909377740306351,0.7937701171946631,4.245867906454847,0.78437283719316
rf,22,64,0.87,23982,0.7931388904494595,0.8934215639913544,0.7982020910047578,4.2095932036942925,0.7778877064165212
rf,22,64,0.88,24257,0.7970874319107696,0.8957101515840795,0.8022966756507747,4.1692235130400075,0.7839550774952802
rf,22,64,0.89,24533,0.8039016632431288,0.8991365411180501,0.8084465195737309,4.098620045340532,0.767846732182501
rf,22,64,0.9,24808,0.7890512379803876,0.889952464556838,0.79201538917079,4.250981306571782,0.798777464332438
rf,22,64,0.91,25084,0.795077628772709,0.8936698566114503,0.79864581261593,4.189820245634789,0.7871784691126855
rf,22,64,0.92,25360,0.7966502184076178,0.8947972891860857,0.8006621887347675,4.173712786369234,0.7793304715334455
rf,22,64,0.93,25635,0.7917740621558659,0.8918728271265574,0.795437139766718,4.223457400670744,0.7921987040892721
rf,22,64,0.94,25911,0.7931443714321269,0.8924300812911967,0.796431449993412,4.209537434728652,0.7731781341163729
rf,22,64,0.95,26187,0.8014255886028162,0.8976086183228111,0.805701231687386,4.124414895291467,0.764449745739692
rf,22,64,0.96,26462,0.8020522136051658,0.897701448772435,0.8058678911281286,4.117902214246742,0.759606165460829
rf,22,64,0.97,26738,0.7974273014394215,0.894865337623651,0.8007839724802908,4.16573041773628,0.7632249749003001
rf,22,64,0.98,27014,0.7961391733840574,0.8933188546620211,0.7980185760946652,4.17895404287294,0.7705615933406444
rf,22,64,0.99,27289,0.8030590919892984,0.8976194887326984,0.8057207465527508,4.107415830968837,0.7673950127671859
rf,22,64,1.0,27565,0.801493573388903,0.8970629724508677,0.8047219765423863,4.123708808676266,0.7685243866182527
rf,23,65,0.01,276,0.1814214207356868,0.5648025381873202,0.31900190714283927,8.373960202393581,1.8451309738445802
rf,23,65,0.02,551,0.3750241876053121,0.6732959025915393,0.4533273724465555,7.3169874402132855,1.6657501172771263
rf,23,65,0.03,827,0.4580737159648667,0.7041515433352911,0.4958293959814723,6.813508661320548,1.5026443106670018
rf,23,65,0.04,1103,0.5131671119069645,0.7363833644775286,0.5422604594792447,6.457890240319441,1.3661240924139009
rf,23,65,0.05,1378,0.5268438959048514,0.7405990359586961,0.5484869320629501,6.366532029050595,1.3358552860742328
rf,23,65,0.06,1654,0.5545404796859337,0.7570434999983433,0.5731148608897416,6.177387247655236,1.252963350498729
rf,23,65,0.07,1930,0.6002401997157298,0.7911368845982479,0.6258975701718215,5.851945386669951,1.1553735519054154
rf,23,65,0.08,2205,0.6055560624387176,0.7931469637101014,0.6290821060425529,5.812906634021427,1.1434117130354895
rf,23,65,0.09,2481,0.6107912734667789,0.8001662603724309,0.6402660442384008,5.774202218367904,1.1304020269843709
rf,23,65,0.1,2756,0.6245701467122047,0.802924516518489,0.6446877792264493,5.6710712872085445,1.0880554264480324
rf,23,65,0.11,3032,0.6270724627600124,0.8099532116748848,0.6560242051024607,5.6521402700566865,1.0681194125998223
rf,23,65,0.12,3308,0.6371045117584715,0.8137868697577596,0.6622490693901328,5.575598455062863,1.0450369689769252
rf,23,65,0.13,3583,0.6439702147197657,0.8204926957760144,0.6732082638217912,5.522603589774837,1.0241665216436444
rf,23,65,0.14,3859,0.653668354763453,0.8213009500067062,0.6745352504819182,5.4468672728212155,1.060541171404575
rf,23,65,0.15,4135,0.6581235053654827,0.8246453794680074,0.680040001877934,5.411720094168789,1.017912593079702
rf,23,65,0.16,4410,0.6447891918576709,0.808522319097187,0.6537083404782934,5.516248096120648,1.085499271253588
rf,23,65,0.17,4686,0.648881762107747,0.8071084934664828,0.6514241202257356,5.484378237317429,1.0969988592614854
rf,23,65,0.18,4962,0.6572258296135172,0.8124073641175041,0.6600057252723509,5.418820297356546,1.07803728586839
rf,23,65,0.19,5237,0.6672787741948734,0.8176580443614113,0.6685646775089277,5.338766889734115,1.0660250263332256
rf,23,65,0.2,5513,0.6648041686762026,0.8162142111732693,0.6662056385212023,5.358583581846341,1.0776421841296477
rf,23,65,0.21,5789,0.6588109184271398,0.8119695124484773,0.6592944891458179,5.406276667931902,1.0690780829978677
rf,23,65,0.22,6064,0.6634157831616342,0.8149789909300855,0.6641907556574205,5.3696697755374245,1.0431642999663404
rf,23,65,0.23,6340,0.6690641804088958,0.818847135542647,0.6705106313863981,5.324423516908892,1.054507947578704
rf,23,65,0.24,6616,0.6793418401584621,0.8250183190136213,0.6806552267080614,5.241092838282198,1.021228269601465
rf,23,65,0.25,6891,0.6788131094764337,0.8252642637489598,0.6810611050211126,5.2454120566220785,1.014793490810718
rf,23,65,0.26,7167,0.6800103213349626,0.8252955895579421,0.6811128101437913,5.235626893173736,1.009408840244302
rf,23,65,0.27,7443,0.6814028382751929,0.8262810233449542,0.6827403295399848,5.224222387388927,1.0017512815960188
rf,23,65,0.28,7718,0.6801174052917258,0.8267909974089672,0.6835833533965149,5.234750773419958,1.0023658598595147
rf,23,65,0.29,7994,0.6919083896505434,0.8335301530521806,0.6947725160471916,5.137367580697321,0.9812682776584003
rf,23,65,0.3,8270,0.691522584333117,0.8340941949204848,0.6957131260000516,5.140583188585373,0.9671892327182375
rf,23,65,0.31,8545,0.6987071603752666,0.838607027388688,0.7032617463856916,5.080367276133219,0.955091012931687
rf,23,65,0.32,8821,0.6886525519299986,0.8337290161123159,0.6951040723076103,5.1644414709404565,0.9664890595811739
rf,23,65,0.33,9096,0.6981340956179607,0.83878543970839,0.7035610138667973,5.0851964589041385,0.9571148404353449
rf,23,65,0.34,9372,0.7049509392071577,0.8401663909974256,0.705879564561639,5.027450727962072,0.9732271183775724
rf,23,65,0.35,9648,0.7149942400662594,0.8462805467177901,0.7161907637529616,4.941144142362989,0.9593392578015748
rf,23,65,0.36,9923,0.7238465910947487,0.8515489367763073,0.7251355917248594,4.863802246619725,0.938193358191818
rf,23,65,0.37,10199,0.7237495111173977,0.8518419803126293,0.7256347594229419,4.864657090895101,0.9484393655409029
rf,23,65,0.38,10475,0.7319779931520167,0.8566940142890646,0.7339246341187119,4.7916593118293695,0.9345378094702893
rf,23,65,0.39,10750,0.7243711483927114,0.8516093781490495,0.7252385329514107,4.859180620356814,0.9300306986708232
rf,23,65,0.4,11026,0.7300353180133281,0.8560237508912639,0.7327766620899486,4.808993393240728,0.9203197825262949
rf,23,65,0.41,11302,0.7271535684678552,0.8534682789078318,0.7284081031018966,4.8345921636256595,0.9233307198546062
rf,23,65,0.42,11577,0.7300344273880119,0.8555370481015622,0.7319436406743347,4.809001325774157,0.92360384316495
rf,23,65,0.43,11853,0.7300249807008552,0.855336453484415,0.7316004486592969,4.809085463787039,0.930895893112408
rf,23,65,0.44,12129,0.7368215372238749,0.8591022872213225,0.7380567399089077,4.748165822496548,0.9117861122459251
rf,23,65,0.45,12404,0.7318537625763848,0.8561115043517957,0.7329269078834948,4.7927696714584584,0.9089027631500156
rf,23,65,0.46,12680,0.7452773532841386,0.8642701212524525,0.746962842489729,4.671264769565954,0.8964585284459649
rf,23,65,0.47,12956,0.7382071959698496,0.8602408158815826,0.7400142613086109,4.735649561653388,0.9103523257080467
rf,23,65,0.48,13231,0.7455711271115391,0.8648155921537786,0.7479060084322907,4.668570287457282,0.9055444783767947
rf,23,65,0.49,13507,0.7342058102167848,0.8575955895716709,0.7354701952527819,4.771703458409245,0.9174924568688712
rf,23,65,0.5,13782,0.7362638026028191,0.859055504285463,0.7379763594431511,4.753194377797521,0.9134504593248773
rf,23,65,0.51,14058,0.7390620801410805,0.8600767948565694,0.7397320930507494,4.72791110927162,0.9067974567987919
rf,23,65,0.52,14334,0.7442971249595418,0.8631160226783656,0.7449692686041209,4.68024416224282,0.8935831291967424
rf,23,65,0.53,14609,0.7480730068012149,0.8658613426713887,0.7497158647327,4.645559815261304,0.8939808830567437
rf,23,65,0.54,14885,0.7463510205281715,0.8643462815019126,0.7470944943461836,4.661409579577622,0.8873470258468017
rf,23,65,0.55,15161,0.7498889505801648,0.866700784006938,0.7511702489982409,4.628786438502946,0.9008108944270489
rf,23,65,0.56,15436,0.7434285763932467,0.8630764704763376,0.7449009938898925,4.688186140375391,0.9051059587044141
rf,23,65,0.57,15712,0.7574677746691284,0.8709435941921673,0.7585427442643705,4.558116599240834,0.8941503678261981
rf,23,65,0.58,15988,0.7574294373344004,0.8710544767890926,0.7587359015343199,4.5584768382493355,0.8845165256727738
rf,23,65,0.59,16263,0.7508247208538084,0.8675314471615844,0.7526108118142728,4.620119208825523,0.8905883891052964
rf,23,65,0.6,16539,0.7650814173987149,0.8756376860315702,0.7667413571987227,4.486001253481276,0.8628466812521174
rf,23,65,0.61,16815,0.7648354352524668,0.8767440482144089,0.7686801260793897,4.488349274429914,0.8656110747362078
rf,23,65,0.62,17090,0.757040694593929,0.8717216272010493,0.7598985953300451,4.56212807553701,0.8754126636832514
rf,23,65,0.63,17366,0.7670330421681002,0.877145033194953,0.7693834092585752,4.467328293743154,0.8625410974897803
rf,23,65,0.64,17642,0.7702020061978938,0.8794874789105449,0.7734982255604261,4.43684054669377,0.8510485899535081
rf,23,65,0.65,17917,0.7730494595456849,0.8805503777433321,0.7753689677439248,4.409266160553939,0.8548182942352737
rf,23,65,0.66,18193,0.7679484578931663,0.8774334532414996,0.7698894648673028,4.458542739382717,0.8539162791249498
rf,23,65,0.67,18469,0.7786107142547731,0.8841875520892897,0.7817876272696503,4.354908195896188,0.8295406996473687
rf,23,65,0.68,18744,0.7801313855219526,0.8860824339626232,0.7851420797771265,4.339926000917922,0.8193577005140579
rf,23,65,0.69,19020,0.7761133961789723,0.883056711222074,0.7797891552343453,4.379401461112916,0.8345919171874837
rf,23,65,0.7,19296,0.7783533066474033,0.8847407006499297,0.7827661073865285,4.357439169434402,0.8243220436088929
rf,23,65,0.71,19571,0.7753646296079951,0.882246211521141,0.7783583777434059,4.386718585578054,0.8402955922625801
rf,23,65,0.72,19847,0.7801263763662807,0.8851761463558279,0.783536810077354,4.339975437808169,0.8262612120625105
rf,23,65,0.73,20122,0.7872715537575707,0.889108663403017,0.7905142153382994,4.26887549739078,0.8193283185154635
rf,23,65,0.74,20398,0.7773315527411515,0.8841191772991751,0.7816667196681703,4.367471151436604,0.825087890941676
rf,23,65,0.75,20674,0.7809510326159163,0.8857760889046133,0.7845992796751535,4.331829053654362,0.816321853545771
rf,23,65,0.76,20949,0.7795150334131888,0.8853664615216834,0.7838737711874265,4.346004746027201,0.8185428462059798
rf,23,65,0.77,21225,0.7815327539453778,0.8862350651114389,0.7854125906330763,4.326073279894395,0.8111551945675253
rf,23,65,0.78,21501,0.7837471782670191,0.88724595983717,0.7872053932473811,4.304092499168711,0.8051676126274125
rf,23,65,0.79,21776,0.7868677695393933,0.8897240673869465,0.7916089160875718,4.272924996673275,0.7957477353530042
rf,23,65,0.8,22052,0.7845401473280187,0.8882946514401219,0.7890673877771276,4.296193997151253,0.8079082446636237
rf,23,65,0.81,22328,0.7858747371601369,0.8887592495986495,0.7898930037471545,4.282867701935416,0.8026209606453247
rf,23,65,0.82,22603,0.7918846631509978,0.892210475081403,0.796039531844983,4.222335588851237,0.7948665900340298
rf,23,65,0.83,22879,0.7902896068209353,0.8914908925804521,0.7947560115538912,4.238485306455878,0.7964484011764399
rf,23,65,0.84,23155,0.7933747747631659,0.8924877635924772,0.7965344081623014,4.207192413518863,0.7858870244157882
rf,23,65,0.85,23430,0.7979220954932111,0.8953134970206962,0.8015862579474281,4.160639803779466,0.7777771167713776
rf,23,65,0.86,23706,0.7907622902242389,0.891565036469795,0.7948882142553869,4.233705877442522,0.7858342901195651
rf,23,65,0.87,23982,0.7963851780326803,0.8943189867300246,0.799806450025818,4.176431850485188,0.7777447062265612
rf,23,65,0.88,24257,0.7990730204308314,0.8955392589838821,0.8019905643814006,4.148774523674582,0.774844906931325
rf,23,65,0.89,24533,0.7957437522168269,0.8944369623757228,0.8000174796639101,4.18300495935304,0.7785287718588939
rf,23,65,0.9,24808,0.7939420198030682,0.8931699575082923,0.7977525729953647,4.201413474404646,0.7785507683018963
rf,23,65,0.91,25084,0.7957546184615352,0.893648628704514,0.7986078715854583,4.182893691862974,0.7640596020399337
rf,23,65,0.92,25360,0.789271763156545,0.8899293368228623,0.7919742245379796,4.248758744272651,0.7822030849869686
rf,23,65,0.93,25635,0.7956703776436291,0.8937840836333804,0.7988499881563614,4.1837562182440955,0.7692200036327167
rf,23,65,0.94,25911,0.7981868123253737,0.8953252843200101,0.801607364742707,4.157913745415181,0.7720804604427867
rf,23,65,0.95,26187,0.7962924273586552,0.8940475726872831,0.7993210622280227,4.177382966818692,0.7690486037161102
rf,23,65,0.96,26462,0.796229177029443,0.8947424355696829,0.8005640260091682,4.178031446248775,0.7626323750063788
rf,23,65,0.97,26738,0.8001141222026176,0.8968760104226797,0.8043865780717027,4.1380121408414,0.7621514150434869
rf,23,65,0.98,27014,0.8013832191676049,0.8976364539593978,0.8057512034768022,4.124854881007616,0.7631285920800136
rf,23,65,0.99,27289,0.8027099337729584,0.8985192804665177,0.8073368973700688,4.1110552548797195,0.760646841764862
rf,23,65,1.0,27565,0.7927693705178168,0.8923395973712703,0.7962699570367209,4.213351364298853,0.7748904480595431
rf,24,66,0.01,276,0.3677872383105091,0.6225701631919093,0.38759360809680055,7.359229279790495,2.1520244956443153
rf,24,66,0.02,551,0.4979868478138487,0.7070096084820523,0.4998625864859449,6.557801282549637,1.6794970609651325
rf,24,66,0.03,827,0.5439401539852623,0.7401831922526795,0.5478711580933671,6.250454855944098,1.419139466786681
rf,24,66,0.04,1103,0.547383197603514,0.7423784088250746,0.5511257018896495,6.226816115770173,1.3858496399480218
rf,24,66,0.05,1378,0.5759425394393025,0.7624919041881143,0.5813939039524165,6.027164693573698,1.2724017119802067
rf,24,66,0.06,1654,0.6002612622231744,0.7763357708445362,0.6026972290927802,5.8517912212601715,1.2697049684399957
rf,24,66,0.07,1930,0.6054636963239841,0.781841440440821,0.611276037990578,5.813587192297959,1.2386889854841965
rf,24,66,0.08,2205,0.614811360757447,0.7906772015942761,0.6251704371209555,5.744304315980599,1.219956503496453
rf,24,66,0.09,2481,0.6340556228927974,0.8001967240482409,0.6403147971775367,5.598971333027214,1.1658954687253436
rf,24,66,0.1,2756,0.6438802775601897,0.8067109388205063,0.6507825388126626,5.5233010818634405,1.1383430862441752
rf,24,66,0.11,3032,0.6382534512255674,0.8043217279086844,0.6469334419860118,5.566765190677793,1.1379891398379416
rf,24,66,0.12,3308,0.6513943673167486,0.8139496244702982,0.6625139911753394,5.464719875788854,1.0991837346868185
rf,24,66,0.13,3583,0.6724021034178874,0.8248363595437438,0.6803550200253762,5.297503556973809,1.0590293903772825
rf,24,66,0.14,3859,0.6610266702830248,0.8194175669006984,0.6714451489454606,5.388693339383333,1.1051068298017084
rf,24,66,0.15,4135,0.6575031120986006,0.8210751048099516,0.674164327738673,5.416628113585599,1.1052268851977256
rf,24,66,0.16,4410,0.6664121512942708,0.8235129268664703,0.6781735407161804,5.345715182286937,1.0869804497011564
rf,24,66,0.17,4686,0.670155095204138,0.8279132098686639,0.6854402830750344,5.315640413343042,1.0803509978114334
rf,24,66,0.18,4962,0.6755461725342028,0.8284897559761459,0.6863952757574139,5.272021291853019,1.076106998002319
rf,24,66,0.19,5237,0.6792061163011243,0.8331371393322076,0.6941174929346542,5.242201910449916,1.0552713120786659
rf,24,66,0.2,5513,0.6823992950797825,0.8336162318929073,0.6949160220753294,5.216046249389554,1.0421525842045611
rf,24,66,0.21,5789,0.6864387958325169,0.838793568179678,0.7035746500195961,5.1827691676581376,1.0230342063329627
rf,24,66,0.22,6064,0.6920233552634218,0.8435240574570236,0.7115328355087601,5.136408976663575,1.0077503995622537
rf,24,66,0.23,6340,0.6941760500166716,0.8423149292831376,0.709494440093257,5.11842626526339,0.9968247204918536
rf,24,66,0.24,6616,0.6979882609136565,0.8432783042831408,0.7111182984746494,5.0864246674633815,0.9863298932709659
rf,24,66,0.25,6891,0.6999094158149323,0.8433734790325598,0.7112788251354836,5.0702209936840505,0.9766416783797558
rf,24,66,0.26,7167,0.7030307699755565,0.8476235351681063,0.718465657370878,5.043783436872557,0.9631070583265184
rf,24,66,0.27,7443,0.7074031752990548,0.8510677827179388,0.7243163707804288,5.006514854612019,0.9490986596981588
rf,24,66,0.28,7718,0.7040351753414487,0.8489593807169944,0.7207320301073826,5.035246704044629,0.9583712812204156
rf,24,66,0.29,7994,0.7043407528361579,0.8503622559036068,0.7231159662654713,5.032646639259775,0.9458804739216421
rf,24,66,0.3,8270,0.6994859731740279,0.8414264432846167,0.7079984594586003,5.07379689884763,0.9694760501015194
rf,24,66,0.31,8545,0.6938683230964942,0.8379410099397512,0.7021451361388502,5.121000755473322,0.9676740896605769
rf,24,66,0.32,8821,0.7001458036222037,0.8406274340741999,0.7066544829181733,5.068223639205294,0.9647471729794728
rf,24,66,0.33,9096,0.7001260764745239,0.8412800390461244,0.7077521040974485,5.068390353483501,0.9634170244172209
rf,24,66,0.34,9372,0.6979954799953321,0.8388607406043815,0.7036873421273315,5.086363875895059,0.9601346715641967
rf,24,66,0.35,9648,0.699622014777097,0.8415155770031751,0.7081484663389868,5.07264832417564,0.9567783823101221
rf,24,66,0.36,9923,0.7231870920234891,0.8537340190157243,0.7288617752247412,4.869606557074956,0.9242707744555801
rf,24,66,0.37,10199,0.7298308510582933,0.8585952460617068,0.7371857965597628,4.810814176090792,0.9136533026368303
rf,24,66,0.38,10475,0.7255244099134213,0.8561780740401287,0.7330408944670641,4.849004290602806,0.906490911274288
rf,24,66,0.39,10750,0.725375910990752,0.8565181783561578,0.733623389854551,4.8503158362753265,0.9144912121665063
rf,24,66,0.4,11026,0.7266613136245309,0.8576996298766749,0.7356486550905852,4.838951353815414,0.9123202296277064
rf,24,66,0.41,11302,0.728094794034267,0.8588433459087044,0.7376118928116584,4.826246126503306,0.9164312682798801
rf,24,66,0.42,11577,0.7288831716047941,0.8595769595863402,0.7388725494516967,4.819244299841763,0.89875148588776
rf,24,66,0.43,11853,0.7254166967624512,0.8584544637317707,0.7369440663010021,4.849955650793101,0.9033522677623682
rf,24,66,0.44,12129,0.7369702636988621,0.8649274952346321,0.7480995720128545,4.746823999624004,0.8815197192195375
rf,24,66,0.45,12404,0.7361632154744127,0.8661240484912945,0.7501708673749503,4.7541007088200855,0.8873641231800761
rf,24,66,0.46,12680,0.7479846830516207,0.8711724300332596,0.7589414028500546,4.646374093437174,0.8718086354315512
rf,24,66,0.47,12956,0.7447627944435332,0.8697730792086752,0.7565052093161404,4.675980541712533,0.8728727939908978
rf,24,66,0.48,13231,0.7469173505728972,0.8724083923279178,0.7610964030041821,4.6562028338352395,0.8752065526923527
rf,24,66,0.49,13507,0.7425735117718333,0.8691884669560365,0.7554885910893849,4.695991701293261,0.8766246364431057
rf,24,66,0.5,13782,0.7429679920717676,0.8697602543553544,0.7564829000562908,4.69239225343652,0.8764018126263778
rf,24,66,0.51,14058,0.7494524243978872,0.8739854713489632,0.7638506041290694,4.632824056190237,0.8658356413238318
rf,24,66,0.52,14334,0.7540342292474402,0.8753641923437737,0.7662624692376673,4.5902679921342004,0.858311559993091
rf,24,66,0.53,14609,0.7482714297894704,0.8718953653768998,0.7602015281657176,4.643729984672402,0.8613427383829627
rf,24,66,0.54,14885,0.7438571120631515,0.8696624402135918,0.7563127599182592,4.68426930785756,0.8714169111145129
rf,24,66,0.55,15161,0.7522820790545717,0.8743807985263214,0.7645417808315276,4.606588487292153,0.8526876057527978
rf,24,66,0.56,15436,0.7647376575338019,0.8817853857636483,0.777545466546346,4.489282269893649,0.8451698850442619
rf,24,66,0.57,15712,0.7572981563575355,0.8782486760014169,0.7713207368982417,4.559710212030266,0.8390120691960969
rf,24,66,0.58,15988,0.7537265875947412,0.8769176557997655,0.768984575053356,4.593137733600768,0.8426488040756798
rf,24,66,0.59,16263,0.756696871420837,0.8783831444004263,0.7715569483667801,4.565354975620073,0.8462357701904821
rf,24,66,0.6,16539,0.7598226079865087,0.8811261850406098,0.776383353964219,4.5359344207895465,0.8304735156918852
rf,24,66,0.61,16815,0.7625063163280261,0.881046550449101,0.7762430240582602,4.510521284571233,0.8351037825861015
rf,24,66,0.62,17090,0.7656592633068149,0.8834060363085049,0.7804062249863035,4.480480588687148,0.8331483832767789
rf,24,66,0.63,17366,0.7663565537652004,0.8837223596575335,0.780965208958679,4.47380969587689,0.8317823333475113
rf,24,66,0.64,17642,0.7693242903821319,0.8834203943836098,0.7804315932128926,4.445305750359255,0.8291608385247295
rf,24,66,0.65,17917,0.7683604772660781,0.8828680718825644,0.779456032349637,4.454582795578603,0.8245801263674312
rf,24,66,0.66,18193,0.7682484349654024,0.8827394400360571,0.7792289189951717,4.45565998948906,0.8263681855042351
rf,24,66,0.67,18469,0.7742930539913713,0.8851050189470568,0.7834108945652698,4.397169094932919,0.8133974065491956
rf,24,66,0.68,18744,0.7762644934853776,0.8854873275317654,0.784087807219348,4.3779234194702985,0.802763752542756
rf,24,66,0.69,19020,0.7734441426139149,0.8842581609284861,0.7819124951686284,4.40543047908332,0.817389671410781
rf,24,66,0.7,19296,0.7713329823406967,0.8835345592709802,0.7806333174261653,4.4259088799796285,0.8252298519360627
rf,24,66,0.71,19571,0.7705828403919297,0.8830627186989973,0.7797997651560645,4.4331625310305975,0.8113582445531484
rf,24,66,0.72,19847,0.7814942748280364,0.8894717113328662,0.7911599252614177,4.3264542435288105,0.8005026936688202
rf,24,66,0.73,20122,0.7779806446502364,0.8882108406439227,0.788918497437384,4.361100785073474,0.7992216855832645
rf,24,66,0.74,20398,0.7850922758716672,0.8899480445817439,0.7920075220548697,4.290685841256084,0.8063532416729448
rf,24,66,0.75,20674,0.7784118403482102,0.8867488118165981,0.7863234552581486,4.3568637629660785,0.8086855893308372
rf,24,66,0.76,20949,0.7993916063038222,0.8982152211898238,0.806790583577084,4.145484111148334,0.7768477380809935
rf,24,66,0.77,21225,0.7970214058052174,0.8963523165819691,0.8034474754418626,4.169901773644322,0.7937770069853177
rf,24,66,0.78,21501,0.7931388740152818,0.8941605140408324,0.7995230248697657,4.20959337091084,0.7888467152995299
rf,24,66,0.79,21776,0.7974704360993208,0.8963545081606122,0.8034514042998531,4.165286880841887,0.7885228943266577
rf,24,66,0.8,22052,0.7903118230162925,0.8922392802562453,0.7960909332321827,4.238260793235192,0.7840271845752868
rf,24,66,0.81,22328,0.7880847149089737,0.8904314463774765,0.7928681606978848,4.260708730312615,0.7953396129499385
rf,24,66,0.82,22603,0.7978734097610332,0.8965018018582767,0.8037154807351368,4.16114097583101,0.779335817719899
rf,24,66,0.83,22879,0.7948385202457704,0.8949072731284987,0.8008590274982854,4.192263926316898,0.7814551302700754
rf,24,66,0.84,23155,0.7928008154648118,0.8928129252573681,0.7971149195066187,4.2130316875286935,0.7901116336200044
rf,24,66,0.85,23430,0.8002316135058631,0.8970744498223181,0.8047425685240147,4.136795817034861,0.7740039477406147
rf,24,66,0.86,23706,0.802009940311528,0.8984492235987044,0.8072110073851148,4.11834189584093,0.7733127503281242
rf,24,66,0.87,23982,0.8015930775851345,0.8982371167590063,0.8068299179235328,4.122675145003788,0.7658640063875826
rf,24,66,0.88,24257,0.7997228061794681,0.8968414334569754,0.8043245567651625,4.142060647762008,0.7755401090022384
rf,24,66,0.89,24533,0.7947330758105708,0.8938449886487496,0.7989588637324834,4.193341112244081,0.7853665276749565
rf,24,66,0.9,24808,0.7984466792875959,0.8953607675105397,0.8016709039970628,4.15523589150083,0.7768020714317322
rf,24,66,0.91,25084,0.7988183210201365,0.8956366240863027,0.8021649624047091,4.15140322931104,0.7712440256013291
rf,24,66,0.92,25360,0.7979251366139801,0.8956084490731353,0.8021144940511868,4.160608496408788,0.7780521991322192
rf,24,66,0.93,25635,0.7924572295016789,0.8920502720407734,0.7957536878480178,4.216523349329363,0.7810042820927207
rf,24,66,0.94,25911,0.7941165250556207,0.892688544437207,0.7968928373694193,4.199634062585781,0.7771237804536996
rf,24,66,0.95,26187,0.7935645879901705,0.8924345695970693,0.7964394610119064,4.205259531768502,0.7808427561186024
rf,24,66,0.96,26462,0.8016591284141011,0.8967412473756216,0.8041448647447856,4.121988856505328,0.7750184862777818
rf,24,66,0.97,26738,0.8033326579428263,0.8979961679441387,0.8063971176423578,4.104562082553792,0.7552250672322246
rf,24,66,0.98,27014,0.7924849149339236,0.8917201621494203,0.7951648475837885,4.216242105698179,0.7758056647654354
rf,24,66,0.99,27289,0.799873334820844,0.8960825334483469,0.8029639067512077,4.140503765648751,0.7653715221675844
rf,24,66,1.0,27565,0.8037774247803859,0.897910271159657,0.8062428550540088,4.099918183906159,0.7582666458694944
rf,25,67,0.01,276,0.3101224758852511,0.5924256761558202,0.3509681817686808,7.687527860422831,2.163848232789675
rf,25,67,0.02,551,0.3249856098752806,0.6459342833730157,0.4172310984366114,7.604264601125929,1.5967811152931222
rf,25,67,0.03,827,0.45675888946152565,0.701369562701477,0.49191926348406106,6.8217691524297726,1.4629267152109091
rf,25,67,0.04,1103,0.4786339105661842,0.7453680077127696,0.5555734669217033,6.683009752974713,1.3668035575260151
rf,25,67,0.05,1378,0.5689150493960407,0.7745338220383152,0.5999026414812806,6.076900640293856,1.2749307909750922
rf,25,67,0.06,1654,0.5840358265161655,0.7859694546295787,0.6177479836107174,5.9693723300331385,1.2712991987154456
rf,25,67,0.07,1930,0.5926983346880602,0.7966522423459533,0.6346547952348356,5.906888833068401,1.1975369235039155
rf,25,67,0.08,2205,0.6160079950688229,0.8011532860864016,0.6418465878070396,5.7353746931398515,1.1904863644095425
rf,25,67,0.09,2481,0.6193847843474615,0.8025973063085406,0.6441624360937255,5.7101008358754735,1.167783968280951
rf,25,67,0.1,2756,0.6322300112297019,0.8116457740789881,0.6587688625802798,5.612919943079979,1.1329548567191388
rf,25,67,0.11,3032,0.630672055050465,0.8155471393221031,0.6651171364564659,5.624796172829315,1.1025042425823883
rf,25,67,0.12,3308,0.652753553793032,0.8244432648406463,0.6797066969411041,5.4540562107658594,1.0674222853326465
rf,25,67,0.13,3583,0.6613472240678226,0.8247612465465038,0.6802311138049429,5.386144798742561,1.0472942725972973
rf,25,67,0.14,3859,0.6856026923727104,0.8346718522301082,0.6966771009052396,5.18967443262514,1.0048663729593053
rf,25,67,0.15,4135,0.6843943775985426,0.8383939770514756,0.7029044607561902,5.19963753763104,1.0119870898552226
rf,25,67,0.16,4410,0.6758567599575471,0.8307895391558731,0.690211258370828,5.269497334021683,1.0328508761215534
rf,25,67,0.17,4686,0.6931698447925858,0.8428783876909149,0.7104439764364363,5.126839533723909,0.9948781480370456
rf,25,67,0.18,4962,0.6832855705812884,0.8360966777915075,0.6990576546139959,5.208763388395929,1.0147602662675332
rf,25,67,0.19,5237,0.7011078177740839,0.843534828629813,0.711551007111528,5.060086985029433,0.9914349324074503
rf,25,67,0.2,5513,0.70269716771039,0.8452494428137214,0.7144466205769064,5.046615624739066,0.9818296032722426
rf,25,67,0.21,5789,0.702502825655379,0.8453713728508025,0.7146527580356506,5.048264800796115,0.9741792467551563
rf,25,67,0.22,6064,0.7029309171813278,0.8453809904587989,0.7146690190290999,5.044631325290422,0.9674752026515878
rf,25,67,0.23,6340,0.708508677594315,0.8465217205411132,0.7165990233478865,4.997047985921109,0.9642134293078519
rf,25,67,0.24,6616,0.7111862851253576,0.8514202021639126,0.7249163606528377,4.9740438665109945,0.9626358785830763
rf,25,67,0.25,6891,0.7150975724959219,0.854404555351126,0.7300071442047554,4.94024832412164,0.9473648289138397
rf,25,67,0.26,7167,0.7196677710803299,0.8562465465007063,0.7331581483943862,4.900464187613849,0.941493798777193
rf,25,67,0.27,7443,0.7281005346424156,0.8594565042962494,0.738665482777129,4.826195179089523,0.9290453032546642
rf,25,67,0.28,7718,0.725774178235419,0.858133873787369,0.7363937453413162,4.846797530947614,0.9179226398176379
rf,25,67,0.29,7994,0.7239683388758001,0.8592369610460704,0.7382881552276863,4.862729975931792,0.919493257284133
rf,25,67,0.3,8270,0.7226854068264349,0.858568521281249,0.7371399057350706,4.8740173044648145,0.921245368917313
rf,25,67,0.31,8545,0.7225677621169222,0.8573964734991847,0.7351287127688381,4.875051042976186,0.920617951238163
rf,25,67,0.32,8821,0.7204181780859988,0.8553280630338407,0.7315860954132217,4.893900891460754,0.9458561208943459
rf,25,67,0.33,9096,0.7224562460254423,0.8568478163167642,0.7341881803268073,4.876030727281138,0.9367194795648501
rf,25,67,0.34,9372,0.7352164256805045,0.8637346061129829,0.7460374697971498,4.762623218558096,0.9202118221026211
rf,25,67,0.35,9648,0.7380484712084698,0.8661687302424972,0.7502482692498998,4.7370849543306575,0.9067655334825087
rf,25,67,0.36,9923,0.7410862604455015,0.8617626650540082,0.7426348908809868,4.709537435234165,0.9278457202801212
rf,25,67,0.37,10199,0.7381011427752145,0.8598904958046222,0.739411664775119,4.736608678755516,0.9386606030846222
rf,25,67,0.38,10475,0.7395260723276331,0.8610752769925204,0.7414506326477457,4.72370572225455,0.9330437377087595
rf,25,67,0.39,10750,0.7348909632234126,0.8580919952811012,0.7363218723655015,4.765549342343175,0.9274873323539156
rf,25,67,0.4,11026,0.7471829515399708,0.8651694262872278,0.7485181361821709,4.6537589353411,0.9065362290054205
rf,25,67,0.41,11302,0.7549014931609429,0.8697500474186586,0.7564651449847588,4.582168309903511,0.897172885712089
rf,25,67,0.42,11577,0.7476077415279742,0.8661442392253016,0.7502058431431765,4.6498476063577305,0.9088692942961505
rf,25,67,0.43,11853,0.7556719454313643,0.8710186512965605,0.7586734909064793,4.574960757425174,0.9037271343242917
rf,25,67,0.44,12129,0.7564696842316381,0.8717709761309225,0.7599846348242614,4.567485955524597,0.8863596315631929
rf,25,67,0.45,12404,0.7635075341818451,0.8754936223148182,0.7664890827139216,4.501003591206138,0.8809497145385428
rf,25,67,0.46,12680,0.7620997416830532,0.875117717450497,0.765831019395768,4.514380501724156,0.8619437309924272
rf,25,67,0.47,12956,0.7596256886591062,0.8737492848174808,0.7634378127190592,4.53779352613334,0.8798468995317287
rf,25,67,0.48,13231,0.7694252375117853,0.8802676988879334,0.7748712217054574,4.444332977887153,0.8630744014368712
rf,25,67,0.49,13507,0.7646941760587015,0.8768314627056136,0.7688334139904659,4.4896971080583965,0.8652548677885528
rf,25,67,0.5,13782,0.7680409083388403,0.8790690829933291,0.7727624526747325,4.457654498514349,0.8600253420346292
rf,25,67,0.51,14058,0.7677839386969427,0.8783792774376042,0.7715501550318077,4.460122961379431,0.8658660753060019
rf,25,67,0.52,14334,0.773832651774235,0.8823106631887877,0.7784721063766383,4.401651533554195,0.8411862593925432
rf,25,67,0.53,14609,0.7645265418641277,0.8764196477110064,0.7681113988938847,4.491296075625426,0.8568334795884782
rf,25,67,0.54,14885,0.7754473459612049,0.8838757579204898,0.7812363554395203,4.385910861548681,0.831839112623551
rf,25,67,0.55,15161,0.7727090436028445,0.8816100599426655,0.7772362977921102,4.4125717752115134,0.8403183028102946
rf,25,67,0.56,15436,0.7768165869889272,0.8852511473092284,0.7836695938123052,4.372518564356206,0.8412680112967257
rf,25,67,0.57,15712,0.7755367480758228,0.8840598545497762,0.7815618264265715,4.385037683845485,0.836259111447438
rf,25,67,0.58,15988,0.7674501558560897,0.8788955963470916,0.7724574692783097,4.463327257255416,0.8398680850976412
rf,25,67,0.59,16263,0.7766111538355556,0.8846614358391924,0.7826258560610616,4.374530482838163,0.8268976685353675
rf,25,67,0.6,16539,0.774500177111589,0.882993571537217,0.7796776473760504,4.395151070151361,0.8213523476527972
rf,25,67,0.61,16815,0.7753508232202689,0.8832267642176058,0.7800895170303023,4.386853390277251,0.8233060138984606
rf,25,67,0.62,17090,0.7812187037099951,0.8871228174228755,0.7869868931923004,4.329181563751588,0.8046112091484524
rf,25,67,0.63,17366,0.7734467427424108,0.8822113580600427,0.7782968802901449,4.405405198964052,0.8332469392690581
rf,25,67,0.64,17642,0.7709259427684626,0.8805669764069439,0.7753981999384674,4.429846306303319,0.8339890920063873
rf,25,67,0.65,17917,0.7807893622068199,0.8883506742946744,0.7891669205198026,4.333427325061059,0.8170808353385887
rf,25,67,0.66,18193,0.7818432146361791,0.8879502829434172,0.7884557049792946,4.322998326511282,0.8097136177102193
rf,25,67,0.67,18469,0.7820280831091282,0.8880193363949253,0.7885783418112834,4.321166260001384,0.8186208041114983
rf,25,67,0.68,18744,0.7787540303015696,0.8854770239710745,0.7840695599806708,4.353498395813636,0.820124352673162
rf,25,67,0.69,19020,0.7661666014110143,0.8769598498141603,0.7690585781860746,4.475627932261323,0.8439021431885332
rf,25,67,0.7,19296,0.7754574914062272,0.8820691728242505,0.7780460256468574,4.385811781178596,0.8381250872168723
rf,25,67,0.71,19571,0.7779937493752165,0.8832677697158872,0.7801619530188775,4.3609720758677595,0.8310280529432225
rf,25,67,0.72,19847,0.7814887478406685,0.8855075557699584,0.7841236313256861,4.326508960874826,0.8361556796821498
rf,25,67,0.73,20122,0.7847543294316714,0.8870940097049435,0.7869357820543943,4.294058108149036,0.8185851081108033
rf,25,67,0.74,20398,0.7812107963158013,0.8851128882022655,0.7834248248617562,4.329259797669276,0.8229638408798909
rf,25,67,0.75,20674,0.7760326028071136,0.8824021883150868,0.7786336219432538,4.380191581400075,0.8263594394141772
rf,25,67,0.76,20949,0.7862067061349497,0.8880930537299382,0.7887092720833668,4.279546443451883,0.812357250412862
rf,25,67,0.77,21225,0.7804186880884628,0.8850287484010099,0.783275885496258,4.337089580926707,0.8272821219325013
rf,25,67,0.78,21501,0.7886515119568274,0.8901736711902754,0.7924091648803725,4.255006984737113,0.8076439847852036
rf,25,67,0.79,21776,0.78527786301003,0.8882195432971155,0.7889339570949364,4.288832794563421,0.8080349615135188
rf,25,67,0.8,22052,0.7908422711463515,0.8907781046368876,0.7934856317004858,4.232896635013264,0.7986119486109936
rf,25,67,0.81,22328,0.7838068557304543,0.8869227940452672,0.7866320425970634,4.303498576176599,0.8151021351608579
rf,25,67,0.82,22603,0.7944822748526558,0.8932450686004966,0.7978867525791058,4.195902101845016,0.7891317872950867
rf,25,67,0.83,22879,0.7958303331816856,0.8941721973433469,0.7995439185018293,4.182118310849432,0.7873779715003186
rf,25,67,0.84,23155,0.7907403302538939,0.8907254950056508,0.7933919074530617,4.233928040111811,0.7917234518670857
rf,25,67,0.85,23430,0.7915064363345371,0.8921124061875183,0.7958645452736837,4.226170663279665,0.7893426309526844
rf,25,67,0.86,23706,0.7852187205733369,0.8886102963571969,0.7896282587920254,4.289423405670658,0.7957990620210369
rf,25,67,0.87,23982,0.7958036889176895,0.8943694911129302,0.7998967866336018,4.182391186421273,0.7802351458196843
rf,25,67,0.88,24257,0.793385594583841,0.8926832140871647,0.7968833207129906,4.207082258373612,0.7845344152134721
rf,25,67,0.89,24533,0.7932796414329111,0.8921982921209272,0.7960177924634992,4.20816082907864,0.7817135313898117
rf,25,67,0.9,24808,0.7966265845133738,0.8945829832346248,0.800278713892961,4.173955319751629,0.779392817973356
rf,25,67,0.91,25084,0.7965012073599127,0.8945571604065896,0.8002325132347009,4.175241717006215,0.7725727982195684
rf,25,67,0.92,25360,0.791463769307806,0.892125251443375,0.795887464262905,4.22660307210122,0.7800795303089154
rf,25,67,0.93,25635,0.7936020010326841,0.8921700015657664,0.7959673116938597,4.204878447241386,0.7733414270230937
rf,25,67,0.94,25911,0.7939423063248494,0.8937856271633868,0.7988527473238487,4.201410553389673,0.7725174842301544
rf,25,67,0.95,26187,0.7910594810193685,0.891662291348843,0.7950616418134689,4.23069813683822,0.7815531553092216
rf,25,67,0.96,26462,0.7966515922027166,0.8949370296070527,0.8009122869618946,4.17369868791334,0.7716534288858067
rf,25,67,0.97,26738,0.8008617111346027,0.8970306962750983,0.8046640700597878,4.130266646146496,0.7670474531915752
rf,25,67,0.98,27014,0.7951128743884992,0.8943258334147406,0.7998186963129703,4.1894599161499855,0.7600881505623158
rf,25,67,0.99,27289,0.7944959696254799,0.8936420320367088,0.798596081422698,4.195762301535047,0.7732478203185866
rf,25,67,1.0,27565,0.7953328294646718,0.8934846927325789,0.7983148961474309,4.187210530248894,0.7789379335566156
rf,26,68,0.01,276,0.27618968700076774,0.5558781650224148,0.3090005343486871,7.874320511134985,2.4668204733300834
rf,26,68,0.02,551,0.3330185969227635,0.6311719904942176,0.39837808158443266,7.558882025349517,1.865674080126046
rf,26,68,0.03,827,0.4182464978520054,0.6907533990229694,0.4771402582617856,7.059439292764396,1.5259669735327637
rf,26,68,0.04,1103,0.5224358988112935,0.7320135176502892,0.5358437900227503,6.396119088980302,1.4583111431603126
rf,26,68,0.05,1378,0.5392619185900687,0.7436496448174603,0.5530147942371348,6.282431462949776,1.3585564912333317
rf,26,68,0.06,1654,0.5483851217683055,0.7482160721291055,0.5598272905923067,6.219920377564824,1.33085379963548
rf,26,68,0.07,1930,0.5733229852177065,0.7627751141818463,0.5818258748151286,6.045752005941453,1.358183492689597
rf,26,68,0.08,2205,0.5934538467805976,0.773127788285141,0.5977265770186737,5.901407886457261,1.3202964055959143
rf,26,68,0.09,2481,0.6145900760673061,0.784250495732785,0.6150488400571191,5.745954084383815,1.2444544517380354
rf,26,68,0.1,2756,0.6349676714389441,0.7979643554346761,0.6367471125442782,5.591989781011049,1.201729493474745
rf,26,68,0.11,3032,0.6266750694315003,0.7937302148075756,0.63000765389848,5.6551509417820895,1.212522664108997
rf,26,68,0.12,3308,0.6394411614573594,0.8010408678231762,0.6416664719229073,5.557619091121423,1.171263978652979
rf,26,68,0.13,3583,0.640015252339126,0.8029260543581525,0.6446902487671508,5.553192837837188,1.1460829141562325
rf,26,68,0.14,3859,0.6541086114044812,0.8118214881871821,0.6590541286824511,5.443404144201925,1.1210341859326816
rf,26,68,0.15,4135,0.6546138935378956,0.810857895085012,0.6574905260216964,5.439426797326382,1.1105403174963333
rf,26,68,0.16,4410,0.6560476599618097,0.8129999350554676,0.6609688944001946,5.428124984852257,1.0776005267969133
rf,26,68,0.17,4686,0.6614313819137332,0.8152736270512626,0.6646710869653212,5.385475507744471,1.0763252928964009
rf,26,68,0.18,4962,0.6719348900055281,0.8239048890207773,0.6788192661523393,5.301279806602882,1.046307575124849
rf,26,68,0.19,5237,0.6756912256511762,0.8273098634472742,0.6844416101571474,5.270842682531098,1.061494305446843
rf,26,68,0.2,5513,0.6804221108424415,0.8303956810427864,0.689556987094513,5.232256987153611,1.0339991979252265
rf,26,68,0.21,5789,0.6758359782044923,0.8223873505736998,0.6763209543836295,5.269666252610143,1.0624629730051287
rf,26,68,0.22,6064,0.6786833598844852,0.8244300835250817,0.6796849626211733,5.246471441941902,1.0912157170026364
rf,26,68,0.23,6340,0.6861430952050549,0.8285858844167487,0.6865545678546857,5.185212370024039,1.0388932754967732
rf,26,68,0.24,6616,0.687986198705089,0.8298121039672315,0.6885881278905234,5.169965047426248,1.0624380962277657
rf,26,68,0.25,6891,0.7041337902342106,0.8394211092261701,0.7046277986144938,5.03440776704661,1.0073972009889867
rf,26,68,0.26,7167,0.7158755587319207,0.8468749239203689,0.7171971367651306,4.9334985174324935,0.9964687490913586
rf,26,68,0.27,7443,0.6974223518184384,0.8353021495763632,0.697729681086893,5.091187904219405,1.0107354494978225
rf,26,68,0.28,7718,0.7043340557549682,0.8396838701917864,0.7050690018602568,5.0327036370580975,1.0106164213693543
rf,26,68,0.29,7994,0.710027467345495,0.843183922866545,0.7109591277806157,4.984012645617989,0.9907453516634763
rf,26,68,0.3,8270,0.7081552476449268,0.8418435385736225,0.7087005434381582,5.000076500424471,0.9835798833646546
rf,26,68,0.31,8545,0.7110829121394762,0.843587094073289,0.7116391852870162,4.974933948489112,0.9790622430212356
rf,26,68,0.32,8821,0.711931574724451,0.844720909663577,0.7135534152228611,4.967621910727069,0.9745800278823682
rf,26,68,0.33,9096,0.7221638872576299,0.8517222731721406,0.7254308306175185,4.878598205563796,0.9469323571980887
rf,26,68,0.34,9372,0.7211606061143285,0.8514419958314636,0.7249534722654661,4.8873987081806,0.9350261189905332
rf,26,68,0.35,9648,0.7334092873124711,0.85808557323818,0.736310850999496,4.778847948388318,0.9245677086056231
rf,26,68,0.36,9923,0.7275228750138623,0.8539110391901461,0.7291640628507953,4.831319166618646,0.9385062695308949
rf,26,68,0.37,10199,0.7316794952054864,0.8580165164223944,0.736192342453621,4.794326821243271,0.9191580823947461
rf,26,68,0.38,10475,0.7272393414444385,0.8546359141183884,0.7304025457009733,4.833832194083272,0.9287972151131748
rf,26,68,0.39,10750,0.7322122766393292,0.8584972692339513,0.7370175612821515,4.789564610544575,0.9386960286103633
rf,26,68,0.4,11026,0.7318864049070504,0.8577348418252735,0.7357090588810269,4.792477942707348,0.9256140076210095
rf,26,68,0.41,11302,0.736409323819265,0.8602712144244968,0.7400665623673987,4.751882866381524,0.927686917954305
rf,26,68,0.42,11577,0.7265789284039397,0.8542473599043927,0.729738551903625,4.839680537169037,0.9355521959435096
rf,26,68,0.43,11853,0.7341297998485767,0.8589504644660713,0.7377959004064796,4.772385702460914,0.9202733702703547
rf,26,68,0.44,12129,0.7342431446585975,0.8596572064671277,0.7390105126308659,4.771368321020492,0.9223700714671967
rf,26,68,0.45,12404,0.7341237982229922,0.8589738398466099,0.7378360575408295,4.772439566922744,0.9191950898764121
rf,26,68,0.46,12680,0.7445127371106603,0.8647606378963283,0.7478109608548646,4.678270523255447,0.8932489920002991
rf,26,68,0.47,12956,0.744311543404333,0.8653789406410332,0.7488807109049967,4.680112206758625,0.901786665566444
rf,26,68,0.48,13231,0.7458107290820171,0.8660233272285651,0.7499964033040344,4.666371515547919,0.8918229714049277
rf,26,68,0.49,13507,0.7412416321341513,0.863755525515929,0.7460736078592988,4.708124148719969,0.8934720733842608
rf,26,68,0.5,13782,0.7438955313367002,0.8656764837348717,0.7493957744915716,4.683917994232919,0.8881083600261677
rf,26,68,0.51,14058,0.7386387765293301,0.8614769363043288,0.7421425117842925,4.731744455616554,0.8996906840342501
rf,26,68,0.52,14334,0.7341765578213095,0.8591790818428829,0.7381886946763794,4.77196602983049,0.9019479633467566
rf,26,68,0.53,14609,0.746121222047606,0.8664600210789318,0.750752968128103,4.663520651215474,0.8833043884043399
rf,26,68,0.54,14885,0.7434961199049248,0.8649858153896179,0.7482004608252422,4.68756900734883,0.883750746489301
rf,26,68,0.55,15161,0.7478919845904084,0.8685015233089883,0.7542948959900332,4.647228549694327,0.8711969832688035
rf,26,68,0.56,15436,0.7488448401494852,0.8682850633735382,0.7539189512775892,4.638438012885433,0.8683560010264969
rf,26,68,0.57,15712,0.7508443904558676,0.8690645885254041,0.75527325902883,4.619936851851558,0.8581465061773847
rf,26,68,0.58,15988,0.7484511972677381,0.8680495068245425,0.7535099462983315,4.642071569976885,0.8679468804833256
rf,26,68,0.59,16263,0.7506320612231746,0.8699500741975177,0.7568131315962665,4.6219049768074925,0.8693004459809478
rf,26,68,0.6,16539,0.7624210014849604,0.8761475390825051,0.7676345102403298,4.511331368983963,0.8464963544699615
rf,26,68,0.61,16815,0.7550817402072987,0.8721323043216838,0.76061475624145,4.58048312173683,0.848962228222217
rf,26,68,0.62,17090,0.7500160524982842,0.8694135785990806,0.7558799706524598,4.627610156208278,0.8547390998506555
rf,26,68,0.63,17366,0.7589816117364014,0.8742776165418669,0.7643613507861275,4.54386891096784,0.8589267993348657
rf,26,68,0.64,17642,0.7653599068715736,0.8779395151802448,0.7707777923149234,4.483341449850648,0.8509679872148513
rf,26,68,0.65,17917,0.7722807959493244,0.8816863594899278,0.7773708365106022,4.416726767285411,0.8476328074023334
rf,26,68,0.66,18193,0.7760293933442278,0.8839401139313967,0.7813501250170506,4.38022296545893,0.8335123288142842
rf,26,68,0.67,18469,0.7731206187027742,0.8831030713541306,0.7798710346350987,4.4085748551685855,0.8375197520046015
rf,26,68,0.68,18744,0.7736523263886482,0.8833108565792562,0.7802380693507793,4.403405923317448,0.8331340662991844
rf,26,68,0.69,19020,0.7696243517451395,0.8798388230078619,0.7741163544718597,4.442413598087512,0.8318448362382671
rf,26,68,0.7,19296,0.7676688552439046,0.879073804293268,0.7727707533946389,4.461228015805096,0.8416232430986731
rf,26,68,0.71,19571,0.7653362117890822,0.8767848041190532,0.7687515927340866,4.48356781880198,0.8316350162453668
rf,26,68,0.72,19847,0.7686430642740048,0.8792156597997693,0.7730201764371437,4.451864797886508,0.836389302540876
rf,26,68,0.73,20122,0.7832612295879873,0.886749543578009,0.7863247530358072,4.308925717895086,0.8261294794445303
rf,26,68,0.74,20398,0.7838430103309748,0.8871697467078834,0.7870701594737299,4.303138717916694,0.8208707557816003
rf,26,68,0.75,20674,0.7890038287646658,0.8894894460417617,0.7911914746196801,4.251458968459227,0.813635252961447
rf,26,68,0.76,20949,0.7927656381186176,0.8912698589576002,0.7943619614863007,4.213389307141783,0.8118593324166326
rf,26,68,0.77,21225,0.784860556966229,0.8871783014306861,0.7870853385294373,4.292998380680568,0.8049771930922686
rf,26,68,0.78,21501,0.7916341507584517,0.8909297573283974,0.7937558324932371,4.224876077433845,0.806558542582428
rf,26,68,0.79,21776,0.7904302932871033,0.8899504450047327,0.7920117945641219,4.2370633512720275,0.8029600813870468
rf,26,68,0.8,22052,0.7933155142927468,0.8923469487098402,0.7962830768717623,4.207795685281737,0.7986210681560632
rf,26,68,0.81,22328,0.7953279466691235,0.8934559744422174,0.7982635782664922,4.187260477612075,0.7959565756274952
rf,26,68,0.82,22603,0.796159711406096,0.893968099648604,0.7991789631893365,4.1787435325619535,0.789580188204622
rf,26,68,0.83,22879,0.7886069652165297,0.889664368894203,0.7915026892799205,4.255455383270854,0.8036566594767586
rf,26,68,0.84,23155,0.7899331842531931,0.890816658066574,0.7935543182888993,4.242085629853086,0.8067695865834912
rf,26,68,0.85,23430,0.791122762407944,0.8907608770070178,0.7934549400063114,4.230057416865836,0.793133685856809
rf,26,68,0.86,23706,0.7899856400749065,0.8915445137756545,0.7948516200434681,4.241555950808008,0.7993869899485424
rf,26,68,0.87,23982,0.784313438375564,0.8870107978072962,0.7867881554267361,4.298453651453376,0.8145745286479661
rf,26,68,0.88,24257,0.787803951894653,0.8895227538887565,0.7912507296858372,4.263530266912247,0.8033421712047365
rf,26,68,0.89,24533,0.7890071131285418,0.8892960544986726,0.790847472546906,4.2514258792507515,0.800367993656054
rf,26,68,0.9,24808,0.7890226377254661,0.8894376062479241,0.7910992554080373,4.251269469031827,0.7946069566793028
rf,26,68,0.91,25084,0.7896412919849359,0.8898852099435025,0.7918956868761915,4.245031840451503,0.7905977163568718
rf,26,68,0.92,25360,0.7912227084861293,0.8903180267962342,0.79266618883834,4.229045271549721,0.7906716852355034
rf,26,68,0.93,25635,0.7943438217881887,0.8926340084987433,0.7967954731285345,4.197315210363163,0.7801721455107941
rf,26,68,0.94,25911,0.7922913485160927,0.8912588809636831,0.7943423928966367,4.218208065554288,0.7914099180635018
rf,26,68,0.95,26187,0.7937261260019437,0.89261565084551,0.7967627001343534,4.20361387853264,0.7777214634705925
rf,26,68,0.96,26462,0.7925200404612798,0.8918681170618863,0.7954287382315145,4.215885254544601,0.772537567971449
rf,26,68,0.97,26738,0.7946620329450613,0.8930819927287043,0.7975954457362734,4.194066706973759,0.7762321378496946
rf,26,68,0.98,27014,0.7993157105953472,0.8958362707970282,0.8025226240755264,4.1462682126897334,0.765000336584491
rf,26,68,0.99,27289,0.7947243480777683,0.8934309647373914,0.7982188887515859,4.193430259513909,0.7704024591309292
rf,26,68,1.0,27565,0.7916276903773484,0.891979701202548,0.7956277873573868,4.224941573046759,0.7750730788816182
rf,27,69,0.01,276,0.2860596787186993,0.5517653931751727,0.30444504910575293,7.820448489982761,2.7693266373864045
rf,27,69,0.02,551,0.45264311195220197,0.6832066544260879,0.4667713326520878,6.847562399693712,1.8966500496604564
rf,27,69,0.03,827,0.5315602975488877,0.7468882941369707,0.557842123918834,6.334721888124584,1.5448965484378274
rf,27,69,0.04,1103,0.5329433460735152,0.7586410846837783,0.5755362953701797,6.325363475431683,1.3810340827976963
rf,27,69,0.05,1378,0.5762318746464605,0.7816278833268026,0.6109421479939376,6.025108169787962,1.2626572657726272
rf,27,69,0.06,1654,0.612385859092778,0.7986588618575963,0.6378559776236711,5.762361643728997,1.2390574982702134
rf,27,69,0.07,1930,0.6153078872864084,0.7960410526801452,0.6336813575521137,5.740600780957977,1.2130247995869572
rf,27,69,0.08,2205,0.6297282708730987,0.8047745367892297,0.6476620550643193,5.631978416442205,1.1431636034229482
rf,27,69,0.09,2481,0.62512929757363,0.8060622557490147,0.6497363601431899,5.666846575277097,1.1386663408296294
rf,27,69,0.1,2756,0.6300940709920937,0.8047952515280601,0.6476953968821135,5.629195747271255,1.1123324230749743
rf,27,69,0.11,3032,0.6507142364346639,0.8197338696940982,0.6719636171236608,5.470048122569035,1.065275957956771
rf,27,69,0.12,3308,0.657907826723116,0.8236419707042097,0.6783860959055144,5.41342686318231,1.1138968194389023
rf,27,69,0.13,3583,0.6759888502165099,0.8361214118945622,0.6990990154285562,5.268423549183768,1.0567136354968936
rf,27,69,0.14,3859,0.6723606190832244,0.8329744050751489,0.6938463595102982,5.2978389627500775,1.052307723600671
rf,27,69,0.15,4135,0.6745535714795325,0.8336856239160101,0.695031719524227,5.280079476446177,1.047926745000075
rf,27,69,0.16,4410,0.6755612854620467,0.8325308000226429,0.6931075329863419,5.271898506115161,1.0317210624131687
rf,27,69,0.17,4686,0.6701515662647612,0.8320953133502423,0.692382610499438,5.315668848711181,1.0390064316031455
rf,27,69,0.18,4962,0.6628842439907232,0.8252546838967293,0.6810452932934906,5.373908037049961,1.0423228203382406
rf,27,69,0.19,5237,0.6776349202108181,0.8369841900083483,0.700542534323931,5.2550239542848844,1.009069371311856
rf,27,69,0.2,5513,0.6777804156539919,0.8388712350795697,0.7037049490439228,5.253837925807134,1.019015526557258
rf,27,69,0.21,5789,0.6804175655793997,0.838629394099465,0.7032992606476358,5.232294195453302,1.006678082717854
rf,27,69,0.22,6064,0.6725377344793987,0.8345064420293297,0.696401001788451,5.296406815477457,1.0068574549715905
rf,27,69,0.23,6340,0.6923022156197539,0.8475459297879671,0.7183341031001496,5.134083045070246,0.9903366673232034
rf,27,69,0.24,6616,0.696748655928542,0.8480896942331886,0.7192561294645433,5.096852574618436,0.9718917191188253
rf,27,69,0.25,6891,0.7050044421203236,0.8548717020603972,0.7308056269836405,5.026994879273397,0.9556103730057567
rf,27,69,0.26,7167,0.695961764550254,0.8497037955620407,0.7219965401925382,5.103461071210051,0.9669628000238802
rf,27,69,0.27,7443,0.7063855875440033,0.8550068102016994,0.7310366454912849,5.015213080325669,0.9634308307778422
rf,27,69,0.28,7718,0.709561395573752,0.8545733362340134,0.7302955870021322,4.988016429928289,0.9479844694800955
rf,27,69,0.29,7994,0.7147214430592649,0.8606258015648075,0.7406767703190674,4.943508317284725,0.9313664181697981
rf,27,69,0.3,8270,0.7065831153093897,0.8554212963433864,0.7317455942377996,5.013525815567,0.944714163642552
rf,27,69,0.31,8545,0.7184023273005635,0.8615022426202991,0.7421861140398046,4.911512291932155,0.9248309419639434
rf,27,69,0.32,8821,0.711345198325591,0.8569808183285802,0.734416122983123,4.972675250775783,0.9376408719364169
rf,27,69,0.33,9096,0.7152837709600763,0.8575725206289931,0.7354306281379649,4.938633706438688,0.9193457427935646
rf,27,69,0.34,9372,0.711153339705456,0.85544507760011,0.7317862807902582,4.9743275567970455,0.9359324214615217
rf,27,69,0.35,9648,0.718233976076021,0.8596579628947401,0.7390118131683343,4.912980229423796,0.9143710075895181
rf,27,69,0.36,9923,0.7183079768894661,0.8595749132415044,0.7388690314741397,4.912335033806485,0.9110111886013873
rf,27,69,0.37,10199,0.7387327621154097,0.8704002386731452,0.7575965754822681,4.730893610649748,0.8917841463271566
rf,27,69,0.38,10475,0.7358671047906548,0.8689398494156594,0.7550564619025089,4.756767784319111,0.9009754339409185
rf,27,69,0.39,10750,0.7393295663092344,0.8683455599753166,0.7540240115288461,4.725487208809549,0.8903409081034893
rf,27,69,0.4,11026,0.7277616495596051,0.8602400358458586,0.7400129192720841,4.829201834976108,0.9023401236349103
rf,27,69,0.41,11302,0.7363477722289884,0.8643930664061245,0.7471753732509827,4.752437644871263,0.8894538867046622
rf,27,69,0.42,11577,0.7389288931731076,0.866271284658176,0.7504259386233266,4.729117556794724,0.8780566232595485
rf,27,69,0.43,11853,0.7438211780492681,0.870347604315295,0.7575049523373734,4.684597871919191,0.8627037920166301
rf,27,69,0.44,12129,0.7456193065236767,0.8712068803920728,0.7590014284424875,4.668128239314842,0.8602199799435958
rf,27,69,0.45,12404,0.7509198281716748,0.8757500461330028,0.7669381433019565,4.6192374016798885,0.8468313051789882
rf,27,69,0.46,12680,0.7425459824389737,0.8677379150027538,0.7529690891333263,4.696242790572131,0.8698313022817705
rf,27,69,0.47,12956,0.7389813008096509,0.8666302461859539,0.751047983604327,4.728642869426319,0.8763840600523775
rf,27,69,0.48,13231,0.7434590657313283,0.8693289595895848,0.75573283998111,4.687907574787338,0.87305118967612
rf,27,69,0.49,13507,0.7388795410804567,0.8661212022995568,0.7501659370728297,4.729564524714262,0.8664001912231146
rf,27,69,0.5,13782,0.7497487422329607,0.8714719342554048,0.7594633321948566,4.630083669411074,0.8558273162510681
rf,27,69,0.51,14058,0.7561097121553995,0.8764550408717572,0.7681734386695136,4.570860402497137,0.8547638013916934
rf,27,69,0.52,14334,0.7557211489496214,0.8758338870392269,0.7670849976862413,4.574500074554083,0.8448899350860697
rf,27,69,0.53,14609,0.7554614357729259,0.8762195904244673,0.7677607706436212,4.576931194415635,0.8360822688488071
rf,27,69,0.54,14885,0.752194200849251,0.8744500288515166,0.7646628529584182,4.6074055110086105,0.8427958889899776
rf,27,69,0.55,15161,0.7514913640331244,0.8740255718281905,0.7639207002095955,4.613934739470189,0.8328755827348933
rf,27,69,0.56,15436,0.7605193331729425,0.8793485015934807,0.7732537872546996,4.529350547575312,0.8182734165706449
rf,27,69,0.57,15712,0.7594986872909217,0.8787463570022054,0.7721951599446474,4.53899213567,0.8214746791694485
rf,27,69,0.58,15988,0.7614616960033718,0.8791639950581918,0.7729293302066802,4.520430205693604,0.8170510169108405
rf,27,69,0.59,16263,0.7649905677281879,0.8807952607968058,0.7758002914421132,4.486868601513129,0.8062022353240654
rf,27,69,0.6,16539,0.7596847158055735,0.8798562875245908,0.7741470866965553,4.537236333795777,0.8169347295269905
rf,27,69,0.61,16815,0.7673693322203199,0.8834116011341402,0.7804160570183852,4.464102813564585,0.8029304244635831
rf,27,69,0.62,17090,0.7637488124842486,0.8824926562456291,0.7787932883274661,4.498706960664225,0.8091265476629904
rf,27,69,0.63,17366,0.7618410023975659,0.8806389050847118,0.7755248811488,4.516834744891892,0.8090958362328904
rf,27,69,0.64,17642,0.7611887167099878,0.8792534853807504,0.7730866915541975,4.523016018929578,0.8130763540693748
rf,27,69,0.65,17917,0.7614969061239878,0.8797387653691212,0.7739402952931858,4.520096567942262,0.8102972117050609
rf,27,69,0.66,18193,0.7692755317666019,0.8850456980814827,0.7833058876925391,4.445775534329902,0.8015226308020862
rf,27,69,0.67,18469,0.7692232039642883,0.885199630545841,0.7835783859184935,4.446279651808512,0.8005803937224224
rf,27,69,0.68,18744,0.7695849158065301,0.8847110621624733,0.7827136635126517,4.442793810263947,0.7966664733612611
rf,27,69,0.69,19020,0.7689940752901389,0.883748512786553,0.7810114338524442,4.448486367195083,0.8017732786150628
rf,27,69,0.7,19296,0.778841633911881,0.8895015838800855,0.7912130677251807,4.3526364141523,0.7784134542265846
rf,27,69,0.71,19571,0.7766208993551306,0.8876114109413143,0.7878540168332309,4.374435060577475,0.787376817214983
rf,27,69,0.72,19847,0.7852541369580615,0.8915331737777233,0.7948313999461802,4.28906973859816,0.7705575549088357
rf,27,69,0.73,20122,0.7802139087666213,0.8890585490618511,0.7904251036599639,4.339111472687099,0.7831977405137682
rf,27,69,0.74,20398,0.7778789285086096,0.8883280707175373,0.7891267612247419,4.362099669942913,0.7870361376928452
rf,27,69,0.75,20674,0.7805674520722767,0.8890019554571068,0.7903244768065597,4.335620166168425,0.7778698243120145
rf,27,69,0.76,20949,0.7728403766564059,0.8847766085810156,0.7828296470921237,4.411296756898847,0.7884252146164566
rf,27,69,0.77,21225,0.7817122834732795,0.8900643669272892,0.7922145772736761,4.324295398927106,0.7763911070751498
rf,27,69,0.78,21501,0.7773171910113457,0.8873885576414412,0.7874584522329574,4.367611996334055,0.7668836472187761
rf,27,69,0.79,21776,0.7778446641200636,0.8870723996258174,0.7868974421779059,4.36243610563833,0.7785172748086968
rf,27,69,0.8,22052,0.7758156743654704,0.8864752757615126,0.7858384145364499,4.38231233240184,0.7879597968301528
rf,27,69,0.81,22328,0.7829670176614169,0.8897706546334976,0.7916918178469229,4.311849300519265,0.7713681934869585
rf,27,69,0.82,22603,0.7796861025528042,0.8875456470764324,0.787737275644323,4.344318437046863,0.7778201085377242
rf,27,69,0.83,22879,0.7839940999740214,0.8908410827021647,0.793597834629965,4.301634548780369,0.775866832832284
rf,27,69,0.84,23155,0.7807050009049279,0.8885600436837141,0.7895389512312039,4.3342610857062835,0.7749752018132009
rf,27,69,0.85,23430,0.7840150603229457,0.8903168006593899,0.7926640055363718,4.301425837007994,0.7646090508963382
rf,27,69,0.86,23706,0.786186325506799,0.8916489447263959,0.7950378406316954,4.2797504203040155,0.7740907181730797
rf,27,69,0.87,23982,0.7946610708231723,0.8942830676493242,0.7997422050842857,4.194076532722776,0.7727864271682442
rf,27,69,0.88,24257,0.7949086043692308,0.8937895284442993,0.7988597211566828,4.191547816647955,0.7621257864512078
rf,27,69,0.89,24533,0.7950426358508313,0.8936430216746222,0.7985978501877492,4.190177961078866,0.7682550945500861
rf,27,69,0.9,24808,0.7990730806759072,0.8958583482597448,0.8025621801466781,4.148773901699239,0.772616235237989
rf,27,69,0.91,25084,0.8008120747601188,0.8974312526135977,0.8053828531676109,4.130781360543341,0.7667043176395998
rf,27,69,0.92,25360,0.8012238636597244,0.8966973614823828,0.804066158089467,4.12650928943329,0.7673930472476853
rf,27,69,0.93,25635,0.7891004658844283,0.8902899661244539,0.7926162237818812,4.2504852640538875,0.7861726488267374
rf,27,69,0.94,25911,0.8002241096917528,0.896670803677093,0.8040185301669238,4.1368735106476295,0.7667136295591873
rf,27,69,0.95,26187,0.7977250317313789,0.8946641201114786,0.8004238878148461,4.162668010522392,0.7721720171402395
rf,27,69,0.96,26462,0.797923588893335,0.8956942797391475,0.8022682427574302,4.160624429729806,0.7768425522348285
rf,27,69,0.97,26738,0.7974988821706022,0.8943456751038715,0.7998541865769997,4.164994355133571,0.7787180702856512
rf,27,69,0.98,27014,0.791775095032174,0.8921862172436008,0.7959962462394456,4.22344692571613,0.7690639383302528
rf,27,69,0.99,27289,0.8067601046132099,0.8997045094848706,0.8094682043874115,4.0686384736560335,0.7579225510009227
rf,27,69,1.0,27565,0.7908611542809976,0.89072385723297,0.7933889898439803,4.232705553952848,0.7821847657929816
rf,28,70,0.01,276,0.2059264534926556,0.6457276966923639,0.41696425827562544,8.247666067139487,1.649043891402624
rf,28,70,0.02,551,0.2830081424727473,0.6874213413201103,0.47254810050233964,7.837143818204229,1.4236891471548305
rf,28,70,0.03,827,0.3514856014169321,0.6932211721896709,0.48055559357202143,7.453504467987601,1.4252618759964173
rf,28,70,0.04,1103,0.4604241848972691,0.7322558838780228,0.5361986794739844,6.798716664829296,1.3827709865360682
rf,28,70,0.05,1378,0.49293369645957696,0.7491987209325186,0.5612987234469219,6.590723319096063,1.2815979669156818
rf,28,70,0.06,1654,0.537238547863934,0.7615482535881465,0.5799557425431558,6.296211268513814,1.247820014985178
rf,28,70,0.07,1930,0.6083427854075856,0.7845876736090298,0.6155778175792295,5.792336317713665,1.2355535458581872
rf,28,70,0.08,2205,0.6301292176984672,0.8077601608831472,0.6524764775099678,5.628928311182248,1.1273240501453934
rf,28,70,0.09,2481,0.6226405641845473,0.7992759094059827,0.6388419793567607,5.685626303834921,1.1506625833429125
rf,28,70,0.1,2756,0.6295515991634157,0.7981573847409312,0.637055210816483,5.633321879250309,1.1548075741762176
rf,28,70,0.11,3032,0.6406642537365381,0.8061902688530016,0.649942749593275,5.548184770426299,1.1352428194404616
rf,28,70,0.12,3308,0.6524372827672069,0.8136894383085747,0.6620905020149237,5.456539414522439,1.1272423153361124
rf,28,70,0.13,3583,0.6638736327234429,0.8222509941808738,0.6760966974314353,5.366016399259321,1.1036098442885387
rf,28,70,0.14,3859,0.6720297283497643,0.8255045881647846,0.6814578250811105,5.300513493873466,1.087392586121958
rf,28,70,0.15,4135,0.6719991360882034,0.8234694292130381,0.6781019008484468,5.300760697550226,1.0657531357716914
rf,28,70,0.16,4410,0.6758119295218228,0.8269240743745393,0.6838034247801886,5.269861718751749,1.049826373919845
rf,28,70,0.17,4686,0.6891680727923666,0.8354281157608953,0.6979401366037998,5.160164126892725,1.0275925658091927
rf,28,70,0.18,4962,0.6999903204592857,0.8423912509756211,0.7096230197202718,5.069537479939387,1.0338958277656822
rf,28,70,0.19,5237,0.6946299130927658,0.8402940376668915,0.7060940697385273,5.1146268126282965,1.038200979794114
rf,28,70,0.2,5513,0.7007451272598568,0.8444783189976676,0.7131436312571264,5.0631561337942825,1.028372879923262
rf,28,70,0.21,5789,0.6959259927037362,0.8405246902018643,0.7064817548389399,5.103761288148851,1.0252945432021827
rf,28,70,0.22,6064,0.7112376925248147,0.8500831226388812,0.7226413153954712,4.973601169322019,0.992562297648701
rf,28,70,0.23,6340,0.7119955451513575,0.8493999059400338,0.7214802002109383,4.967070308207391,0.9864149303361808
rf,28,70,0.24,6616,0.7178023486069576,0.8522727482988062,0.7263688374928002,4.916741800291106,0.9609064990320372
rf,28,70,0.25,6891,0.7201749188955486,0.8537973637217908,0.7289699382982799,4.896029476785386,0.9643664128978867
rf,28,70,0.26,7167,0.7144368815718499,0.8494633520060123,0.7215879864012904,4.945973243970258,0.9762756703139785
rf,28,70,0.27,7443,0.7127253359632126,0.8483160165024204,0.7196400638545348,4.96077314600253,0.9949968608714697
rf,28,70,0.28,7718,0.718700048822536,0.8517174011048974,0.7254225313448806,4.908915236348158,0.9665412589927983
rf,28,70,0.29,7994,0.7128373481556262,0.8492124782400703,0.7211618331986419,4.959805916166823,0.9684892321366844
rf,28,70,0.3,8270,0.7136326967302266,0.8492075973759445,0.7211535434410243,4.952932616714289,0.9702685202597636
rf,28,70,0.31,8545,0.7269920784384131,0.85789906268322,0.7359908017527474,4.8360226806685755,0.9457261247309465
rf,28,70,0.32,8821,0.7157335976129897,0.8507236894910443,0.7237307958612547,4.934730860389657,0.9560549879213694
rf,28,70,0.33,9096,0.719722774610944,0.8544154503967333,0.7300257618766526,4.899983407976162,0.9457992849759429
rf,28,70,0.34,9372,0.7114906007297035,0.8496609111055684,0.7219236638607446,4.971422664627678,0.9546339318113677
rf,28,70,0.35,9648,0.7246414159349497,0.8572153144271137,0.7348180952883755,4.856797704186537,0.9264678255369456
rf,28,70,0.36,9923,0.7285309336066425,0.858637012581066,0.7372575193741376,4.8223738915627425,0.9200750313689086
rf,28,70,0.37,10199,0.731523519041468,0.861307394413773,0.7418504276718427,4.795720102877906,0.9119182127471979
rf,28,70,0.38,10475,0.7290351654015257,0.8599804992107982,0.7395664590228537,4.817893225593268,0.9122299671431076
rf,28,70,0.39,10750,0.7385411914020596,0.865354700243421,0.748838757233381,4.732627725111969,0.8924989293320001
rf,28,70,0.4,11026,0.735767680305516,0.8640784819353248,0.7466316229436554,4.75766296757549,0.8946602712965939
rf,28,70,0.41,11302,0.7369957625907959,0.8648783862308148,0.7480146229692185,4.746593908366064,0.8887359387695789
rf,28,70,0.42,11577,0.7354519376180071,0.8640031872230673,0.7465015075316188,4.76050468807563,0.9059263821932135
rf,28,70,0.43,11853,0.7366566110753747,0.8650168176182095,0.7482540947623347,4.749653356935793,0.8967495494688895
rf,28,70,0.44,12129,0.7410645121623265,0.8687187669228201,0.7546722960039051,4.709735227369813,0.8875720438093304
rf,28,70,0.45,12404,0.7322214332066369,0.8621084518128055,0.7432309826870723,4.789482724143879,0.8926213377394663
rf,28,70,0.46,12680,0.7333043134174245,0.8625307972170616,0.7439593761478999,4.77978872555242,0.8885102808707437
rf,28,70,0.47,12956,0.7349283803937682,0.8639102965619277,0.7463410005057179,4.765213028526933,0.8772390053687867
rf,28,70,0.48,13231,0.7365626300803899,0.8659606493652554,0.7498878462490948,4.75050080051867,0.8797668483387895
rf,28,70,0.49,13507,0.7333721992730335,0.863339325537721,0.745354791019927,4.779180352948639,0.8782855207950521
rf,28,70,0.5,13782,0.738875359622383,0.866602199930056,0.7509993729236129,4.7296023930541775,0.8752214539644504
rf,28,70,0.51,14058,0.7433603399368889,0.8686166688915365,0.7544949174762292,4.688809522233741,0.8668281548044251
rf,28,70,0.52,14334,0.7489123260801132,0.8715417342299814,0.7595849945046035,4.637814791891519,0.869423011934987
rf,28,70,0.53,14609,0.7499281126490371,0.872168663946609,0.760678178370413,4.628424039580259,0.8669052785026548
rf,28,70,0.54,14885,0.7493016624756617,0.8715143278944486,0.7595372237253125,4.634217700530867,0.865214197118718
rf,28,70,0.55,15161,0.7506956638597116,0.8713262475125568,0.7592094296043135,4.621315518333916,0.8664837397602511
rf,28,70,0.56,15436,0.7456306809529047,0.8695050206668793,0.7560389809649102,4.668023872338081,0.856741126748344
rf,28,70,0.57,15712,0.7467136987885061,0.8693457469543424,0.7557620277476036,4.658075845151991,0.8772283734741116
rf,28,70,0.58,15988,0.7495558548043317,0.8716321427461141,0.7597425922681823,4.631867702218119,0.8632478568940478
rf,28,70,0.59,16263,0.7550911956725835,0.8745876110704371,0.7649034894378942,4.580394702406215,0.8480479987603469
rf,28,70,0.6,16539,0.7514567386272482,0.8728121475430425,0.7618010448986977,4.614256164514185,0.8560290193808469
rf,28,70,0.61,16815,0.7539965715306217,0.8745536042072561,0.764844006631902,4.590619367034669,0.8532007458728094
rf,28,70,0.62,17090,0.749711402044863,0.8715460889788097,0.7595925852142593,4.63042908574974,0.8575299419829376
rf,28,70,0.63,17366,0.752081439544737,0.8737346032834873,0.7634121569749529,4.608453666396142,0.852885742049211
rf,28,70,0.64,17642,0.7568634699183869,0.8756634203414617,0.7667864257241075,4.563791675698342,0.8372294864769643
rf,28,70,0.65,17917,0.7644823242074663,0.879731066390496,0.7739267491725593,4.491717747917424,0.8340527969676523
rf,28,70,0.66,18193,0.7678971684656067,0.8815266456325684,0.7770892269602079,4.459035439125911,0.8301841347675165
rf,28,70,0.67,18469,0.7739294077988512,0.8855816419306962,0.7842548445246679,4.400709903680279,0.8183682250516009
rf,28,70,0.68,18744,0.7701476259175071,0.8834014850456893,0.7803981837809292,4.437365491138455,0.8257791145161898
rf,28,70,0.69,19020,0.7662678061609773,0.8804151073324781,0.7751307612192588,4.474659285717103,0.8225212624069073
rf,28,70,0.7,19296,0.7712420193912036,0.8832348503387338,0.7801038008528856,4.426789098081029,0.8199745253541192
rf,28,70,0.71,19571,0.7746147715715065,0.8836444123624878,0.7808274474994464,4.394034164691284,0.8263062404947811
rf,28,70,0.72,19847,0.7827040041533364,0.8889613077177009,0.7902522066191648,4.314461187481907,0.8037831500605804
rf,28,70,0.73,20122,0.7758023712613032,0.8854067553920201,0.7839451224938244,4.382442353741323,0.8202318987171733
rf,28,70,0.74,20398,0.7844697082665547,0.8890745829934719,0.7904536141250159,4.296896204870855,0.814980303313548
rf,28,70,0.75,20674,0.7724878681382572,0.881855193752749,0.7776685827486985,4.414718176722411,0.8189127649936027
rf,28,70,0.76,20949,0.7887805942771018,0.8894931875968425,0.7911981307811916,4.253707401123091,0.8187428527547511
rf,28,70,0.77,21225,0.7911629987698907,0.8918288740857443,0.7953587406530463,4.229649975823886,0.8122486505071935
rf,28,70,0.78,21501,0.7918737124511376,0.892149957043116,0.7959315458520336,4.222446673700201,0.8093099352416515
rf,28,70,0.79,21776,0.794432547731655,0.8929474658349913,0.797355176741133,4.196409691912111,0.8048986463430752
rf,28,70,0.8,22052,0.7829980613454942,0.8869777133605398,0.7867294639982918,4.31154091311901,0.8164327994579785
rf,28,70,0.81,22328,0.797513756330428,0.8960250203809117,0.8028608371486132,4.164841388251157,0.7893878453910608
rf,28,70,0.82,22603,0.7943246092243699,0.8932264089280374,0.7978534176064774,4.197511264047874,0.8043428420538589
rf,28,70,0.83,22879,0.7982437905683106,0.8957750835562919,0.8024130003202817,4.157326748731695,0.7884994393287552
rf,28,70,0.84,23155,0.7963774652953248,0.8944482181484361,0.8000376149489123,4.176510949385264,0.7906449445236152
rf,28,70,0.85,23430,0.7913463636995048,0.8915407761503285,0.79484495553873,4.227792690516615,0.7986317180999968
rf,28,70,0.86,23706,0.7938784491380415,0.8935836525659784,0.7984917441331552,4.202061510583366,0.7969595929138729
rf,28,70,0.87,23982,0.7996249771300251,0.8959836718261226,0.802786740179021,4.143072156802886,0.7762348759250892
rf,28,70,0.88,24257,0.7960651712085706,0.8945483551169737,0.8002167596424833,4.179712461338624,0.7884416751286304
rf,28,70,0.89,24533,0.8020314683262277,0.8982127734009658,0.8067861863006548,4.118117990319617,0.7749022183171332
rf,28,70,0.9,24808,0.7983358950236057,0.8959498491637138,0.8027261322164815,4.15637770228736,0.7720729310874921
rf,28,70,0.91,25084,0.7995840207558637,0.8969708129058346,0.8045566392049537,4.143495554242929,0.7773071195815575
rf,28,70,0.92,25360,0.8060223813539447,0.900787656508226,0.8114184021175818,4.076397404553724,0.7664763373136309
rf,28,70,0.93,25635,0.8065202128861058,0.9016791157454882,0.8130252277715655,4.0711631334315985,0.7783088988274272
rf,28,70,0.94,25911,0.8022598007998099,0.8977788117853018,0.8060067948906284,4.115742432583208,0.7753515941608108
rf,28,70,0.95,26187,0.7998745530224177,0.8970532788156229,0.8047045850338597,4.1404911636902,0.7735527992725719
rf,28,70,0.96,26462,0.7989332455654011,0.8966035432639178,0.8038979137934121,4.150217320421341,0.7679113104535386
rf,28,70,0.97,26738,0.8018834798683805,0.8973538084258795,0.8052438574964301,4.119656921973756,0.7644954618836706
rf,28,70,0.98,27014,0.798260474918554,0.8962720628801368,0.8033036106994159,4.157154848868499,0.7664343987957328
rf,28,70,0.99,27289,0.7966136600408161,0.894800054065215,0.8006671367551117,4.174087946018953,0.7720019489865934
rf,28,70,1.0,27565,0.7994364963874163,0.8960603468632274,0.8029241452206475,4.145020268294071,0.7655398994411394
rf,29,71,0.01,276,0.363462715836084,0.6347063020569333,0.40285208987078713,7.384356037994235,2.397002989816851
rf,29,71,0.02,551,0.4082018135826272,0.6693098580639584,0.4479756861015961,7.120123385447547,1.7334650837475993
rf,29,71,0.03,827,0.4918677309134528,0.7023548764870214,0.4933023725250991,6.597647261318888,1.6261136844410553
rf,29,71,0.04,1103,0.5333887358264819,0.7314783205624594,0.5350605334528762,6.322346792110492,1.4851751727119156
rf,29,71,0.05,1378,0.5603642845572041,0.7518864635014486,0.5653332539967152,6.1368737376627385,1.3811590140688166
rf,29,71,0.06,1654,0.5819371236248323,0.7652521106220392,0.5856107928114858,5.984412299109328,1.3234902143405864
rf,29,71,0.07,1930,0.5925685079397132,0.7705616818096361,0.5937653054732949,5.907830163702758,1.2866994581625202
rf,29,71,0.08,2205,0.6068891873301143,0.7796317241401933,0.6078256252858105,5.8030752123800315,1.284572251310324
rf,29,71,0.09,2481,0.6140445700570953,0.7838807771652995,0.6144690728092739,5.750019034398808,1.2328869420288
rf,29,71,0.1,2756,0.6302348647264401,0.7941304350580336,0.6306431478854617,5.6281243520076005,1.1998914628453552
rf,29,71,0.11,3032,0.6076756825683702,0.7807068881687336,0.6095032452341075,5.797267211174286,1.2588100429262734
rf,29,71,0.12,3308,0.626820628178892,0.7922986083997101,0.6277370848721172,5.654048367492941,1.2096140512598237
rf,29,71,0.13,3583,0.6401118940964334,0.8004904833197399,0.6407850138854708,5.55244738078441,1.1764460509359065
rf,29,71,0.14,3859,0.6385227361594417,0.7996002531159881,0.6393605647831523,5.564692848759786,1.1641919246600676
rf,29,71,0.15,4135,0.660364611512892,0.8130925758532999,0.6611195369077542,5.393953179995893,1.1012689456089377
rf,29,71,0.16,4410,0.6514047976898241,0.8076192118529181,0.6522487913539285,5.464638122242616,1.1160347279400846
rf,29,71,0.17,4686,0.6617290384288,0.8143859362571687,0.6632244531734652,5.383107635665184,1.0774130439894418
rf,29,71,0.18,4962,0.6752124982427601,0.8230929083733739,0.6774819358145393,5.274731517114828,1.044857399971077
rf,29,71,0.19,5237,0.6858013277218602,0.8304267061689196,0.6896085143185611,5.18803476262507,1.0216118339506597
rf,29,71,0.2,5513,0.6807370806995835,0.8272916691210885,0.6844115057971566,5.22967794531116,1.0269798090101498
rf,29,71,0.21,5789,0.6793499824921776,0.8257106974888395,0.6817981559475058,5.241026295460002,1.0320814878959035
rf,29,71,0.22,6064,0.6826676033033392,0.828048385402477,0.6856641285676491,5.213842532928023,1.001996095798079
rf,29,71,0.23,6340,0.6889098182552679,0.8340670759804321,0.6956678872345479,5.1623073415874225,0.989799161645799
rf,29,71,0.24,6616,0.6913066459606486,0.8370491394807865,0.7006512619055252,5.142382112779678,0.9834975198303268
rf,29,71,0.25,6891,0.6963104623234384,0.8366177265838326,0.6999292204343005,5.100533682748904,0.9865223317591255
rf,29,71,0.26,7167,0.7007367019148526,0.8407030558151537,0.7067816280569374,5.063227408384722,0.9776941103301017
rf,29,71,0.27,7443,0.7084839641040357,0.845235161721086,0.7144224786096705,4.997259813632414,0.9581855020887113
rf,29,71,0.28,7718,0.7088904372703572,0.8452717287010207,0.714484295341212,4.993774652734822,0.9617372579277188
rf,29,71,0.29,7994,0.7040660075076127,0.8426337620170663,0.710031656891034,5.0349844235410615,0.961894852345816
rf,29,71,0.3,8270,0.7051620161548308,0.8424766122975014,0.7097668422682745,5.0256520968969145,0.9516203115572549
rf,29,71,0.31,8545,0.7052727982258502,0.8432299230241511,0.7110367030833158,5.024707841939617,0.9503666308140593
rf,29,71,0.32,8821,0.7131628754749841,0.8477748987409456,0.7187222789352206,4.956993903293032,0.9398148084140251
rf,29,71,0.33,9096,0.7227600327195107,0.8545933858772333,0.7303298551851138,4.873361456600277,0.9209326149959833
rf,29,71,0.34,9372,0.7143207917905978,0.8488871630278216,0.7206094155534234,4.946978483393415,0.9268907414157433
rf,29,71,0.35,9648,0.7161396474249984,0.8501662852883284,0.7227827126409554,4.931205184162666,0.9241188167712424
rf,29,71,0.36,9923,0.7224935190475181,0.8529300599332433,0.7274896871377261,4.875703300522952,0.9118418289439871
rf,29,71,0.37,10199,0.7318826116439118,0.8591824977374819,0.7381945644184181,4.792511844504863,0.902947469005037
rf,29,71,0.38,10475,0.7245912494218258,0.8546090418112341,0.7303566143455157,4.857240104611889,0.9076124614470598
rf,29,71,0.39,10750,0.7309390985129811,0.8590152869377897,0.7379072631928132,4.80093693543557,0.8976212903142875
rf,29,71,0.4,11026,0.7330207372246057,0.8593933172948608,0.7385568738110653,4.782329213161038,0.8971329983719405
rf,29,71,0.41,11302,0.7335897030632234,0.8610992469955031,0.7414919131762224,4.77723062768085,0.8930739759956459
rf,29,71,0.42,11577,0.7389378572279832,0.863467472153803,0.7455760754676787,4.729036367356137,0.8838326637625663
rf,29,71,0.43,11853,0.7418193881859521,0.8644615424434351,0.747293758363683,4.702865058305537,0.87717724665441
rf,29,71,0.44,12129,0.7354663401412309,0.860795784988117,0.7409693834533086,4.7603751006352315,0.8817604559563295
rf,29,71,0.45,12404,0.7386345151624423,0.8624012473171173,0.7437359113741198,4.731783029848584,0.8729879382301181
rf,29,71,0.46,12680,0.7356538118143972,0.8609308369414848,0.7412019059967654,4.758687992733744,0.8804775789286187
rf,29,71,0.47,12956,0.7402603213559074,0.863415705958088,0.7454866812951035,4.71704320507483,0.8659186751178845
rf,29,71,0.48,13231,0.7347834941213744,0.8584834016563324,0.7369937509194278,4.766515166484629,0.8994970621977244
rf,29,71,0.49,13507,0.7299797500291282,0.855261474638501,0.7314721900008233,4.809488295605865,0.9011932181892593
rf,29,71,0.5,13782,0.7350375620706473,0.8581450391887158,0.7364129082842025,4.764231543720089,0.8897707748931271
rf,29,71,0.51,14058,0.7438069677897385,0.8634630485329637,0.7455684361818393,4.684727797624833,0.87146751761424
rf,29,71,0.52,14334,0.7370600965339859,0.859551701344736,0.7388291272846302,4.7460133363908,0.878514504844023
rf,29,71,0.53,14609,0.7426585842463767,0.8630895574631833,0.7449235842019936,4.695215688209647,0.8703736386134869
rf,29,71,0.54,14885,0.740188284995116,0.8614247843963796,0.7420526591723491,4.7176972735468485,0.8717198660755748
rf,29,71,0.55,15161,0.7377909368658252,0.8597721401317994,0.7392081329468144,4.739412984949753,0.8702916489232674
rf,29,71,0.56,15436,0.7415670403539445,0.862078022186616,0.7431785163371876,4.705162806281844,0.8660404479769201
rf,29,71,0.57,15712,0.7450335281452941,0.8638452345714779,0.7462285892918517,4.673499944500257,0.8770510002429168
rf,29,71,0.58,15988,0.7516379900102695,0.8685036466003597,0.7542985841581226,4.61257337327948,0.8460216159118336
rf,29,71,0.59,16263,0.7523389290251039,0.8681499900068153,0.7536844051488334,4.606059862948466,0.8614042475136691
rf,29,71,0.6,16539,0.750674109494478,0.8683010060730079,0.7539466371473976,4.621515288965999,0.8601466566740303
rf,29,71,0.61,16815,0.752919055091416,0.8695719341373892,0.7561553486394399,4.600662038400811,0.8541311617359809
rf,29,71,0.62,17090,0.7514163845782962,0.8679328926029175,0.7533075060620675,4.61463073987101,0.8644285768545813
rf,29,71,0.63,17366,0.7517932955085449,0.868709529966336,0.7546562474543325,4.611130982735925,0.8567662091190024
rf,29,71,0.64,17642,0.7579463502086304,0.8721761282529108,0.760691198694238,4.553617237802523,0.8444676444376812
rf,29,71,0.65,17917,0.7490003996657049,0.8666944601320583,0.7511592872236,4.637001321446264,0.8580250175734286
rf,29,71,0.66,18193,0.7565950941609678,0.871208350806167,0.7590039905144014,4.5663097531854495,0.8458685106626845
rf,29,71,0.67,18469,0.7523882676812295,0.8687309395369539,0.7546934453087587,4.605601034028882,0.8505149714187622
rf,29,71,0.68,18744,0.7523169391724485,0.8686169004450941,0.7544953197388425,4.606264344680492,0.8558468839217946
rf,29,71,0.69,19020,0.758696852355375,0.8735215519884656,0.7630399017883376,4.546552372902379,0.8348343195057288
rf,29,71,0.7,19296,0.7561491986755227,0.8707485418679302,0.7582030231651266,4.570490369973902,0.8538172378967762
rf,29,71,0.71,19571,0.758313752813024,0.8723444662730405,0.7609848678371959,4.550160057620153,0.8460126754007112
rf,29,71,0.72,19847,0.7580279140428183,0.8719592512928195,0.7603129359151343,4.552849966218099,0.8437856849596147
rf,29,71,0.73,20122,0.7659163690624735,0.8767181724991652,0.7686347539902759,4.478022045833645,0.8336957659549812
rf,29,71,0.74,20398,0.7625871276604641,0.8746585564763102,0.7650275904172227,4.509753827850705,0.8351849449974458
rf,29,71,0.75,20674,0.758416164948572,0.8720383016445359,0.7604507995350865,4.549195913012639,0.8290756629462739
rf,29,71,0.76,20949,0.7661120714793661,0.8769424085293237,0.7690279878772113,4.476149759895695,0.8206648162941443
rf,29,71,0.77,21225,0.7661247358323495,0.8765509414682885,0.7683415529889429,4.47602857299154,0.8175891185528565
rf,29,71,0.78,21501,0.7656448086582549,0.876482189074544,0.7682210277649048,4.480618769471551,0.8230602536381598
rf,29,71,0.79,21776,0.7795887114381385,0.8840105091221757,0.7814745802384483,4.345278547307747,0.809936813717141
rf,29,71,0.8,22052,0.7696730024121647,0.8787042980875784,0.7721212434775839,4.441944499469736,0.8157066789699436
rf,29,71,0.81,22328,0.7727047931516071,0.8810844842173314,0.776309868328521,4.412613033635906,0.8176336683478466
rf,29,71,0.82,22603,0.7778109850804434,0.8832413698211092,0.7801153173634694,4.362766768617605,0.8044673448862711
rf,29,71,0.83,22879,0.7773665378241068,0.882887026345835,0.7794895012897912,4.367128035147272,0.8142419642108627
rf,29,71,0.84,23155,0.7806402491532753,0.8849004131460533,0.7830487411860558,4.334900932224706,0.8023944983351674
rf,29,71,0.85,23430,0.7789095546575862,0.8835121731005691,0.78059376001689,4.351967985871519,0.8027789847987397
rf,29,71,0.86,23706,0.7801854456888442,0.8846096702546019,0.7825342687079555,4.339392428748354,0.8002053551978909
rf,29,71,0.87,23982,0.7869697458597349,0.888950620329955,0.7902332053850117,4.271902651763175,0.8011927740345511
rf,29,71,0.88,24257,0.7852726086952572,0.8880727323104093,0.7886731778732758,4.288885268751619,0.7976844074007706
rf,29,71,0.89,24533,0.7848240348104859,0.8876683795189817,0.7879551519978549,4.293362755756691,0.7981867479230353
rf,29,71,0.9,24808,0.794213389758319,0.8926305168491951,0.7967892396104612,4.198646017858094,0.7797505659981633
rf,29,71,0.91,25084,0.7882100899528257,0.8902731293028109,0.7925862447586194,4.259448166269296,0.7842562407003252
rf,29,71,0.92,25360,0.7892030715479326,0.8897704030627036,0.791691370166366,4.249451177087772,0.7848084187653277
rf,29,71,0.93,25635,0.788942800723347,0.8897642975564941,0.7916805052062014,4.25207376505367,0.7766609783146127
rf,29,71,0.94,25911,0.7922261692163333,0.8920997360360197,0.7958419390355359,4.218869853785624,0.7801770248496012
rf,29,71,0.95,26187,0.7854676128438894,0.8886234634105548,0.7896516597237696,4.286937356135553,0.782954135647636
rf,29,71,0.96,26462,0.7884803417492703,0.8897311046783153,0.7916214386320952,4.256729691692019,0.7863520585130312
rf,29,71,0.97,26738,0.7909998656272675,0.891372431791768,0.79454481215837,4.2313016500808,0.7783769725161037
rf,29,71,0.98,27014,0.7996726989360464,0.8960369320665368,0.8028821836272114,4.142578765320169,0.7659915837635723
rf,29,71,0.99,27289,0.7979056798986973,0.8952994378864437,0.801561083479782,4.1608087930341355,0.7655420563593561
rf,29,71,1.0,27565,0.7953664161916509,0.8933286347133077,0.7980360495987423,4.186866946891893,0.7718283784131459
rf,30,72,0.01,276,0.3814181689433117,0.6375180359908762,0.4064292462136641,7.279462021590698,1.8901483577840679
rf,30,72,0.02,551,0.4254293562105521,0.6745724152408877,0.4550479434039247,7.01572280057796,1.5655858145037835
rf,30,72,0.03,827,0.4843970349654727,0.7115502681059043,0.5063037840415843,6.6459704777746405,1.449522509554132
rf,30,72,0.04,1103,0.4970909247035552,0.7223959488899214,0.52185590697257,6.5636503989372175,1.4468222676755167
rf,30,72,0.05,1378,0.5476632189379382,0.744981457238679,0.5549973716294657,6.2248896394245214,1.308848428957611
rf,30,72,0.06,1654,0.5672242544704872,0.760165339383877,0.5778513432006048,6.088806341886247,1.3001999074219202
rf,30,72,0.07,1930,0.575220302805148,0.7709882161248165,0.5944228294033268,6.032295115327089,1.260200655145113
rf,30,72,0.08,2205,0.6002508740711803,0.7896959434549166,0.6236196831091507,5.85186725705051,1.1931175186990033
rf,30,72,0.09,2481,0.5884072799579538,0.7853464401478492,0.6167690310528993,5.9379228008214655,1.1845103139220678
rf,30,72,0.1,2756,0.606540241657999,0.7995431337684071,0.639269222756205,5.805650197282258,1.1612179353180982
rf,30,72,0.11,3032,0.6249967754631782,0.8057102746613454,0.6491690466948606,5.667848142089189,1.1214619759805595
rf,30,72,0.12,3308,0.622349567302197,0.803704687841489,0.6459412252583853,5.687818087757538,1.136377053051233
rf,30,72,0.13,3583,0.6229954437051433,0.8055714607034087,0.6489453782998236,5.682952212839548,1.114633105669596
rf,30,72,0.14,3859,0.6293588303200861,0.8092180532783112,0.6548338577515397,5.634787383902059,1.0857816990828004
rf,30,72,0.15,4135,0.6322808614545004,0.8130304468368449,0.6610185074837197,5.6125318906066735,1.081806352346824
rf,30,72,0.16,4410,0.6398320318810897,0.8170098288442069,0.6675050604280403,5.554605854793578,1.0543216205528914
rf,30,72,0.17,4686,0.6439859598373202,0.8199802825691014,0.6723676638021033,5.522481472177221,1.0448051994391956
rf,30,72,0.18,4962,0.6422370666612509,0.81889728032525,0.670592755724091,5.536029249482761,1.0434801702955276
rf,30,72,0.19,5237,0.6792842067966183,0.8387107919740087,0.7034357925736688,5.241563819947901,1.0015775689193824
rf,30,72,0.2,5513,0.6740505878028246,0.8356466332072005,0.6983052955905295,5.284158133028189,1.011187850220903
rf,30,72,0.21,5789,0.6766457834158552,0.8366949850628111,0.7000584980292578,5.263079970085015,0.9989833806614273
rf,30,72,0.22,6064,0.6742017889472018,0.8365449850987898,0.6998075120939345,5.282932385404702,0.9980579729613298
rf,30,72,0.23,6340,0.6856508438218167,0.8422393709067083,0.7093671579053278,5.189277005695955,0.9698273432083443
rf,30,72,0.24,6616,0.680039725239159,0.8384258625606583,0.7029579270105839,5.235386336339288,0.9816974626314806
rf,30,72,0.25,6891,0.6903129535218923,0.8458052091332103,0.7153864517968737,5.150652197795734,0.953246043470296
rf,30,72,0.26,7167,0.7032806556970448,0.8517978646007239,0.7255596021383532,5.041660936318962,0.9430446351953812
rf,30,72,0.27,7443,0.7090566333369123,0.8515624596081941,0.7251586226139572,4.9923489623766235,0.9390256301508207
rf,30,72,0.28,7718,0.7088544358734219,0.8537950167685789,0.728965930658858,4.994083432191805,0.923368949511777
rf,30,72,0.29,7994,0.719154716758414,0.8511242413432017,0.7244124742020407,4.904946467513681,0.9622935446824235
rf,30,72,0.3,8270,0.7256200120319604,0.8553091589210364,0.7315537573342108,4.848159742902532,0.9570511264736047
rf,30,72,0.31,8545,0.7321148791891516,0.8585053193529331,0.7370313833572816,4.790435541006448,0.9397141471749922
rf,30,72,0.32,8821,0.732978755901561,0.8597536739973314,0.7391763799519095,4.782705198572124,0.9313694699833035
rf,30,72,0.33,9096,0.7340906263464186,0.8618136383394859,0.7427227472279422,4.772737272843078,0.9279263252285146
rf,30,72,0.34,9372,0.7326573533257308,0.8605283419363305,0.7405090272756902,4.785582706493417,0.9185593379424195
rf,30,72,0.35,9648,0.7311210687654579,0.8601170629218009,0.7398013619292252,4.799313185080993,0.9042491451376488
rf,30,72,0.36,9923,0.7357231817811745,0.86345063219005,0.7455469942293971,4.758063562152751,0.9050760338880468
rf,30,72,0.37,10199,0.7479550331914395,0.8718736279124781,0.7601636230492663,4.64664741073411,0.8927582518003824
rf,30,72,0.38,10475,0.7413229192866282,0.8665118547289373,0.7508427943857829,4.70738457830557,0.884959602624667
rf,30,72,0.39,10750,0.7339607716379482,0.8629095456574662,0.7446128839867748,4.773902494574692,0.8957056010985047
rf,30,72,0.4,11026,0.7370455164031227,0.8639037720326602,0.7463297273322586,4.746144918808265,0.8896402705920811
rf,30,72,0.41,11302,0.7329973917213906,0.8614900629689866,0.7421651285943084,4.782538299515353,0.8880364396997051
rf,30,72,0.42,11577,0.744972081956722,0.8669463499140705,0.75159597362933,4.674063060617378,0.8769061753490864
rf,30,72,0.43,11853,0.7655698021280137,0.8789946163365762,0.7726315355486847,4.4813357341330615,0.8548134955925065
rf,30,72,0.44,12129,0.7708533316003887,0.8816174648350313,0.7772493543021477,4.43054832999211,0.844208384402616
rf,30,72,0.45,12404,0.765978747135053,0.8792021000310197,0.7729963326989552,4.477425359524611,0.8624776113122401
rf,30,72,0.46,12680,0.7734381379033909,0.8801865244558106,0.7747283178335992,4.405488860181443,0.8704416531940409
rf,30,72,0.47,12956,0.7710880819851278,0.8803443630819675,0.7750061976101951,4.428278300395405,0.8786351715950156
rf,30,72,0.48,13231,0.7721476636759088,0.8803321505040936,0.7749846952111622,4.41801766183409,0.857756846440453
rf,30,72,0.49,13507,0.7740222211583924,0.8816377253063964,0.7772850786834369,4.399806454459104,0.8681720062116114
rf,30,72,0.5,13782,0.7772326484935801,0.8827582682316643,0.7792621601313668,4.368441009306304,0.8500158517203198
rf,30,72,0.51,14058,0.7800220837429728,0.8857369456806177,0.7845299369436295,4.341004605734436,0.8580087787589917
rf,30,72,0.52,14334,0.7829307192798554,0.8875693643760924,0.7877793765789806,4.312209860020107,0.8346719758896982
rf,30,72,0.53,14609,0.7797358527407636,0.8845114975022834,0.782360589213732,4.343827903167548,0.8455458830138045
rf,30,72,0.54,14885,0.7776306810295195,0.8848382605970332,0.7829387474163833,4.3645365793398785,0.8431202651063829
rf,30,72,0.55,15161,0.786287330401094,0.8887145333590614,0.7898135218036142,4.278739430704503,0.8298252883188899
rf,30,72,0.56,15436,0.7933978615172991,0.8933548151155516,0.7980828256901413,4.206957366878168,0.8271354879507506
rf,30,72,0.57,15712,0.7855220246775925,0.8877896161250098,0.7881704024993923,4.286393673855402,0.8228196758045193
rf,30,72,0.58,15988,0.7950577831065858,0.893510017804316,0.7983601519166692,4.19002312187557,0.8174283634269985
rf,30,72,0.59,16263,0.7923420310220244,0.8926109808298741,0.7967543630980699,4.217693396577026,0.8245513558907395
rf,30,72,0.6,16539,0.795103198169207,0.8947796630293049,0.8006306453708364,4.189558842947193,0.8044617226368757
rf,30,72,0.61,16815,0.7973648504912192,0.8952703534654768,0.8015090057941997,4.166372492825464,0.8006071891841756
rf,30,72,0.62,17090,0.7902701234710896,0.8919569707793948,0.7955872377219543,4.238682192201113,0.8135578364336207
rf,30,72,0.63,17366,0.7956533533845433,0.8944849690343657,0.8001033598284102,4.183930504932119,0.8162561328445489
rf,30,72,0.64,17642,0.7902406637459743,0.8909383633356452,0.7937711672631982,4.238979875177006,0.8156767130941466
rf,30,72,0.65,17917,0.8006565600902465,0.896699654295585,0.8040702700138216,4.132393586186327,0.7907616295421969
rf,30,72,0.66,18193,0.8042142050426188,0.8996259759974533,0.8093268966893704,4.095352549747037,0.7883887568138206
rf,30,72,0.67,18469,0.7916579573942979,0.8930223531876247,0.7974889232927627,4.224634716002206,0.8053983520510193
rf,30,72,0.68,18744,0.798965351600867,0.8973722191132073,0.8052768996361621,4.149885956978263,0.7925321339750633
rf,30,72,0.69,19020,0.7991185006606605,0.8969767350662023,0.8045672632500241,4.148304955332161,0.7960044450950357
rf,30,72,0.7,19296,0.8081566859085982,0.9022978390636862,0.8141413903789978,4.053909402824928,0.7700720563947273
rf,30,72,0.71,19571,0.806312080296286,0.9008468706558185,0.811525084370381,4.0733522870979835,0.7795885414253801
rf,30,72,0.72,19847,0.8089504372494529,0.9020295282988042,0.8136572699229633,4.045514188873499,0.7777771398754878
rf,30,72,0.73,20122,0.8042078541946728,0.8989368324867989,0.8080874288013992,4.095418971190993,0.7720744018443403
rf,30,72,0.74,20398,0.7979078175830037,0.8962825160646698,0.803322348603215,4.160786787172776,0.7833228662841232
rf,30,72,0.75,20674,0.8003036836383379,0.897034904557574,0.8046716199946158,4.1360495369991055,0.7816997712556839
rf,30,72,0.76,20949,0.7954942077773242,0.8938141747115005,0.7989037789152007,4.185559414875327,0.7802058389547311
rf,30,72,0.77,21225,0.8001549629245819,0.8971808271168141,0.8049334365460107,4.137589379517359,0.7872871792605426
rf,30,72,0.78,21501,0.8027445034523271,0.8985028579891766,0.8073073858147185,4.110695064194863,0.7748801138961707
rf,30,72,0.79,21776,0.803921503597252,0.8984288814849314,0.8071744550862648,4.098412700058021,0.7737987049077483
rf,30,72,0.8,22052,0.7992401833615375,0.8968749832382108,0.804384735558541,4.147048360232039,0.7758383202525589
rf,30,72,0.81,22328,0.8016310349242073,0.8976845243187322,0.8058375052013486,4.122280770499304,0.7685325386189615
rf,30,72,0.82,22603,0.8014090600483376,0.8970629096568229,0.8047218638819652,4.124586541772263,0.7768094866768139
rf,30,72,0.83,22879,0.8004163443420615,0.8968781489738948,0.8043904141068399,4.134882675238781,0.7718402172466654
rf,30,72,0.84,23155,0.8053322543004252,0.8994785868575123,0.8090617282151872,4.083642401128512,0.7615422098577538
rf,30,72,0.85,23430,0.8045383188405822,0.8991047703022943,0.8083893879803414,4.091961317841399,0.7671854171280292
rf,30,72,0.86,23706,0.801775807751296,0.8969931975770257,0.804596796499457,4.120776242892867,0.7688122171275231
rf,30,72,0.87,23982,0.8001861705327595,0.8963182186522823,0.8033863490880007,4.137266305921387,0.770807235457226
rf,30,72,0.88,24257,0.7833774454669724,0.8862226540829038,0.7853905926097462,4.3077703345393905,0.7951614424864455
rf,30,72,0.89,24533,0.7977344192802305,0.8944397624883994,0.8000224887203043,4.1625714150240976,0.7813557777545403
rf,30,72,0.9,24808,0.7985802079358096,0.895678234384884,0.8022394995508233,4.153859245966843,0.7781509176785255
rf,30,72,0.91,25084,0.7876159315685684,0.8886427913601407,0.7896860106363425,4.265418739534389,0.7924750967024919
rf,30,72,0.92,25360,0.7981672542238192,0.8948610894425185,0.8007763693982511,4.158115216216172,0.7856743276017639
rf,30,72,0.93,25635,0.7915719848573044,0.8914197331336603,0.7946291406200862,4.225506275814675,0.7869541771867284
rf,30,72,0.94,25911,0.7977082408747681,0.8953909083307793,0.801724878721418,4.162840778591148,0.7742518219794551
rf,30,72,0.95,26187,0.7930177891204133,0.8923149369721134,0.7962259467435467,4.210825220539543,0.7839578383377714
rf,30,72,0.96,26462,0.799388985869855,0.8965395265422439,0.8037831226525909,4.145511186116887,0.7665661674919195
rf,30,72,0.97,26738,0.797289886496652,0.8944474490234884,0.8000362390646258,4.16714308727792,0.7607719523579285
rf,30,72,0.98,27014,0.7928264378664595,0.8927900218402646,0.79707402309754,4.212771186195804,0.7746038370191973
rf,30,72,0.99,27289,0.795382377477777,0.8940270070362754,0.7992842893102403,4.186703657261597,0.7819476787296651
rf,30,72,1.0,27565,0.8022001898450319,0.8975750460647156,0.8056409633180763,4.11636275371529,0.7566073997677648
rf,31,73,0.01,276,0.24463764690528678,0.5860515902031652,0.3434564663796587,8.044116888646707,2.113907933942253
rf,31,73,0.02,551,0.3982529094369839,0.6967852989998974,0.4855097529023764,7.179723250477001,1.6716816804549144
rf,31,73,0.03,827,0.4360722859363637,0.7143988561709596,0.5103657256983753,6.950442004572396,1.4358297240901814
rf,31,73,0.04,1103,0.5617948755152242,0.7768599739350021,0.6035114191022921,6.126880794070218,1.29761138196216
rf,31,73,0.05,1378,0.5554703346055425,0.7807179276961723,0.6095204826262057,6.170936521666838,1.2588819393247883
rf,31,73,0.06,1654,0.5694810383174014,0.7812587459510869,0.610365228125065,6.072910025304097,1.2435072628273809
rf,31,73,0.07,1930,0.5909292384226117,0.7903700891191862,0.6246848777742703,5.919703085160471,1.196457339277106
rf,31,73,0.08,2205,0.6084884358874274,0.8034820957930046,0.6455834782599189,5.791259183190773,1.180260607079236
rf,31,73,0.09,2481,0.6299397602157869,0.8116508395662791,0.6587770853686458,5.630369768725084,1.155854958592584
rf,31,73,0.1,2756,0.6293786278981073,0.811476726289803,0.658494477310016,5.634636892481118,1.1265601345426268
rf,31,73,0.11,3032,0.6338724766924735,0.8119726498309978,0.6592995840735723,5.600372231798874,1.1283051308022898
rf,31,73,0.12,3308,0.6483521850294305,0.8209508932921467,0.6739603691971736,5.488512609116135,1.0955657520698208
rf,31,73,0.13,3583,0.657594595730422,0.8204504149146721,0.6731388833336576,5.4159046531335955,1.0990303554837935
rf,31,73,0.14,3859,0.6763196310785262,0.8333512849187549,0.6944743640757398,5.265733612915288,1.058184498726893
rf,31,73,0.15,4135,0.7012717574078791,0.8455483102241356,0.714951944922891,5.0586990889287184,1.0070095842105582
rf,31,73,0.16,4410,0.6974744419335983,0.8443341189156839,0.7129001043651242,5.0907496498065665,1.0734548853834325
rf,31,73,0.17,4686,0.695473401829632,0.8419398845992009,0.7088627692789157,5.107558154755514,1.0864178769344115
rf,31,73,0.18,4962,0.6975269893478548,0.8422317630917199,0.709354342760587,5.090307509728223,1.098704699435801
rf,31,73,0.19,5237,0.7010941722050475,0.8443879780066746,0.7129910574022005,5.06020248985414,1.0450694739303399
rf,31,73,0.2,5513,0.7072398370914115,0.8466026457685103,0.7167360398222418,5.007912069141584,1.030140012958649
rf,31,73,0.21,5789,0.7161393271231173,0.8541968000080832,0.7296521731440493,4.931207966294508,1.0119473707964812
rf,31,73,0.22,6064,0.7094830806990526,0.8486985220526937,0.7202891813344267,4.988688877643917,1.01404689666741
rf,31,73,0.23,6340,0.716221817405359,0.8532296032227294,0.7280007558156163,4.930491406495001,0.9975865469530661
rf,31,73,0.24,6616,0.7129843166625509,0.8516163433252558,0.72525039621868,4.958536550955597,1.015397928737294
rf,31,73,0.25,6891,0.7309679472479499,0.8610202401997741,0.7413558540336767,4.8006795500830215,0.9673354240039519
rf,31,73,0.26,7167,0.714439861717877,0.8529101604346169,0.7274557417726039,4.945947435733797,0.9960593419242216
rf,31,73,0.27,7443,0.7310113947189056,0.8643325468297337,0.7470707515091738,4.800291890313591,0.9531605317728379
rf,31,73,0.28,7718,0.7291682350363083,0.8626922853746156,0.7442379792448772,4.816710057259897,0.9550225327086287
rf,31,73,0.29,7994,0.7273461280545006,0.8609016430380471,0.741151638985609,4.832885871603006,0.9661708269974685
rf,31,73,0.3,8270,0.7374548302731228,0.8675172198784942,0.7525861267857116,4.742449565354006,0.9413900743631806
rf,31,73,0.31,8545,0.7313388199369902,0.8635470286448698,0.7457134706813835,4.797369433419664,0.9400326503786623
rf,31,73,0.32,8821,0.7356603009851495,0.8643655182509269,0.7471277491411934,4.758629584234144,0.9305679253704021
rf,31,73,0.33,9096,0.7393245488463402,0.8691288640208158,0.7553849822741137,4.725532687390105,0.9236148719517577
rf,31,73,0.34,9372,0.7395752856038252,0.8678104874893736,0.7530950421965443,4.723259458749406,0.9081584314297984
rf,31,73,0.35,9648,0.7432911120944645,0.87016877131114,0.7571936905651391,4.689441876328786,0.9103545906898612
rf,31,73,0.36,9923,0.7367961501017932,0.8660861269473411,0.7501051792906459,4.748394829378961,0.9174601950990249
rf,31,73,0.37,10199,0.7370278796484597,0.8653904195808013,0.7489005783022353,4.746304081696168,0.9050282554201279
rf,31,73,0.38,10475,0.7414022709596307,0.8678455903534207,0.7531559686958773,4.7066625052642035,0.9100309018025313
rf,31,73,0.39,10750,0.7414222882262795,0.8694110274457569,0.7558755346442867,4.706480337497246,0.9111716517760073
rf,31,73,0.4,11026,0.7357372982749215,0.8653840821017973,0.7488896095551703,4.757936483145323,0.9028094054280736
rf,31,73,0.41,11302,0.7468968134326259,0.8719579147688157,0.7603106051279812,4.6563917506793615,0.8872140976377733
rf,31,73,0.42,11577,0.7447983966290495,0.8717053150088493,0.7598701562146771,4.675654411883569,0.8965019638846674
rf,31,73,0.43,11853,0.7533798778258173,0.8768780564467346,0.7689151258778026,4.5963697626203555,0.8851828312293354
rf,31,73,0.44,12129,0.753268185886316,0.8754330212437463,0.7663829746839537,4.597410471172697,0.8692991068047051
rf,31,73,0.45,12404,0.7543232997236912,0.8746530267111918,0.7650179171350489,4.587569850352609,0.8610993433273467
rf,31,73,0.46,12680,0.7491997140465785,0.872957135112695,0.762054159744164,4.635159875093206,0.8766357222733706
rf,31,73,0.47,12956,0.7524181198022134,0.8756249429535481,0.7667190407224044,4.605323399560399,0.8604770069657308
rf,31,73,0.48,13231,0.7499305779519541,0.874142723113369,0.7641255003720562,4.6284012251497195,0.8589713541393008
rf,31,73,0.49,13507,0.7562249328211288,0.8764391262817622,0.7681455420775388,4.569780573120032,0.8385907737712602
rf,31,73,0.5,13782,0.7515240834880826,0.874845214392197,0.765354149144929,4.613630986647318,0.8471208824877169
rf,31,73,0.51,14058,0.7514062344419296,0.8752297227802851,0.7660270676380547,4.614724950933733,0.8537682403896594
rf,31,73,0.52,14334,0.7561204530064907,0.8726492963588686,0.7615167944356284,4.5707597517661895,0.8816195528076308
rf,31,73,0.53,14609,0.7619707968778099,0.8756469031696,0.7667574990305109,4.515603760292623,0.8590720523483943
rf,31,73,0.54,14885,0.7550235787869531,0.871373648255139,0.7592920348734706,4.581026959485403,0.8822082666801933
rf,31,73,0.55,15161,0.7460136096795447,0.8670692104819525,0.7518090157657965,4.664508916827234,0.8919102559062244
rf,31,73,0.56,15436,0.7599928912594195,0.873873537559708,0.7636549596471184,4.534326170517231,0.8661375814743968
rf,31,73,0.57,15712,0.7617860066404301,0.875703328965556,0.7668563203613569,4.517356229299926,0.8639655907690881
rf,31,73,0.58,15988,0.7553431246808099,0.8720416474198627,0.7604566348347481,4.578038251392972,0.8804115642482339
rf,31,73,0.59,16263,0.7568081160172997,0.8727523398124645,0.7616966466481314,4.564311156041549,0.8720150998418991
rf,31,73,0.6,16539,0.7569829996502878,0.8728657586224603,0.7618946325755631,4.562669722002368,0.88192951544686
rf,31,73,0.61,16815,0.770391783714485,0.8792173739894351,0.7730231907248782,4.435008097068533,0.8565756097584905
rf,31,73,0.62,17090,0.7724804353954926,0.8798273773687036,0.7740962139674913,4.4147902897924265,0.8664043694808804
rf,31,73,0.63,17366,0.7641501984291811,0.8750326655992524,0.7656821658657331,4.494883730429918,0.8628909369617256
rf,31,73,0.64,17642,0.7746039000934175,0.8817681036975228,0.7775149886983252,4.394140136742885,0.8599264891341681
rf,31,73,0.65,17917,0.7815262359941451,0.8849604805037597,0.7831550520534454,4.326137813422567,0.83201244873183
rf,31,73,0.66,18193,0.7872463281396421,0.8887852796151458,0.7899392732605728,4.269128594313207,0.8281840638453681
rf,31,73,0.67,18469,0.7781171436885626,0.8836995270873067,0.7809248541743296,4.359759961461712,0.8421390165860054
rf,31,73,0.68,18744,0.7793860170137232,0.885264120150783,0.78369256242634,4.347276088679354,0.8306515626017197
rf,31,73,0.69,19020,0.7783452406191629,0.8840462729589994,0.7815378127326976,4.357518455317504,0.827922317850026
rf,31,73,0.7,19296,0.7845628876410397,0.8876122997318378,0.7878555946352418,4.295967274230428,0.8189432624874103
rf,31,73,0.71,19571,0.781543692854149,0.8862213282230335,0.7853882425973976,4.325964972781568,0.8269403216645537
rf,31,73,0.72,19847,0.7801213478460218,0.8850033144209821,0.7832308665361237,4.3400250652470485,0.8290807009472347
rf,31,73,0.73,20122,0.7832420620190325,0.8868537765860265,0.7865096210448977,4.309116246347191,0.8205119335176153
rf,31,73,0.74,20398,0.7837462189477744,0.8868484079398304,0.7865000986654119,4.304102045851508,0.823743652667561
rf,31,73,0.75,20674,0.7746830482775744,0.8814190671623992,0.7768995719574339,4.3933685644977345,0.8334978611244223
rf,31,73,0.76,20949,0.7757171017441555,0.882259180192479,0.778381261033905,4.383275665897316,0.827522338330352
rf,31,73,0.77,21225,0.7762516212579333,0.8825871212124811,0.7789600265301347,4.378049355707104,0.8288404219053125
rf,31,73,0.78,21501,0.7852920710969657,0.8881198221577996,0.7887568185096016,4.28869089695073,0.8101203768983196
rf,31,73,0.79,21776,0.7806267549181042,0.8847263745250131,0.7827407577801738,4.3350342640524575,0.8232261461097399
rf,31,73,0.8,22052,0.788528545718268,0.8898145726567233,0.791769973712267,4.256244623402003,0.7969871915535881
rf,31,73,0.81,22328,0.7780922389369891,0.8850041713458119,0.7832323832994872,4.360004630414377,0.8186895321189324
rf,31,73,0.82,22603,0.7809989610761662,0.8863766169224028,0.785663507026804,4.331355120229434,0.8240583190149934
rf,31,73,0.83,22879,0.781453668500528,0.8858473441771606,0.7847255171857288,4.326856231294989,0.8068224213106363
rf,31,73,0.84,23155,0.7861545517077932,0.8886739966639908,0.7897414723467507,4.2800684048257525,0.8031412793917664
rf,31,73,0.85,23430,0.7795179836964274,0.8842498693874884,0.7818978315117903,4.345975669242401,0.8125476566267772
rf,31,73,0.86,23706,0.788703870706585,0.8901275043560356,0.7923269740111042,4.254479891669603,0.7963414205948309
rf,31,73,0.87,23982,0.788819911051713,0.8900162478822724,0.7921289214944386,4.253311486178649,0.7968845372884654
rf,31,73,0.88,24257,0.7886627933536056,0.889802843416271,0.791749100151681,4.25489342096592,0.7926537828649299
rf,31,73,0.89,24533,0.7819045243054008,0.8864083377687874,0.7857197412660246,4.322390827136225,0.7997078640305509
rf,31,73,0.9,24808,0.7847806042919786,0.8877508542683327,0.7881015792541545,4.2937960140962455,0.7995719987391225
rf,31,73,0.91,25084,0.7944766499284429,0.8935758792623241,0.7984778519994356,4.195959521393188,0.7830895308144186
rf,31,73,0.92,25360,0.7984699741361307,0.8962663909004375,0.8032934434576958,4.154995760533588,0.7768838584365975
rf,31,73,0.93,25635,0.8001352056007416,0.8964400192274644,0.8036047080725368,4.1377939021668215,0.7667230099552567
rf,31,73,0.94,25911,0.7887789119756659,0.8896938099893801,0.7915550755334192,4.253724340863536,0.7816191290956945
rf,31,73,0.95,26187,0.7909786904251419,0.8914000441658364,0.794594038738855,4.231515995393588,0.7739837672591019
rf,31,73,0.96,26462,0.7994000678996,0.8957827267893828,0.8024266936142219,4.145396682651195,0.7701584525060179
rf,31,73,0.97,26738,0.8019403295653156,0.8970112866685584,0.8046292484107828,4.119065810109875,0.7680728256331196
rf,31,73,0.98,27014,0.8007957165571491,0.8971250252712717,0.8048333109679798,4.13095097617783,0.7617659991641166
rf,31,73,0.99,27289,0.7987692318636542,0.8953207732076092,0.8015992869370712,4.151909678143664,0.7688424825651057
rf,31,73,1.0,27565,0.7974897943305854,0.8949793631394695,0.8009880604455304,4.165087812340422,0.7695104564896209
rf,32,74,0.01,276,0.32526320781216955,0.6350697022803892,0.40331352675450216,7.602700823176302,2.013890066591292
rf,32,74,0.02,551,0.44364256155853676,0.7020558984632814,0.49288248456708533,6.903632333702961,1.5735940392509278
rf,32,74,0.03,827,0.460510433789059,0.6853349347478089,0.46968397278578355,6.798173270188496,1.9162389026804936
rf,32,74,0.04,1103,0.5019079981392633,0.7170671693743321,0.5141853253945171,6.532140068408175,1.659768927858581
rf,32,74,0.05,1378,0.5299682327404781,0.7300437870287118,0.532963930979223,6.3454775234438365,1.491892459025842
rf,32,74,0.06,1654,0.5726915890776227,0.7573918372339531,0.5736423951086229,6.050223600609446,1.396678972217338
rf,32,74,0.07,1930,0.5591018040268596,0.748510010167123,0.5602672353203867,6.145678901971894,1.4481592732558863
rf,32,74,0.08,2205,0.5930075609791945,0.7714008858865555,0.5950593267465627,5.904646131529763,1.3536964912303293
rf,32,74,0.09,2481,0.6031393477710918,0.7793057098431934,0.6073173893942034,5.8306869612214625,1.340845673043584
rf,32,74,0.1,2756,0.6127462751619784,0.7845122221723836,0.6154594267378514,5.759682006277451,1.2756975858005042
rf,32,74,0.11,3032,0.6073848862335774,0.7809970216516694,0.6099563478287782,5.799415321434717,1.2744514411258827
rf,32,74,0.12,3308,0.625112466965764,0.7909594266145584,0.625616814550431,5.666973786341365,1.2086043527509265
rf,32,74,0.13,3583,0.6126408684259113,0.7832717800128353,0.6135146813644754,5.7604658179433255,1.241153617180735
rf,32,74,0.14,3859,0.6134445536692523,0.7843873894722233,0.6152635767630493,5.754486863477895,1.2263099376923468
rf,32,74,0.15,4135,0.6174816337634199,0.7860353440103376,0.6178515620334497,5.724358845858034,1.1973033911027495
rf,32,74,0.16,4410,0.6328147323062003,0.7957201970356843,0.6331706319705083,5.608456150155449,1.169952531424397
rf,32,74,0.17,4686,0.6431934080079829,0.8024492219223731,0.643924753763822,5.52862507761176,1.1592000425897637
rf,32,74,0.18,4962,0.6467384633808434,0.8044942453138281,0.6472109907430658,5.501091663088437,1.162729736316404
rf,32,74,0.19,5237,0.6617500237023038,0.813801338057775,0.662272617824625,5.3829406574865395,1.1267101308520222
rf,32,74,0.2,5513,0.6657396869411578,0.8162529373082472,0.6662688576643414,5.351100559917309,1.096000561508967
rf,32,74,0.21,5789,0.6716999922848905,0.8198157746460187,0.6720979043584517,5.30317735023164,1.0989839987105605
rf,32,74,0.22,6064,0.6860792685367356,0.8287952175240223,0.6869015125906914,5.185739581630387,1.064514312832174
rf,32,74,0.23,6340,0.6792095644228483,0.8243770825401975,0.6795975742174876,5.2421737369095505,1.0672958229807257
rf,32,74,0.24,6616,0.6913784065607522,0.8317924364216297,0.6918786572882308,5.141784364447584,1.0451817799778331
rf,32,74,0.25,6891,0.692128401495703,0.832254964099228,0.6926483252678072,5.135532925773804,1.0369648330038548
rf,32,74,0.26,7167,0.6945261756143796,0.833633300445633,0.694944479611879,5.115495485523962,1.0419384075849658
rf,32,74,0.27,7443,0.7026803516688228,0.8384481806447166,0.7029953516264353,5.046758346046964,1.028110326768388
rf,32,74,0.28,7718,0.703406156391055,0.8392590108249038,0.7043556872507961,5.040594610718694,1.0175473194497122
rf,32,74,0.29,7994,0.7091540830594745,0.8423011966075138,0.7094713058064496,4.991512813796347,0.9983110955894325
rf,32,74,0.3,8270,0.709285559421934,0.8426863275958834,0.7101202467170364,4.990384484168146,1.0004493309809892
rf,32,74,0.31,8545,0.7075647832425573,0.8426329251862635,0.7100302466079592,5.005132057102921,1.0247075537205428
rf,32,74,0.32,8821,0.7127067992865894,0.8450578288962244,0.7141227341788005,4.960933192772705,1.0089016179730717
rf,32,74,0.33,9096,0.7120459052516502,0.844392215466776,0.7129982135408903,4.966636021357807,1.0117510596447696
rf,32,74,0.34,9372,0.7176564670949199,0.848156194291069,0.7193689299143097,4.918012486017552,0.9818024199935614
rf,32,74,0.35,9648,0.7156851185618183,0.846545119749973,0.7166386397724962,4.935151629198577,0.9939077363717507
rf,32,74,0.36,9923,0.7149543774731937,0.8459285304525546,0.7155950786336185,4.941489679119013,0.9841784913519628
rf,32,74,0.37,10199,0.7255583707969294,0.8521364504726253,0.726136530224085,4.848704297506945,0.9744979903324675
rf,32,74,0.38,10475,0.7206115287362344,0.8491035702933221,0.7209768730848666,4.892208359078835,0.9853333165745103
rf,32,74,0.39,10750,0.7260945447371864,0.8524865479433098,0.726733314424301,4.843965548662965,0.9705100902848809
rf,32,74,0.4,11026,0.7276047944819902,0.853313023306999,0.728143115745331,4.830592850880322,0.9582791300937505
rf,32,74,0.41,11302,0.7388538180905948,0.8596767608487668,0.7390441331434278,4.729797473799953,0.937487210274912
rf,32,74,0.42,11577,0.7436011819867302,0.8624250731811243,0.7437770068514675,4.686608912323576,0.9326539461356719
rf,32,74,0.43,11853,0.7431004649500065,0.8621474786101389,0.7432982748738198,4.6911828810562195,0.9278151678328868
rf,32,74,0.44,12129,0.745803380895248,0.8637085599711471,0.7459924765674327,4.6664389635591945,0.9282545340255708
rf,32,74,0.45,12404,0.74654993206608,0.8641881832445932,0.7468212160595906,4.659581482337289,0.9306289738191426
rf,32,74,0.46,12680,0.7664434651980524,0.8761425383286033,0.7676257474688881,4.472977527495797,0.9138154608373618
rf,32,74,0.47,12956,0.7627934796805927,0.873658533667658,0.7632792334503223,4.507793531631301,0.9174049590877936
rf,32,74,0.48,13231,0.7543718898782827,0.868733289647927,0.7546975285425089,4.587116161111957,0.9114045683563116
rf,32,74,0.49,13507,0.7607902670628235,0.8725658016297433,0.7613710781737565,4.52678770637132,0.907952878322783
rf,32,74,0.5,13782,0.7576447330709328,0.8707274394329949,0.7581662737815398,4.556453430129461,0.9128955559630076
rf,32,74,0.51,14058,0.7518019736256922,0.8673736257178077,0.7523370065908557,4.6110503719306895,0.9195650113314111
rf,32,74,0.52,14334,0.7633604557755889,0.8743833396503149,0.7645462246580379,4.502402996335846,0.9011158131538348
rf,32,74,0.53,14609,0.7636067029982238,0.8744367416673066,0.7646396151777358,4.500059785237355,0.8842972123931264
rf,32,74,0.54,14885,0.770919114645688,0.8785154804466592,0.7717894493844244,4.429912327112092,0.8756807663048324
rf,32,74,0.55,15161,0.774644237204248,0.8808367572195724,0.775873392869092,4.393746929299289,0.8784340641157475
rf,32,74,0.56,15436,0.7706692566536631,0.8782017316022708,0.7712382813892268,4.432327516297901,0.8768951317099738
rf,32,74,0.57,15712,0.7687019022308045,0.8774497336273458,0.7699180350427001,4.451298669873528,0.8724933006503568
rf,32,74,0.58,15988,0.7834146908358248,0.8858349055122868,0.7847034798239622,4.307399986695062,0.851983923053944
rf,32,74,0.59,16263,0.7828296656078536,0.8856184720124636,0.7843200779696907,4.313213488758055,0.850144727263025
rf,32,74,0.6,16539,0.7795196643221217,0.8836551180367853,0.780846367632605,4.345959105596037,0.8476085551241641
rf,32,74,0.61,16815,0.7931583167509452,0.8911010939561784,0.7940611596498979,4.20939553786216,0.8239133836518341
rf,32,74,0.62,17090,0.7817382648722534,0.8850784512712254,0.7833638649046709,4.324038044575837,0.8409478618184013
rf,32,74,0.63,17366,0.7819960620807023,0.8849150875779672,0.7830747122231214,4.3214836474618155,0.8390150733818755
rf,32,74,0.64,17642,0.7811219554444703,0.8844723647085458,0.7822913639331269,4.330138671421214,0.848969708340694
rf,32,74,0.65,17917,0.7828687289352569,0.8857314818598836,0.7845202579577053,4.312825553526237,0.8404017803622635
rf,32,74,0.66,18193,0.7849491653193158,0.8865878827017967,0.7860380737536548,4.292114222278706,0.8381147999017887
rf,32,74,0.67,18469,0.7841138581076518,0.886288045274458,0.7855064991964198,4.300441925921213,0.8400015202093732
rf,32,74,0.68,18744,0.7807853732242764,0.8847219298043879,0.7827328930768003,4.333466752635125,0.832245422964394
rf,32,74,0.69,19020,0.7770736553506022,0.8828391415698422,0.7794049498877759,4.369999649467976,0.842223652763156
rf,32,74,0.7,19296,0.7867224024426763,0.8878388241324319,0.7882577776368593,4.274381925133211,0.8146432214174697
rf,32,74,0.71,19571,0.7816323581613018,0.8850181645659322,0.7832571516116514,4.325086989569887,0.8252132995653403
rf,32,74,0.72,19847,0.7873057042320735,0.8892166523875626,0.7907062548833435,4.268532830536024,0.8120357569161941
rf,32,74,0.73,20122,0.7879147190946539,0.8885227680696777,0.7894727093782022,4.262417331585663,0.8132432205343116
rf,32,74,0.74,20398,0.7854220601090232,0.8877279784197937,0.7880609636692937,4.287392465404078,0.8172479425664209
rf,32,74,0.75,20674,0.7889378770766051,0.8896141367574414,0.7914133123186876,4.2521233620044345,0.8090928576942217
rf,32,74,0.76,20949,0.7930559817511843,0.8918089370266167,0.7953231801605439,4.210436709102534,0.8040527133102507
rf,32,74,0.77,21225,0.7912535878504492,0.8908599676195958,0.7936314819071874,4.228732509903476,0.8057216190405836
rf,32,74,0.78,21501,0.7966811166150809,0.8937772332385554,0.7988377426555671,4.173395684620518,0.7960713328977558
rf,32,74,0.79,21776,0.7892383508984717,0.8892021579970312,0.7906804777865772,4.249095564337784,0.8111484626258094
rf,32,74,0.8,22052,0.7963184566130161,0.8934986960942969,0.7983399199222087,4.177116070414046,0.799203221173031
rf,32,74,0.81,22328,0.7925073980683913,0.8911208243694102,0.7940963236248172,4.216013696023931,0.8040878129627225
rf,32,74,0.82,22603,0.7925398730140245,0.8908872956217412,0.7936801735002197,4.215683756132358,0.8080178982438341
rf,32,74,0.83,22879,0.7930804927849465,0.8916919442902423,0.7951145235121126,4.210187353713397,0.8001960889966755
rf,32,74,0.84,23155,0.7949819987246073,0.893332457371986,0.7980428793942711,4.190797752324698,0.7924054925524563
rf,32,74,0.85,23430,0.7916644568989203,0.8906564503000631,0.7932689124611089,4.224568818964164,0.7985910921338137
rf,32,74,0.86,23706,0.7950460701526345,0.892584857669484,0.7967077281408531,4.190142855250712,0.7942918752006888
rf,32,74,0.87,23982,0.8001986020968117,0.8959319281775442,0.8026940199279322,4.137137602389641,0.788035617878459
rf,32,74,0.88,24257,0.7971811963458788,0.8941973592705214,0.7995889173263738,4.168260117665941,0.7826516475028201
rf,32,74,0.89,24533,0.7998166385332437,0.8959015156185235,0.8026395256875675,4.141090230646008,0.775217757572546
rf,32,74,0.9,24808,0.7983330161963699,0.8949783647290145,0.8009862733330209,4.156407369070723,0.773614085362459
rf,32,74,0.91,25084,0.8023134610615504,0.8978276756615785,0.8060945351838726,4.1151839553435865,0.7719214924952202
rf,32,74,0.92,25360,0.7924139215615122,0.8917439026275272,0.7952071878733727,4.216963257246245,0.7811135657062174
rf,32,74,0.93,25635,0.7918289417367487,0.8918032756203648,0.7953130824072123,4.222900801314292,0.7830005556749003
rf,32,74,0.94,25911,0.8027327919888022,0.8982161279020495,0.806792212423351,4.11081709258341,0.7658128601440038
rf,32,74,0.95,26187,0.7975331296724582,0.8949010993525531,0.8008479776224082,4.164642143044858,0.7676513894257291
rf,32,74,0.96,26462,0.7932671977812388,0.892519771635668,0.796591542760585,4.208287483511446,0.7753559152314774
rf,32,74,0.97,26738,0.7997938393175111,0.896336996401846,0.803420011118683,4.1413260417563,0.7581254376346037
rf,32,74,0.98,27014,0.7979790916367109,0.8958878410566395,0.8026150237531267,4.160053007445575,0.7641397886903182
rf,32,74,0.99,27289,0.8018362550713093,0.8979172737282753,0.8062554304596186,4.120147891555029,0.7596896906073755
rf,32,74,1.0,27565,0.7980520842655658,0.894909375806695,0.8008627909067285,4.159301400493077,0.7607581835445828
rf,33,75,0.01,276,0.2889121666020419,0.6370699435039261,0.4058581129160956,7.8048098849877015,1.7968089471403625
rf,33,75,0.02,551,0.3677190131157423,0.6834496713482906,0.46710345326608643,7.359626354427776,1.483326798762635
rf,33,75,0.03,827,0.4708993887859141,0.7083840335421316,0.5018079389774199,6.732398836993341,1.400801339611386
rf,33,75,0.04,1103,0.5268120184277578,0.7372549651250715,0.5435448836015704,6.366746488463683,1.3329686757477088
rf,33,75,0.05,1378,0.5384711917750155,0.7498217278329822,0.5622326235304388,6.287820161693008,1.2946970973330927
rf,33,75,0.06,1654,0.53028967662812,0.728629916801785,0.5309015556585761,6.3433073894720655,1.4433216994047418
rf,33,75,0.07,1930,0.5746053924791196,0.7604509930248943,0.5782857127925478,6.036659706137173,1.3633439867830008
rf,33,75,0.08,2205,0.5621184119800962,0.7509379657530626,0.5639078284093478,6.124618571123239,1.3356916462482964
rf,33,75,0.09,2481,0.5912715478166468,0.7705678150534503,0.5937747575962483,5.917225770403327,1.2771008638352923
rf,33,75,0.1,2756,0.6039504390375512,0.777410585571138,0.6043672185580596,5.824725626840275,1.238029653501595
rf,33,75,0.11,3032,0.6324604173517547,0.7980008526915915,0.6368053608965071,5.611161433992312,1.1616307858738024
rf,33,75,0.12,3308,0.6407180714199723,0.807103100044341,0.6514154141011856,5.547769279293677,1.1314523299431083
rf,33,75,0.13,3583,0.6759782272048738,0.8273879121745547,0.6845707572125685,5.268509913597437,1.0748274692553728
rf,33,75,0.14,3859,0.6872711639395235,0.8377569906013627,0.7018367753014516,5.175885601646281,1.045590132433486
rf,33,75,0.15,4135,0.6840494052782935,0.8362349606573619,0.6992889094256196,5.2024784900846415,1.0431795479297064
rf,33,75,0.16,4410,0.6913447096797563,0.838265170143955,0.7026884954764737,5.14206505991797,1.0218822085778168
rf,33,75,0.17,4686,0.6971642525926744,0.8403992704034422,0.706270933694638,5.093358837144984,0.9964393971354754
rf,33,75,0.18,4962,0.6878770018607848,0.8359587546694309,0.6988270395084658,5.170869646005967,1.015584829164768
rf,33,75,0.19,5237,0.6969093621818299,0.8438186029827464,0.7120298347397537,5.095501872231808,0.9950939162885755
rf,33,75,0.2,5513,0.691084656392981,0.8400954085771339,0.7057602955123816,5.144230792076106,0.9943013294875763
rf,33,75,0.21,5789,0.7000090601210547,0.8446318974585177,0.713403042204376,5.069379146879231,0.9825946167445048
rf,33,75,0.22,6064,0.7007773293596069,0.8454678471342044,0.7148158805377465,5.062883709416003,0.9669513302340758
rf,33,75,0.23,6340,0.7093818382196282,0.8487580657200083,0.72039025412477,4.989558058063956,0.955557034398148
rf,33,75,0.24,6616,0.6974263204828177,0.8416898272680193,0.7084417653264682,5.091154515628974,0.9825661483848356
rf,33,75,0.25,6891,0.7113438687215636,0.8493504744338878,0.7213962284210702,4.972686703350603,0.9618588247329254
rf,33,75,0.26,7167,0.7010028954014897,0.8430785299659367,0.7107814076895248,5.060975047312185,0.9702703896867486
rf,33,75,0.27,7443,0.7126148285052465,0.851699942933983,0.7253927927937499,4.961727197627494,0.939476069416555
rf,33,75,0.28,7718,0.7110703314345956,0.8477216450240063,0.7186319874422072,4.9750422624260695,0.9496917077085681
rf,33,75,0.29,7994,0.7104831301387018,0.8485122546899648,0.7199730463590477,4.9800951676795515,0.9413850092734674
rf,33,75,0.3,8270,0.7158685219555962,0.8519734224115914,0.7258587124957199,4.933559609872242,0.9294683452596575
rf,33,75,0.31,8545,0.7221580083889713,0.8556510568325897,0.7321387310587276,4.878649819600018,0.9009842591051139
rf,33,75,0.32,8821,0.7287756034473281,0.8602573200606781,0.74004265671798,4.820200245334398,0.9002701669485196
rf,33,75,0.33,9096,0.7220551153163428,0.8559052803462811,0.732573848924646,4.879553089839126,0.9025523665964109
rf,33,75,0.34,9372,0.7304709598966005,0.8618644132029937,0.7428102667457406,4.80511169141889,0.8840841279632381
rf,33,75,0.35,9648,0.7223928038253344,0.8571725298599712,0.7347447459465432,4.876587987959483,0.894536096573486
rf,33,75,0.36,9923,0.7223241232184859,0.8573309841822098,0.7350164164388364,4.877191189739061,0.8785687593999654
rf,33,75,0.37,10199,0.7233637226944558,0.8602844574678962,0.7400893477608325,4.868052693254602,0.8866302562863683
rf,33,75,0.38,10475,0.7230605492415558,0.8605133294012273,0.7404831900771851,4.870719480523844,0.8743966413824843
rf,33,75,0.39,10750,0.7313052193520035,0.8648194008704355,0.7479125961218991,4.797669419780965,0.8675858366587716
rf,33,75,0.4,11026,0.7321565894997437,0.86403198102278,0.7465512642301496,4.7900625857411,0.8700921507437515
rf,33,75,0.41,11302,0.7413115986794048,0.8693652903251963,0.7557960080222128,4.70748758292562,0.8573451706111803
rf,33,75,0.42,11577,0.7354510743279641,0.8658233152447282,0.749650013221372,4.760512455459951,0.8734885684969166
rf,33,75,0.43,11853,0.734984812740096,0.8654082628356864,0.7489314613842805,4.764705757197077,0.8700353599480692
rf,33,75,0.44,12129,0.7446908758283217,0.8705163703047866,0.7577987509686203,4.676639274750036,0.8549140002446204
rf,33,75,0.45,12404,0.7421887706474335,0.8682517305163551,0.7538610675446452,4.699499628099589,0.8540653626765411
rf,33,75,0.46,12680,0.7404381084314076,0.8680951561716908,0.7535892001687522,4.71542856368355,0.8638796025043578
rf,33,75,0.47,12956,0.7375795256964955,0.8655047708235624,0.7490985083183472,4.741323222046567,0.8522097276471176
rf,33,75,0.48,13231,0.7497117962218756,0.8726461102336267,0.7615112337058789,4.6304254395400495,0.8353819917304176
rf,33,75,0.49,13507,0.7474792580945786,0.8719809124515536,0.760350711679844,4.6510309872904445,0.8507834731836442
rf,33,75,0.5,13782,0.7532807921614598,0.874790612425431,0.7652586155876606,4.5972930218647,0.840751337376334
rf,33,75,0.51,14058,0.7498626900517138,0.8704669324131947,0.7577126804248373,4.62902943294031,0.8525672177538206
rf,33,75,0.52,14334,0.7475844524212878,0.868725785192179,0.7546844898577679,4.650062130170107,0.8566512510928513
rf,33,75,0.53,14609,0.7594011076640891,0.8738543187804387,0.7636213704512247,4.539912854639588,0.8519930536912987
rf,33,75,0.54,14885,0.7689543708919259,0.8802800320583649,0.774892934840676,4.448868645021205,0.8244587025415138
rf,33,75,0.55,15161,0.7708756833599317,0.8808171216408878,0.7758388017757385,4.430332239209138,0.8277680346705085
rf,33,75,0.56,15436,0.7770742843130543,0.8847855550013338,0.7828454783390183,4.369993484724106,0.8220056911977843
rf,33,75,0.57,15712,0.7661719796284684,0.8785683603801988,0.7718823638611509,4.475576461772463,0.8459718760113843
rf,33,75,0.58,15988,0.7719418117150192,0.8812190774482237,0.7765470624586984,4.420012928363285,0.828197299277884
rf,33,75,0.59,16263,0.769051868361154,0.8798433084837131,0.7741242474835662,4.44792987114273,0.8438500010823581
rf,33,75,0.6,16539,0.7762343203245816,0.8853072698911909,0.7837689621221939,4.378218614756931,0.8211564702189265
rf,33,75,0.61,16815,0.7805533384640724,0.886988600845016,0.786748778028999,4.335759594573698,0.8234238787188926
rf,33,75,0.62,17090,0.780721065335957,0.8872833584297182,0.7872717581463198,4.334102329889359,0.8174668210922946
rf,33,75,0.63,17366,0.7782703189032891,0.8865002739127191,0.785882735647326,4.3582548373770695,0.8174416625135696
rf,33,75,0.64,17642,0.7741045841452789,0.8844477892756785,0.782247891954635,4.399004574228214,0.8183360734196754
rf,33,75,0.65,17917,0.7710273220721406,0.8819026014085553,0.777752198371177,4.428865958641207,0.8230172010319091
rf,33,75,0.66,18193,0.7836050255662881,0.8889100242565733,0.7901610312238218,4.305506903507733,0.7998296341472262
rf,33,75,0.67,18469,0.7809734089160388,0.8872993056506746,0.7873000578081693,4.331607795404036,0.7988981414074913
rf,33,75,0.68,18744,0.7823299741137463,0.8891445262636789,0.790577988584662,4.318172816521697,0.8018611293556601
rf,33,75,0.69,19020,0.7853615320661083,0.890727815609187,0.7933960414999138,4.287997115577844,0.7953578383308149
rf,33,75,0.7,19296,0.7785148812246632,0.8857519334275241,0.7845564875705971,4.3558506509309565,0.7985480783361968
rf,33,75,0.71,19571,0.7840481637937928,0.8897930932910245,0.7917317488684099,4.301096189993139,0.7940702694840718
rf,33,75,0.72,19847,0.7809914849229543,0.8876894166253902,0.7879925003887257,4.3314290504680715,0.7962953793520362
rf,33,75,0.73,20122,0.7910335006380937,0.89382640673376,0.798925645374585,4.230961158425884,0.7910046664726473
rf,33,75,0.74,20398,0.7908674788122428,0.8932601628650148,0.7979137185616326,4.232641553214906,0.7845437160043375
rf,33,75,0.75,20674,0.786572653290686,0.8912461318925177,0.794319667613375,4.2758822532482625,0.7893255364598569
rf,33,75,0.76,20949,0.7870667066368429,0.8908074457991625,0.7935379054912278,4.270930362299286,0.7862067981041784
rf,33,75,0.77,21225,0.782936676974894,0.8884201910325469,0.7892904358343071,4.3121506830433285,0.7945089285412608
rf,33,75,0.78,21501,0.783149734427398,0.8881860255895221,0.7888744160525112,4.310033878180989,0.789012859129917
rf,33,75,0.79,21776,0.785069658564193,0.8891126151132837,0.7905212423535821,4.290911615383576,0.7783385724207932
rf,33,75,0.8,22052,0.7812022676408888,0.8872895078595705,0.7872826707576788,4.329344176809074,0.7843863031951772
rf,33,75,0.81,22328,0.7839423405194239,0.8883588241543459,0.789181400452892,4.302149897948605,0.7927523867448671
rf,33,75,0.82,22603,0.7871326415889427,0.888584632793272,0.7895826496363542,4.27026906272636,0.7923003395611651
rf,33,75,0.83,22879,0.7919117635162665,0.8910678025735211,0.7940018287832037,4.2220606678294885,0.797906136720338
rf,33,75,0.84,23155,0.7959283477594544,0.8935727464202748,0.7984722531450729,4.1811143473953125,0.7713180161631873
rf,33,75,0.85,23430,0.7969149570733917,0.8941912270557546,0.799577950543476,4.170995047977503,0.7799709937727026
rf,33,75,0.86,23706,0.7999173149012879,0.8958468079185247,0.80254150325781,4.14004877956721,0.7664793992982084
rf,33,75,0.87,23982,0.7955035411510881,0.893906744453561,0.799069267779564,4.185463902088771,0.7714129318333673
rf,33,75,0.88,24257,0.7937269255630318,0.8924149565662951,0.7964044547032224,4.203605731477275,0.7830388418423189
rf,33,75,0.89,24533,0.801692865464773,0.8976247158302167,0.8057301304692773,4.121638274046278,0.7617991886732904
rf,33,75,0.9,24808,0.7975674450441208,0.8948543215427407,0.8007642567837188,4.164289203083277,0.7772155275634463
rf,33,75,0.91,25084,0.7893795013188978,0.8896263536122079,0.7914350490413531,4.2476724826742025,0.7813467010238185
rf,33,75,0.92,25360,0.7948077347045597,0.8932167426092937,0.7978361492775573,4.192578449961434,0.7728490759339469
rf,33,75,0.93,25635,0.8050454705563088,0.8989952401542342,0.8081924418199692,4.086649296922895,0.756383429794729
rf,33,75,0.94,25911,0.803277109584695,0.8982711376396684,0.806891036716464,4.10514170493733,0.7511799156352562
rf,33,75,0.95,26187,0.796336050622894,0.8935456012338987,0.7984237414844495,4.1769356568937175,0.7704904573242358
rf,33,75,0.96,26462,0.7986082387451895,0.8962045524547884,0.8031825998406875,4.153570197689138,0.7606399049055629
rf,33,75,0.97,26738,0.8015220662696358,0.8969230361213555,0.8044709327251504,4.123412847074874,0.75993481001478
rf,33,75,0.98,27014,0.801529791325029,0.8969738600473283,0.8045621056082041,4.123332601623889,0.7557769459423302
rf,33,75,0.99,27289,0.7920334377122368,0.8918860919376905,0.7954608009918865,4.22082611713301,0.7751129219053206
rf,33,75,1.0,27565,0.7994627785487607,0.8964306651001077,0.8035879373318214,4.1447486743633215,0.7599987143364186
rf,34,76,0.01,276,0.21844394660503552,0.5429908071863683,0.2948390166889038,8.182401204418541,2.089869663237947
rf,34,76,0.02,551,0.37414129020346243,0.667879413815781,0.4460629113989112,7.322153935567603,1.8341397094472256
rf,34,76,0.03,827,0.40593725277308756,0.6924813186060869,0.4795303766184248,7.133733225175469,1.6115916877102012
rf,34,76,0.04,1103,0.5242863215029243,0.7256099009713752,0.526509728387689,6.383715506985764,1.583415102795282
rf,34,76,0.05,1378,0.5560803529674753,0.7535548403836502,0.5678448974656285,6.166700947289838,1.4060237866594505
rf,34,76,0.06,1654,0.55919492747669,0.7549690490853027,0.5699782650767662,6.145029843925176,1.3478137250018816
rf,34,76,0.07,1930,0.5982843192419187,0.7847662637362062,0.6158580886984847,5.866243647680999,1.2869528130812249
rf,34,76,0.08,2205,0.6094032955074448,0.7925787484223087,0.6281810724506733,5.784488900519579,1.2465788500907218
rf,34,76,0.09,2481,0.6171312216693075,0.7974674141566797,0.6359542766417412,5.726980191102125,1.206230401547596
rf,34,76,0.1,2756,0.6218442895549785,0.7988885910037342,0.6382229808359318,5.691621826625734,1.188349195010574
rf,34,76,0.11,3032,0.6236391089069948,0.8012926596239571,0.6420699263672348,5.678098848125063,1.1534524310263308
rf,34,76,0.12,3308,0.6416960856425931,0.8095707524023324,0.6554048031452787,5.540213242793344,1.1362068132560663
rf,34,76,0.13,3583,0.6495733920498183,0.8131963972153677,0.6612883804440541,5.478974032167587,1.1108239698553806
rf,34,76,0.14,3859,0.6798330398206744,0.8325148635365509,0.693080998009282,5.237077020167183,1.0639498501408757
rf,34,76,0.15,4135,0.6633131771717387,0.8227575584714589,0.6769300000219162,5.370488171457684,1.0908230270233916
rf,34,76,0.16,4410,0.6691432175735644,0.8266447341239174,0.683341516454802,5.3237876648148745,1.0560144972071948
rf,34,76,0.17,4686,0.6766359004327203,0.8313401083405817,0.6911263757357301,5.263160399735342,1.0608700086344853
rf,34,76,0.18,4962,0.6839677998190962,0.8355782106605232,0.6981909461306417,5.203150309101537,1.0387879817108234
rf,34,76,0.19,5237,0.6817699322598487,0.8349610268222611,0.6971599163120847,5.221211793466407,1.0454773335308118
rf,34,76,0.2,5513,0.6993595468821412,0.8449989318012257,0.7140231947452124,5.074864060142817,1.0058992034370642
rf,34,76,0.21,5789,0.6973136178684394,0.8440752587625313,0.7124630424550342,5.092102603717801,1.0038144983521748
rf,34,76,0.22,6064,0.7029965305748211,0.8440491355335796,0.7124189431949831,5.0440741928286394,0.9896548439458551
rf,34,76,0.23,6340,0.6884083937376342,0.8357509914896218,0.698479719775886,5.166466047650292,0.9988987034431749
rf,34,76,0.24,6616,0.696642175451843,0.8420780085367138,0.7090953724611578,5.0977473235947395,1.0011033998176984
rf,34,76,0.25,6891,0.6966883893892191,0.8411316567316154,0.7075024639560721,5.097359009976961,1.0039727361567252
rf,34,76,0.26,7167,0.6976196188467065,0.8433681287626908,0.7112698006126827,5.089528020779424,0.9813260410996982
rf,34,76,0.27,7443,0.7062747608844875,0.8477218924655673,0.7186324069654029,5.0161595033372315,0.9708052509771149
rf,34,76,0.28,7718,0.7157060005956564,0.8541606296166449,0.7295903811871032,4.93497039018789,0.9435273024484084
rf,34,76,0.29,7994,0.7147846707252767,0.8529695434014107,0.7275570419704112,4.942960460100874,0.9484980366088418
rf,34,76,0.3,8270,0.7152393578038605,0.8525287155489462,0.726805210835536,4.939018882510188,0.9363002026274257
rf,34,76,0.31,8545,0.7200781796177627,0.8565215346308106,0.7336291392863189,4.896875715130118,0.9511495516669426
rf,34,76,0.32,8821,0.71185067524327,0.8502810399555913,0.722977846907962,4.968319400956307,0.9620551209799106
rf,34,76,0.33,9096,0.717555011239915,0.8535731018362839,0.728587040178415,4.9188960131539545,0.9507014797873792
rf,34,76,0.34,9372,0.7120219183398482,0.850362137157016,0.7231157643102477,4.966842880335448,0.9588461616503581
rf,34,76,0.35,9648,0.7188921622731069,0.8541651535012812,0.7295981094558672,4.9072386812820055,0.9447686394100094
rf,34,76,0.36,9923,0.734459222356348,0.86256280673162,0.74401459555673,4.769428209389784,0.9249300237834986
rf,34,76,0.37,10199,0.7360373414997889,0.8640397966349753,0.7465647701690095,4.75523464129139,0.9229651359545018
rf,34,76,0.38,10475,0.7329759051140105,0.8629064259618674,0.7446074999662837,4.782730729200019,0.9118452056506691
rf,34,76,0.39,10750,0.7404234554596417,0.8665235303540809,0.7508630286572998,4.715561661161895,0.9032952285745083
rf,34,76,0.4,11026,0.7487564619372187,0.872585478014801,0.7614054164423187,4.639254043905903,0.8873731543250197
rf,34,76,0.41,11302,0.7390199674370731,0.8665018195852849,0.7508254033446097,4.728292612060661,0.9079585326985821
rf,34,76,0.42,11577,0.7572036032069791,0.8755013494709397,0.7665026129254365,4.560598324326577,0.8657049780149566
rf,34,76,0.43,11853,0.7638006325952436,0.8814353804732713,0.7769283299500606,4.4982135530301575,0.8614334519334126
rf,34,76,0.44,12129,0.7623089434401507,0.881009909831403,0.7761784612211369,4.51239516540412,0.869173525659734
rf,34,76,0.45,12404,0.7578083514169309,0.8775082068787077,0.7700206531394849,4.55491509912032,0.8667836964972259
rf,34,76,0.46,12680,0.7599093147162126,0.8776909911811294,0.7703414760005133,4.53511558530516,0.8668222325228273
rf,34,76,0.47,12956,0.7608351177311846,0.8768158636426602,0.7688060587354241,4.526363311073271,0.8607445243174099
rf,34,76,0.48,13231,0.75555527019154,0.8738930930806748,0.7636891381341089,4.576052979385679,0.8701779697813032
rf,34,76,0.49,13507,0.7588381347553044,0.8756970625376825,0.7668453453371259,4.5452211804009055,0.8661672732045389
rf,34,76,0.5,13782,0.7696636215554988,0.8812612395440381,0.7766213723226946,4.442034955258314,0.8536705664076427
rf,34,76,0.51,14058,0.768756942407911,0.8818492829408483,0.7776581578232883,4.450769018210943,0.8446030251326941
rf,34,76,0.52,14334,0.7702995362852156,0.8824111882805348,0.7786495052026654,4.435898912342433,0.843405635426714
rf,34,76,0.53,14609,0.7696360106999613,0.8812926201865852,0.7766766823953366,4.442301184828666,0.837613197916188
rf,34,76,0.54,14885,0.7594985416726303,0.8754375861190419,0.7663909671899348,4.538993509800087,0.8554920519415548
rf,34,76,0.55,15161,0.7680359507570242,0.8797512669844242,0.7739622917606996,4.457702134217366,0.8393653424579439
rf,34,76,0.56,15436,0.7664787770895944,0.879706454020012,0.7738834452444635,4.472639375390407,0.8423657115168098
rf,34,76,0.57,15712,0.7760749242276402,0.8845408314414841,0.782412482487192,4.379777716055552,0.8254352719531312
rf,34,76,0.58,15988,0.775379586915379,0.8847689272740514,0.7828160546696757,4.38657253869677,0.8241144492577099
rf,34,76,0.59,16263,0.7750439034075269,0.8846011899077592,0.7825192651862234,4.3898490670943024,0.8317104547851897
rf,34,76,0.6,16539,0.7761314438781228,0.8841627509003263,0.7817437700796324,4.3792249438234085,0.8220114708949052
rf,34,76,0.61,16815,0.7751185201313809,0.8833774946862173,0.7803557981180979,4.389120962083546,0.8324236832938179
rf,34,76,0.62,17090,0.7709700534161442,0.8805047784126977,0.7752886648075938,4.429419778743369,0.8471273871751407
rf,34,76,0.63,17366,0.7723765607216986,0.881178551251014,0.7764756391848359,4.415797967026512,0.8344388266132522
rf,34,76,0.64,17642,0.7765497902002148,0.8838183516255066,0.7811348786700276,4.375131270804848,0.8338782609284973
rf,34,76,0.65,17917,0.7736426923111293,0.8824561531336405,0.7787288622034231,4.403499633807009,0.8397495810986954
rf,34,76,0.66,18193,0.7729787032678698,0.8824346268130239,0.7786908705986407,4.409953444549515,0.8282488694910712
rf,34,76,0.67,18469,0.7761898392965182,0.885129719191349,0.7834546197957563,4.378653752951799,0.8303600155469079
rf,34,76,0.68,18744,0.782007137902871,0.8877705846687332,0.7881366110030643,4.3213738682697596,0.8072028007379652
rf,34,76,0.69,19020,0.7760092116149546,0.8844355348425182,0.7822262152921713,4.380420309396242,0.8187767923111652
rf,34,76,0.7,19296,0.777181303950947,0.8860384076730232,0.7850640598717465,4.368944410458717,0.8173728530805631
rf,34,76,0.71,19571,0.7787358600273172,0.8853828337138814,0.7839027622352225,4.353677162088644,0.8179150080544371
rf,34,76,0.72,19847,0.7845251688842796,0.8880265554221941,0.7885911631350072,4.29634332701697,0.8063105874995092
rf,34,76,0.73,20122,0.779243515363272,0.8851567597643255,0.7835024893564798,4.348679884585102,0.8110987681375476
rf,34,76,0.74,20398,0.7855426199415431,0.8902765880485413,0.792592403227352,4.286187868274813,0.8005030048549312
rf,34,76,0.75,20674,0.7851879100152619,0.8883804364429883,0.7892197998546343,4.289731055364435,0.7969834278296788
rf,34,76,0.76,20949,0.7847905849151149,0.889255371113359,0.7907751150539577,4.293696452305938,0.798515703729517
rf,34,76,0.77,21225,0.7864513707010288,0.889401312703485,0.7910346950386823,4.277096990787625,0.793329425010969
rf,34,76,0.78,21501,0.783219847977783,0.8876508788890123,0.787924082792436,4.309337046643056,0.7929705336997013
rf,34,76,0.79,21776,0.7862168458076072,0.8900234568151946,0.7921417536812685,4.279444958242048,0.8026298259268985
rf,34,76,0.8,22052,0.787504744529836,0.8901788827929371,0.7924184433704816,4.266535106754026,0.7908766049189996
rf,34,76,0.81,22328,0.785234769470922,0.889626435102398,0.7914351940330012,4.289263145420918,0.796870963448842
rf,34,76,0.82,22603,0.7833485930261674,0.8882053086229462,0.7889086702659831,4.30805720575305,0.7937515331757181
rf,34,76,0.83,22879,0.78121977510894,0.8867903963718027,0.7863972070972589,4.329170963471042,0.7982917145555333
rf,34,76,0.84,23155,0.7901406637497334,0.8914496993838681,0.7946825665315888,4.239990193643041,0.7813759670096948
rf,34,76,0.85,23430,0.7871105153397865,0.8898352193909089,0.791806717668467,4.270490991026675,0.7837617270436403
rf,34,76,0.86,23706,0.787337442760621,0.891828172924169,0.7953574900212615,4.26821434055255,0.7866049607590307
rf,34,76,0.87,23982,0.7928521041708264,0.8943067531392723,0.7997845687105074,4.212510222355939,0.7716154623410004
rf,34,76,0.88,24257,0.7836849399383137,0.8884481944156313,0.7893401941603954,4.30471182115073,0.789165609819029
rf,34,76,0.89,24533,0.7928286587629648,0.8934934892807752,0.7983306153871348,4.2127486057232195,0.772442702969716
rf,34,76,0.9,24808,0.7944154914343533,0.8944614860321174,0.8000613499947837,4.196583780090701,0.7720416757325336
rf,34,76,0.91,25084,0.7905041660969915,0.8923590003079367,0.7963045854305801,4.236316508208515,0.7714955253936384
rf,34,76,0.92,25360,0.7881680293850265,0.8913815959101756,0.7945611495273717,4.259871099340998,0.7746698808053517
rf,34,76,0.93,25635,0.7914830645288351,0.8924818407600774,0.7965238360864961,4.226407530235994,0.7654474230308632
rf,34,76,0.94,25911,0.781994392313176,0.8873285831430082,0.7873520144625784,4.32150019729874,0.7767530759806408
rf,34,76,0.95,26187,0.7990475792045777,0.8962036324362787,0.8031809507919805,4.149037172748907,0.7687001174605946
rf,34,76,0.96,26462,0.8015213243158836,0.8974139300148,0.8053517617846083,4.123420554175399,0.7645616675365566
rf,34,76,0.97,26738,0.8006162555298886,0.8969178429397603,0.8044616169837125,4.132811322252494,0.754485258363669
rf,34,76,0.98,27014,0.7965732877216342,0.8945986583324937,0.8003067594902978,4.174502205032121,0.768257644036198
rf,34,76,0.99,27289,0.797702951840753,0.895097429244818,0.8011994078406821,4.1628951981647875,0.7702414745830839
rf,34,76,1.0,27565,0.7971312944357449,0.8946803979390229,0.8004530144563283,4.168772869307314,0.7748842677802253
rf,35,77,0.01,276,0.3416742836782729,0.6220077521493184,0.3868936437338479,7.509674526818407,2.104600119189448
rf,35,77,0.02,551,0.39834602864356417,0.695200404152764,0.4833036019341663,7.179167704791759,1.5311030682640272
rf,35,77,0.03,827,0.4241767163802569,0.7314115492715072,0.5349628544077464,7.023366237710294,1.3722928160785763
rf,35,77,0.04,1103,0.46547450124866185,0.7375757442544738,0.544017978512541,6.766824583256043,1.3402313081815425
rf,35,77,0.05,1378,0.5235317044217991,0.762247985687335,0.5810219916843996,6.388776694111395,1.2570461820553334
rf,35,77,0.06,1654,0.519830498070142,0.7539462344346136,0.5684349244181334,6.413542704466134,1.24086741738541
rf,35,77,0.07,1930,0.5698115584684142,0.7789477906327948,0.6067596605317124,6.070578415417724,1.214534817331593
rf,35,77,0.08,2205,0.5748197467148047,0.7804896779578713,0.6091641373987816,6.035138593029976,1.187271519872656
rf,35,77,0.09,2481,0.6059757998209783,0.7917317351158427,0.6268391403895429,5.8098129831692304,1.1779798605798864
rf,35,77,0.1,2756,0.5905897585770041,0.775904641317787,0.6020280124184837,5.922158898817836,1.1887875304960496
rf,35,77,0.11,3032,0.6092359092782167,0.7878193901029709,0.6206593914222169,5.785728209586206,1.1497192234409188
rf,35,77,0.12,3308,0.6169491328794852,0.7964066588969712,0.6342635663354366,5.7283418781762725,1.142243608329559
rf,35,77,0.13,3583,0.6159617505874716,0.7969887327931838,0.635191040199285,5.735720040750822,1.1215076141006046
rf,35,77,0.14,3859,0.6196271542694352,0.8057404057155525,0.6492176014026632,5.708282494112066,1.1054760953011837
rf,35,77,0.15,4135,0.6321766043217899,0.8049761175989226,0.6479865499046346,5.613327477443155,1.1004048387203444
rf,35,77,0.16,4410,0.6592379528888155,0.8229641493225907,0.6772699910702553,5.40289234321406,1.052161155887158
rf,35,77,0.17,4686,0.6644762134304159,0.8239658123139969,0.6789196598622648,5.361204357208114,1.0541361597219638
rf,35,77,0.18,4962,0.6751268817621924,0.8273198485803583,0.684458131855027,5.275426701178787,1.0430883335118615
rf,35,77,0.19,5237,0.6705532497290458,0.8241983342213465,0.6793028941332423,5.312431199971998,1.0444560811322896
rf,35,77,0.2,5513,0.6806438500909877,0.8312321987810293,0.6909469682903445,5.230441470353959,1.0252196241035314
rf,35,77,0.21,5789,0.696204445057701,0.841482566182978,0.70809290918989,5.101423896903244,1.002683933977569
rf,35,77,0.22,6064,0.6871981983784854,0.8368701994102732,0.7003517306609904,5.1764893825051725,1.0106203415739516
rf,35,77,0.23,6340,0.6902926999738654,0.8396464666612933,0.7050061889767942,5.150820621495212,0.9976137883662688
rf,35,77,0.24,6616,0.6929409507482777,0.8420800495140545,0.7090988097895924,5.128751477905333,1.0004138984294908
rf,35,77,0.25,6891,0.6905395072884402,0.8421948287713901,0.709292129609271,5.148767854939937,0.9948014727878307
rf,35,77,0.26,7167,0.6889715439481645,0.8415604733806142,0.7082240303566035,5.161795170480542,0.9920112080759931
rf,35,77,0.27,7443,0.7012888759132858,0.8490496095689445,0.720885239509177,5.05855414346324,0.9717554673231299
rf,35,77,0.28,7718,0.7170604433617414,0.8562854214000858,0.7332247229023225,4.923200681410077,0.9445644700664393
rf,35,77,0.29,7994,0.7259633248196824,0.8610399008938937,0.7413897109313663,4.845125709292297,0.9259404836960172
rf,35,77,0.3,8270,0.7267183560760737,0.8608030388975504,0.7409818717752577,4.8384464123925985,0.9505349897993735
rf,35,77,0.31,8545,0.7311358311977474,0.8630299066609904,0.7448206197912779,4.799181433388685,0.9347985632218614
rf,35,77,0.32,8821,0.7211884250898142,0.8566136477932917,0.7337869415857297,4.887154901496279,0.9470192960313626
rf,35,77,0.33,9096,0.7256172797699736,0.859357679745622,0.7384956217377792,4.848183881706701,0.9369913305140422
rf,35,77,0.34,9372,0.7307602057915283,0.8628381919196254,0.7444897454351284,4.802532689330871,0.9334239646298165
rf,35,77,0.35,9648,0.7342403741751427,0.8628931789900656,0.7445846383475814,4.771393191427921,0.930332696374917
rf,35,77,0.36,9923,0.7355841720523213,0.862908677873929,0.7446113863501321,4.7593147694598015,0.9242217068103659
rf,35,77,0.37,10199,0.7500376146387917,0.8723776859939226,0.7610428270201111,4.627410576729024,0.8975171362109146
rf,35,77,0.38,10475,0.7426189231919661,0.8665062298215811,0.7508330463196107,4.695577483900424,0.9113059107332991
rf,35,77,0.39,10750,0.7254659345011044,0.8560405093917606,0.7328053537197049,4.849520789036609,0.9345970787907265
rf,35,77,0.4,11026,0.7279481652763944,0.8575659090144429,0.7354192883037677,4.827547262119873,0.9343445051456991
rf,35,77,0.41,11302,0.736583299362316,0.8630915653688667,0.7449270502108807,4.750314434843926,0.9153985671410494
rf,35,77,0.42,11577,0.7298564858671814,0.8577226361810661,0.7356881206173975,4.810585935323837,0.9260339763027621
rf,35,77,0.43,11853,0.7266504159657847,0.8573461172673434,0.7350423647933895,4.839047814209754,0.9208400170910221
rf,35,77,0.44,12129,0.7423596242059606,0.8651493502838888,0.748483398296635,4.69794217207396,0.8994482130510546
rf,35,77,0.45,12404,0.7415895722266805,0.8643615296563905,0.7471208539499352,4.704957688404088,0.8966009288782751
rf,35,77,0.46,12680,0.7463681289101216,0.8670055416859352,0.751698609314122,4.661252373109698,0.8848067333986396
rf,35,77,0.47,12956,0.7500465168459947,0.8704813733070883,0.7577378212745944,4.627328175261923,0.8852001640527114
rf,35,77,0.48,13231,0.7476358087598375,0.8680978118475543,0.7535938109345118,4.649589056471577,0.8782651231349594
rf,35,77,0.49,13507,0.7437861746382011,0.866190882971164,0.7502866457423647,4.6849179048220195,0.8769114213429918
rf,35,77,0.5,13782,0.7599145535855547,0.8738412297120209,0.7635984947446169,4.535066106068631,0.8700061172101767
rf,35,77,0.51,14058,0.7628093028108704,0.8761062741948994,0.7675622036836682,4.507643180380936,0.8595352687025652
rf,35,77,0.52,14334,0.7675344354211228,0.8789702907644503,0.7725887720465423,4.46251839546156,0.8511053402037678
rf,35,77,0.53,14609,0.7631335860959442,0.875419490496708,0.7663592843415158,4.504560738027561,0.8601155818518685
rf,35,77,0.54,14885,0.7650586135231772,0.8767562369897143,0.768701499100364,4.4862189794071625,0.8673392842347425
rf,35,77,0.55,15161,0.7711107288538307,0.8806829122897961,0.7756023919992368,4.428059244265327,0.8489151570746317
rf,35,77,0.56,15436,0.7661428513983068,0.8773195265720426,0.769689551704593,4.475855216990466,0.8555732448959945
rf,35,77,0.57,15712,0.7687084482418317,0.8785965520071083,0.7719319011987793,4.451235680906856,0.8391473235748924
rf,35,77,0.58,15988,0.7675294211754443,0.8778796510688227,0.7706726817607179,4.462566523112119,0.8455198233887692
rf,35,77,0.59,16263,0.7667887077200939,0.8775459331795253,0.770086864839924,4.469670334342501,0.8538202643365916
rf,35,77,0.6,16539,0.7643072176815799,0.8759768267323497,0.767335400972077,4.493387225476603,0.8457397350026669
rf,35,77,0.61,16815,0.7652725795457955,0.8758984688526419,0.7671981277384025,4.4841756674656725,0.8492093377619161
rf,35,77,0.62,17090,0.7625617982339614,0.8748369579937136,0.7653397030716946,4.509994392800695,0.8642699272078512
rf,35,77,0.63,17366,0.7648780554581195,0.8765235912003925,0.7682936059308327,4.487942531523199,0.8505758508527018
rf,35,77,0.64,17642,0.7686373128785134,0.878210851298328,0.7712542993381339,4.451920132894987,0.8457051023319943
rf,35,77,0.65,17917,0.7740454362117568,0.8818538436726475,0.7776662016002223,4.399580449128874,0.8261461473810587
rf,35,77,0.66,18193,0.7601158883394724,0.872969939633256,0.7620765155032906,4.533164162539925,0.8475471181333981
rf,35,77,0.67,18469,0.7707537152765636,0.87924002700013,0.7730630250791894,4.431511265616275,0.8406453788281288
rf,35,77,0.68,18744,0.771838584746925,0.880592250885008,0.775442712318725,4.4210131400162735,0.8345039492796948
rf,35,77,0.69,19020,0.7689034177875314,0.878611190816291,0.771957624627621,4.449359178369473,0.8364610642502806
rf,35,77,0.7,19296,0.7686028389675548,0.8784669508461639,0.7717041837289565,4.45225179696645,0.8343853692044739
rf,35,77,0.71,19571,0.7750232119932327,0.8820798243192394,0.7780648164710602,4.3900509511475185,0.8262850864993841
rf,35,77,0.72,19847,0.7830500805890546,0.8872755538768695,0.7872579085075055,4.311024105432754,0.8089784535057557
rf,35,77,0.73,20122,0.7760304867753678,0.8830280517033836,0.7797385400950735,4.380212273256709,0.814075697403377
rf,35,77,0.74,20398,0.772954375873045,0.8812705735381037,0.7766378237841782,4.410189721511685,0.8238241098792157
rf,35,77,0.75,20674,0.7791646033550986,0.88522822685433,0.7836290136196612,4.349457058586852,0.8119277509948093
rf,35,77,0.76,20949,0.7756583152039698,0.8828818846922357,0.7794804223177142,4.383850076007042,0.8203481277222707
rf,35,77,0.77,21225,0.7837368129149398,0.8868662861161948,0.7865318094495323,4.304195649035594,0.8095908281270967
rf,35,77,0.78,21501,0.7808716195021461,0.8847796719297297,0.7828350678600802,4.332614204264237,0.8146231261796767
rf,35,77,0.79,21776,0.7855237712498873,0.8882672036341125,0.7890186250519658,4.286376220987187,0.8048080889591388
rf,35,77,0.8,22052,0.7830509929367651,0.8872161331538468,0.7871524669284645,4.311015040766774,0.8114625287754875
rf,35,77,0.81,22328,0.7842414211588911,0.8873117738931928,0.7873221840894845,4.2991712131535635,0.80671103791475
rf,35,77,0.82,22603,0.785158329503609,0.8884908916357853,0.7894160645197528,4.2900264020355126,0.8042571384250347
rf,35,77,0.83,22879,0.7854075275077917,0.8881298924871156,0.7887747059291755,4.287537647872816,0.8057500284990138
rf,35,77,0.84,23155,0.7851464156791054,0.8879385864105501,0.788434933236766,4.290145349893718,0.8030516785548049
rf,35,77,0.85,23430,0.7795409146748394,0.8852537393740849,0.7836741830758003,4.345749664266471,0.8053311628881277
rf,35,77,0.86,23706,0.7794061920847273,0.8846019607225691,0.7825206289142137,4.347077305701384,0.8206818463482863
rf,35,77,0.87,23982,0.7897428643104523,0.8906694918978937,0.7932921437976521,4.244006853605394,0.7891797590236356
rf,35,77,0.88,24257,0.7893409209600296,0.8905111307460268,0.7930100739825673,4.24806149805003,0.8014678280359925
rf,35,77,0.89,24533,0.7886507825574945,0.8900859008711055,0.7922529109295274,4.255014327104704,0.7940038162079213
rf,35,77,0.9,24808,0.7865702037191638,0.8886419442004965,0.7896845049924383,4.275906790987939,0.7872437432744845
rf,35,77,0.91,25084,0.7860114585107703,0.8886363976542601,0.7896746472359402,4.281500154383046,0.7949948871038705
rf,35,77,0.92,25360,0.7776651034457507,0.8831793250318098,0.7800057201636432,4.364198754611893,0.8064433495781658
rf,35,77,0.93,25635,0.7917060660327329,0.8916231718087287,0.7949918805062578,4.2241469288143785,0.7891491843791676
rf,35,77,0.94,25911,0.7877637740982832,0.8891453641528855,0.7905794785945673,4.263933882211888,0.7876954937126391
rf,35,77,0.95,26187,0.7921040783842319,0.8921184574329241,0.7958753420925,4.220109205448456,0.7802758794088713
rf,35,77,0.96,26462,0.793708380087361,0.8927970844979696,0.7970866340880747,4.203794694859596,0.7729214664308836
rf,35,77,0.97,26738,0.7928857640371004,0.8919201094230574,0.7955214815932388,4.2121679589438505,0.7752768573546328
rf,35,77,0.98,27014,0.7969212701346863,0.8952273067903656,0.8014319308231312,4.170930218112002,0.7621833405313786
rf,35,77,0.99,27289,0.8001296996648437,0.8969623513043514,0.8045414596574307,4.137850896374206,0.7668644444234954
rf,35,77,1.0,27565,0.7955347032566649,0.893450201316632,0.7982532622327303,4.1851449898740665,0.772408808503509
rf,36,78,0.01,276,0.32233913083279875,0.6331346992424901,0.4008595473848784,7.619156757931132,2.061911018842966
rf,36,78,0.02,551,0.39216658997766596,0.6989480762655947,0.48852841331537566,7.2159412481693215,1.638459677867867
rf,36,78,0.03,827,0.49932279392669965,0.7266094030145208,0.5279612245491183,6.5490697329683,1.4736918584937075
rf,36,78,0.04,1103,0.513466605401674,0.7310917833172336,0.5344951956339729,6.455903528130009,1.3911269531148933
rf,36,78,0.05,1378,0.5549370423674619,0.7603051949616417,0.5780639894856601,6.174636979013076,1.3486857341228928
rf,36,78,0.06,1654,0.587348625117122,0.7797462476619053,0.6080042107428213,5.945554342175071,1.2423212883767187
rf,36,78,0.07,1930,0.6127717234625822,0.7980779367505706,0.6369283931280477,5.759492754996214,1.1834548119090644
rf,36,78,0.08,2205,0.605028560893822,0.7967613279305928,0.6348286136857217,5.816792221368101,1.1848784573470235
rf,36,78,0.09,2481,0.6330666933781257,0.8109262377884427,0.657601363133718,5.606531569774553,1.1449904416848882
rf,36,78,0.1,2756,0.6459247473634064,0.8176731114359673,0.6685893171653758,5.507423730360791,1.1096519149834503
rf,36,78,0.11,3032,0.6388622793978469,0.8151272292266968,0.6644323998267919,5.562078717901297,1.1188925434200905
rf,36,78,0.12,3308,0.6501788756208302,0.8208108623382578,0.6737304717324745,5.474238571262395,1.094956591045382
rf,36,78,0.13,3583,0.6475159536590581,0.818442136070474,0.6698475300956003,5.4950346758915,1.099317674208169
rf,36,78,0.14,3859,0.6563039273067183,0.8216949550616796,0.6751825991738156,5.426102451177237,1.0668828157999324
rf,36,78,0.15,4135,0.6689576624473526,0.8303565432406498,0.6894919889025611,5.32528033124638,1.056633152190418
rf,36,78,0.16,4410,0.6689224037305546,0.8300559216445745,0.688992833057224,5.325563916652949,1.068699791094799
rf,36,78,0.17,4686,0.675370936961751,0.8357701751166504,0.6985117856145165,5.273444793263165,1.0244174879853534
rf,36,78,0.18,4962,0.6864758931882696,0.8425033003539002,0.7098118111072141,5.18246257246054,1.0012065514999062
rf,36,78,0.19,5237,0.6792594953581166,0.8399442136593757,0.7055062820598669,5.241765749646712,1.0123447269806607
rf,36,78,0.2,5513,0.6928140281162856,0.8465968475602925,0.7167262222990252,5.129811351216328,0.9752787868694317
rf,36,78,0.21,5789,0.6896381320227636,0.8473842934294493,0.7180601407509271,5.156260891271042,0.9824592392194621
rf,36,78,0.22,6064,0.6938816559419553,0.8458247200591538,0.7154194570631458,5.120889237684959,0.9797437306168467
rf,36,78,0.23,6340,0.7036961961068561,0.8519359954598495,0.7257949403601648,5.038129404088093,0.9538652794925857
rf,36,78,0.24,6616,0.7130218139502281,0.8574185656913248,0.7351665967921687,4.958212635303107,0.9275948116041771
rf,36,78,0.25,6891,0.7071821412941359,0.8533404036301818,0.7281898444677216,5.008405512721024,0.9334767896359017
rf,36,78,0.26,7167,0.7122384101126635,0.8549157040271208,0.7308808609921876,4.964975580609416,0.9290078445220513
rf,36,78,0.27,7443,0.709888212125299,0.8557436655127808,0.7322972210652501,4.985209252871045,0.9216362968523361
rf,36,78,0.28,7718,0.7295695895779934,0.8645084130718182,0.7473747962719536,4.813139713119721,0.8968234057834826
rf,36,78,0.29,7994,0.7258486289588844,0.8626916318448157,0.744236851655071,4.846139547546052,0.907499889330712
rf,36,78,0.3,8270,0.7286270877729473,0.8648506269000353,0.7479666068493841,4.82151977508019,0.9001478678605733
rf,36,78,0.31,8545,0.7372562975965935,0.8690939080757979,0.7553242210544634,4.744242310733504,0.9038855756934656
rf,36,78,0.32,8821,0.7417333605427339,0.869597509193749,0.7561998279959724,4.703648507337915,0.8898626728221125
rf,36,78,0.33,9096,0.741812508175764,0.8709789770816118,0.7586043785181308,4.702927718982756,0.8972309821194604
rf,36,78,0.34,9372,0.7440509051588818,0.872209589244101,0.7607495675693633,4.68249695566574,0.8967548317084527
rf,36,78,0.35,9648,0.7460742332198484,0.8723427621028115,0.7609818945931623,4.66395220211513,0.8773962292325581
rf,36,78,0.36,9923,0.7471588775996092,0.8732801138863809,0.7626181573094105,4.653980501981527,0.8812124570510657
rf,36,78,0.37,10199,0.7562944118546822,0.8772697865058606,0.7696022783160383,4.56912930355451,0.8683710097019818
rf,36,78,0.38,10475,0.7572955624156239,0.8766447753214193,0.7685060620983417,4.5597345785361885,0.8575243401758692
rf,36,78,0.39,10750,0.7509459963712382,0.872141742583677,0.7606312191568928,4.618994748279871,0.8721416579203802
rf,36,78,0.4,11026,0.7538043031718962,0.8751942917675238,0.7659650483424576,4.5924129567929945,0.8743185330281544
rf,36,78,0.41,11302,0.7581499254407695,0.8775031385174706,0.7700117581080113,4.551701962657206,0.8462884889501192
rf,36,78,0.42,11577,0.7575841355416661,0.8770409221814189,0.7692007791808337,4.557023033106106,0.8582304571295761
rf,36,78,0.43,11853,0.7562029959256664,0.8768125063063381,0.7688001712152022,4.56998618180824,0.8547736722117749
rf,36,78,0.44,12129,0.7590439928147141,0.879099507367009,0.772815943852918,4.543280844248687,0.8586275375661393
rf,36,78,0.45,12404,0.7620469316082307,0.8798414765234206,0.7741210238109129,4.514881534267607,0.8486657308423405
rf,36,78,0.46,12680,0.7772694196871612,0.8854728339571912,0.7840621396761795,4.368080455081924,0.853523618369316
rf,36,78,0.47,12956,0.7820947773407356,0.889163905073784,0.7906124500860611,4.320505122281919,0.8386922462277411
rf,36,78,0.48,13231,0.7810411414809559,0.8882832669314417,0.7890471623103948,4.33093798268731,0.8268665239964348
rf,36,78,0.49,13507,0.782824226256294,0.8885096983935655,0.7894494841394247,4.313267503818815,0.8290699485702976
rf,36,78,0.5,13782,0.7828774735607751,0.8883831216404244,0.7892245708155852,4.31273870646839,0.8238351730508426
rf,36,78,0.51,14058,0.7838525172452213,0.8893755797583153,0.7909889218704395,4.30304408757263,0.8171111640788629
rf,36,78,0.52,14334,0.7896447899168835,0.8931332409169136,0.7976869860307496,4.244996546228691,0.8099585425011617
rf,36,78,0.53,14609,0.7844763888765677,0.890734470517631,0.7934078969683245,4.296829610727576,0.8256249463031943
rf,36,78,0.54,14885,0.781076930492892,0.88886558402857,0.7900820264704508,4.330584020471663,0.8305529032333889
rf,36,78,0.55,15161,0.7771482468042639,0.8853296569043081,0.7838086013942999,4.369268484431202,0.8299280617431428
rf,36,78,0.56,15436,0.7870695701129041,0.8918167522781952,0.7953371196440279,4.270901644977127,0.8155664702285028
rf,36,78,0.57,15712,0.7949077776551169,0.8969359484735703,0.8044940956641831,4.191556264609013,0.8002813820804628
rf,36,78,0.58,15988,0.7877051963251553,0.8918219808789852,0.7953464455789171,4.264522270265062,0.809498162593934
rf,36,78,0.59,16263,0.7921041884793796,0.8949143812621926,0.800871749789893,4.220108088029693,0.8000642938089044
rf,36,78,0.6,16539,0.7886823814506801,0.8933876495015385,0.7981414922818838,4.2546962308969585,0.8065799163281909
rf,36,78,0.61,16815,0.7910276557711495,0.892976062537554,0.7974062482650736,4.231020328752642,0.7962130010696458
rf,36,78,0.62,17090,0.794866699693187,0.8959738638501038,0.8027691647024844,4.191976007410663,0.7931123184266615
rf,36,78,0.63,17366,0.7933374753924056,0.8942231674860697,0.7996350732688194,4.207572131310372,0.7887082600461242
rf,36,78,0.64,17642,0.7890916411403441,0.8919804549002913,0.7956291319241307,4.250574190405654,0.800506863255717
rf,36,78,0.65,17917,0.7939790556088819,0.8947442155941666,0.8005672113392205,4.201035887169562,0.7910917954902025
rf,36,78,0.66,18193,0.7930895542738414,0.8944503579198393,0.8000414427829287,4.2100951657313415,0.7894383135788056
rf,36,78,0.67,18469,0.7972635348487487,0.8960493963930092,0.802904520776276,4.16741393592223,0.7840469106471095
rf,36,78,0.68,18744,0.7960992580822334,0.8954564820808641,0.801842311300637,4.179363135807969,0.7810190227242935
rf,36,78,0.69,19020,0.7949072774494972,0.8946219408891086,0.8003484171201958,4.191561376062526,0.7831932276259522
rf,36,78,0.7,19296,0.7888777475560647,0.8912194252461293,0.794272063936041,4.252729012909585,0.795344015213107
rf,36,78,0.71,19571,0.7917501155650801,0.8926355014536627,0.7967981384554318,4.223700248654802,0.7916214312455429
rf,36,78,0.72,19847,0.796444376723354,0.895978911789168,0.8027782103709017,4.175824681350929,0.7802860636193544
rf,36,78,0.73,20122,0.7907371953959653,0.8930714866046168,0.7975766801861802,4.2339597536120595,0.7901498603676003
rf,36,78,0.74,20398,0.7944683741695838,0.8955437013167217,0.8019985209680536,4.19604399938465,0.7816833595027302
rf,36,78,0.75,20674,0.7918330938549882,0.8935763347461684,0.7984786660183963,4.222858686740298,0.7802003867201607
rf,36,78,0.76,20949,0.796431636657163,0.8966658972491107,0.8040097312895528,4.1759553568134695,0.7707440659887911
rf,36,78,0.77,21225,0.7998151057283378,0.8983565944291125,0.8070445707542729,4.14110608478899,0.7680675186069147
rf,36,78,0.78,21501,0.7878326190236766,0.8916088448671446,0.794966332245324,4.2632422613116825,0.7852436258713494
rf,36,78,0.79,21776,0.7947374459316454,0.8955748547202709,0.8020543204072342,4.1932964740102845,0.7717462705772326
rf,36,78,0.8,22052,0.7957144740957705,0.8961187358942089,0.8030287888206349,4.183304744888337,0.7712483710852549
rf,36,78,0.81,22328,0.7902201640285864,0.8920368312123816,0.795729708239427,4.239187007236022,0.7710596031232354
rf,36,78,0.82,22603,0.7938753486042309,0.8943562230172362,0.7998730536496562,4.202093114713887,0.7803679547123706
rf,36,78,0.83,22879,0.7925021586469422,0.8939457418283017,0.7991389893329526,4.216066925230512,0.7738192344114703
rf,36,78,0.84,23155,0.7977603394750663,0.8966183576361896,0.8039244792502179,4.162304691149008,0.7644779406443367
rf,36,78,0.85,23430,0.7977260889542629,0.8971718397376517,0.8049173100182425,4.162657132078886,0.7722333879565613
rf,36,78,0.86,23706,0.7947303722093709,0.8950078268709966,0.8010390101603437,4.193368727713006,0.7786762636819572
rf,36,78,0.87,23982,0.797290229018555,0.8961404886802105,0.8030677754520064,4.167139566638623,0.7789758091322556
rf,36,78,0.88,24257,0.794907245398654,0.894141908049489,0.7994897517303808,4.1915617035804145,0.772865870986651
rf,36,78,0.89,24533,0.7974615373328406,0.8960006121904395,0.8028170970456423,4.165378387255615,0.7679203836082458
rf,36,78,0.9,24808,0.8010433509876926,0.8985810806668671,0.8074479585324348,4.128382547955735,0.7617847034065501
rf,36,78,0.91,25084,0.7987172941257191,0.8974253837397257,0.8053723193803939,4.152445448310282,0.7699175515914992
rf,36,78,0.92,25360,0.7959975251621468,0.8951002387480975,0.8012044374069012,4.180405618025399,0.76461332927591
rf,36,78,0.93,25635,0.788498347529189,0.891276835269989,0.7943743970888871,4.256548509077981,0.7779932266542288
rf,36,78,0.94,25911,0.7959569897595655,0.8948509342961066,0.8007581946106149,4.180820921829873,0.7691297524340535
rf,36,78,0.95,26187,0.793022516335171,0.8939680771152149,0.7991789229010747,4.210777135274884,0.7687829993315329
rf,36,78,0.96,26462,0.7940961166319213,0.8936862062846417,0.7986750353034351,4.199842204078165,0.7658152531948369
rf,36,78,0.97,26738,0.7949983428658729,0.8948102306885882,0.8006853489449645,4.19063070271144,0.7680447436633652
rf,36,78,0.98,27014,0.7917609055977425,0.8925828978833312,0.7967042295938053,4.2235908261355375,0.7725373502223473
rf,36,78,0.99,27289,0.7972110309675908,0.8955405002230943,0.8019927875398299,4.167953531108919,0.7678060865412962
rf,36,78,1.0,27565,0.8020892030124396,0.8979602591183173,0.8063326269558356,4.117517451473446,0.7494376088479024
rf,37,79,0.01,276,0.2846144993606402,0.5789020504837689,0.3351275840543121,7.82835968139224,2.181577233825668
rf,37,79,0.02,551,0.5038469459609655,0.7146958831160097,0.510790205342973,6.519413675848747,1.8765154263860184
rf,37,79,0.03,827,0.5603764912602185,0.7502291545434429,0.562843784326969,6.136788540404516,1.5851443287751195
rf,37,79,0.04,1103,0.5978259345631894,0.7746603755691283,0.6000986974769028,5.869589583244871,1.3968025103727058
rf,37,79,0.05,1378,0.5947132345842994,0.7775230160192635,0.604542040439692,5.892260184802932,1.3048018397335726
rf,37,79,0.06,1654,0.5957279783359744,0.7757500055513896,0.601788071112981,5.8848791376048455,1.2634895819883658
rf,37,79,0.07,1930,0.6175960658360202,0.7963340490920279,0.6341479177433043,5.723502548092369,1.2050207906485255
rf,37,79,0.08,2205,0.6171943409444729,0.8004916264563042,0.6407868440266593,5.726508100194429,1.1752414295850162
rf,37,79,0.09,2481,0.6544796413935043,0.820632283647772,0.6734373449649572,5.440483851662279,1.1052819073893843
rf,37,79,0.1,2756,0.6423027216547167,0.8140889566123596,0.6627408292782003,5.535521252975371,1.172197717195691
rf,37,79,0.11,3032,0.6541985723134153,0.8188069695567993,0.6704448533947893,5.442696226275669,1.1249320816007833
rf,37,79,0.12,3308,0.6542167001515009,0.8212613783424562,0.674470251556951,5.442553564040734,1.105756506427485
rf,37,79,0.13,3583,0.6763774275778762,0.8395779476150642,0.7048911301215235,5.265263466150788,1.051383998310286
rf,37,79,0.14,3859,0.6972449711532114,0.850323974659781,0.7230508618812079,5.092679993916266,1.0407499595209193
rf,37,79,0.15,4135,0.7125600195914502,0.8479309584797597,0.718986910348404,4.962200315137229,1.0927237095581752
rf,37,79,0.16,4410,0.7134999431774498,0.8479823627963977,0.7190740876137615,4.954080518742241,1.0264328670193217
rf,37,79,0.17,4686,0.7309065037042617,0.859260982425833,0.7383294359194078,4.801227726258814,1.0291133540318307
rf,37,79,0.18,4962,0.7107435030968424,0.8480933188596335,0.7192622774943479,4.977855274403793,1.0420769403188515
rf,37,79,0.19,5237,0.724914008460952,0.8571418249417134,0.7346921080644109,4.854393104057353,0.9925503059479733
rf,37,79,0.2,5513,0.7295963055729326,0.8610412013641634,0.7413919504466417,4.812901960656912,0.9905608758759179
rf,37,79,0.21,5789,0.7321029786486728,0.8625676082744996,0.7440228788443907,4.790541945085122,0.9785468218794205
rf,37,79,0.22,6064,0.7336648084789106,0.8607799936243467,0.7409421974239303,4.7765571905287905,0.9738717965518775
rf,37,79,0.23,6340,0.7318100833153403,0.8585466169456265,0.7371022934687803,4.793160010914823,0.980364094013899
rf,37,79,0.24,6616,0.744412615771519,0.8657994568040265,0.7496086994021474,4.679187102861536,0.9477221219518058
rf,37,79,0.25,6891,0.7380223199065903,0.8621580864177978,0.7433165659755989,4.737321406180273,0.960622311608051
rf,37,79,0.26,7167,0.7389382120395502,0.8642470493177115,0.7469229622543708,4.729033153720188,0.9400718592511859
rf,37,79,0.27,7443,0.7436430123915434,0.8668772678044578,0.7514761974361217,4.68622659631669,0.9234624895584186
rf,37,79,0.28,7718,0.7636887565460825,0.8771727048952536,0.7694319542132556,4.499278718423974,0.8954126521739251
rf,37,79,0.29,7994,0.7559991988850672,0.87460679587536,0.7649370473913637,4.571895875302375,0.905566659049646
rf,37,79,0.3,8270,0.7447472466989495,0.8665813932324413,0.7509633110966791,4.676122957948193,0.9382465884486626
rf,37,79,0.31,8545,0.7512478499661973,0.8698251566966377,0.7565958032223304,4.616194787494696,0.9049924564196565
rf,37,79,0.32,8821,0.7564928745762437,0.8741103129758524,0.7640688392507426,4.567268479325198,0.8970835570717667
rf,37,79,0.33,9096,0.7544171887062496,0.8728289616561296,0.7618303963057173,4.586693162769361,0.9075082489594198
rf,37,79,0.34,9372,0.7519184919022482,0.8708644266753458,0.7584048496485788,4.6099679001609175,0.9039722891895821
rf,37,79,0.35,9648,0.7562586406160421,0.8738591926328181,0.7636298885488807,4.569464620891301,0.8826193901169934
rf,37,79,0.36,9923,0.7573991329155092,0.8729649226277146,0.7620677561384118,4.558761575349815,0.8884324170085106
rf,37,79,0.37,10199,0.7480369161439065,0.8682714678517887,0.7538953418854997,4.645892561071662,0.8940401552832414
rf,37,79,0.38,10475,0.7616211250494336,0.8766679693632505,0.7685467285074852,4.518919319762312,0.8761036944050149
rf,37,79,0.39,10750,0.7524596372899072,0.871309357711397,0.7591799968354471,4.60493724554577,0.8870557763443742
rf,37,79,0.4,11026,0.7555974604367406,0.8735626879339932,0.7631117697504631,4.575658057538343,0.8773239397876387
rf,37,79,0.41,11302,0.7564048278356486,0.8734146283439098,0.7628531130051301,4.5680941158611095,0.8786568552937959
rf,37,79,0.42,11577,0.75444274300638,0.8729500378260339,0.762041768540474,4.586454520695198,0.8746903711289704
rf,37,79,0.43,11853,0.7604858289584484,0.8755034059709398,0.7665062138667162,4.529667372784986,0.873452165725693
rf,37,79,0.44,12129,0.7631385504421372,0.8771358375442999,0.7693672775045405,4.50451353353843,0.8623844667101032
rf,37,79,0.45,12404,0.7609551205701455,0.8760427195644135,0.7674508465018136,4.525227599602603,0.8541811487793338
rf,37,79,0.46,12680,0.7560861046934079,0.8734029277406292,0.7628326741859028,4.571081616312351,0.8644265259057677
rf,37,79,0.47,12956,0.7558525825551405,0.8739695663072832,0.7638228028313406,4.573269259991666,0.8591641312711086
rf,37,79,0.48,13231,0.7504454108871877,0.8698726012125287,0.7566783423402511,4.623634386678253,0.8601203553232208
rf,37,79,0.49,13507,0.7546459811330853,0.872309656030183,0.7609241360034961,4.584556113393525,0.8520646296235831
rf,37,79,0.5,13782,0.7430747360414693,0.8654451264932759,0.7489952669709623,4.691417789993198,0.8650358166009812
rf,37,79,0.51,14058,0.7549156735582669,0.8732311770341026,0.7625326885443642,4.582035755225944,0.8515569190143694
rf,37,79,0.52,14334,0.7681768236459025,0.8801233474770184,0.7746171067741524,4.456348336612464,0.8352586790680167
rf,37,79,0.53,14609,0.760945067751939,0.8761553856221032,0.7676482597546163,4.525322750798156,0.8424852701632297
rf,37,79,0.54,14885,0.7606324809429273,0.8771880901423615,0.7694589454876039,4.5282804268245025,0.8337640252621189
rf,37,79,0.55,15161,0.7623491566164091,0.8788123353802617,0.7723111208165095,4.5120134400243765,0.8293232213720031
rf,37,79,0.56,15436,0.7616629178271703,0.8779440155611519,0.7707856944596401,4.518523172097804,0.8304001650080275
rf,37,79,0.57,15712,0.7606331167045381,0.8758446313310793,0.7671038182314741,4.528274413250102,0.8303547723346152
rf,37,79,0.58,15988,0.7553047735782394,0.8734082393609045,0.7628419525835151,4.578397051721793,0.8491224121141497
rf,37,79,0.59,16263,0.7636623869413904,0.877417744576126,0.7698618984970559,4.499529745183903,0.8212175996707319
rf,37,79,0.6,16539,0.768638237770493,0.881567644648647,0.7771615120913632,4.451911234421791,0.8026702711915851
rf,37,79,0.61,16815,0.7730001700413093,0.8845704265913857,0.7824648396000662,4.409744940521825,0.8027951774806309
rf,37,79,0.62,17090,0.7632881630699854,0.8795217832138187,0.7735585671476155,4.5030906794533285,0.811098250583614
rf,37,79,0.63,17366,0.7674563086452821,0.8817491215919737,0.7774815134282173,4.463268211648526,0.8008469142719523
rf,37,79,0.64,17642,0.7684745723035271,0.8816926838609487,0.7773819887739228,4.453485598552468,0.8085344781860873
rf,37,79,0.65,17917,0.7659622930869281,0.8797891975923585,0.774029032200206,4.477582760778811,0.8218027193249647
rf,37,79,0.66,18193,0.7755988721166784,0.8841497264481255,0.7817207387782952,4.384430824795147,0.8028696799351784
rf,37,79,0.67,18469,0.7692814282473566,0.8802173810350069,0.7747826378761266,4.44571872501625,0.812875530538734
rf,37,79,0.68,18744,0.7732155771340651,0.8828634858991932,0.7794479347340748,4.407652172898172,0.8007333103732044
rf,37,79,0.69,19020,0.7735915406325171,0.8831724708023062,0.7799936131830504,4.403997151816511,0.8089835520437315
rf,37,79,0.7,19296,0.777755075799859,0.8864093225968954,0.785721487186687,4.3633156342064465,0.8024015158375885
rf,37,79,0.71,19571,0.7700987749684095,0.8810322409746987,0.7762178096368996,4.437837006823724,0.8033573205927381
rf,37,79,0.72,19847,0.7823594590397903,0.8882611160484868,0.7890078102837033,4.317880343275682,0.7926831326683796
rf,37,79,0.73,20122,0.7822640386229647,0.8888512744499277,0.7900565880912608,4.318826786411437,0.797596404972405
rf,37,79,0.74,20398,0.7757571334741403,0.8848382630460958,0.7829387517504318,4.382884468129271,0.7973417300694079
rf,37,79,0.75,20674,0.7760954996411813,0.8847165300809889,0.7827233385985454,4.379576492928606,0.7962136104096573
rf,37,79,0.76,20949,0.7773928562581833,0.8852453923038721,0.7836594045952364,4.366869899269718,0.8157556103037424
rf,37,79,0.77,21225,0.7917111777145343,0.8933264903110845,0.79803221829152,4.224095096706149,0.7876394101545046
rf,37,79,0.78,21501,0.7873061402352087,0.8917736719919982,0.795260282058092,4.268528455490037,0.7985863168588824
rf,37,79,0.79,21776,0.7879125641283459,0.8910846841534787,0.794031914332905,4.262438986418022,0.7923700627658293
rf,37,79,0.8,22052,0.7923198204816195,0.8942465462670497,0.7996768855105466,4.217918947143007,0.7850726376373046
rf,37,79,0.81,22328,0.7917600939507237,0.8936310265195487,0.7985764115583824,4.223599057206586,0.7845595614848326
rf,37,79,0.82,22603,0.7890174653188942,0.8914670614993762,0.7947135217383325,4.251321581635593,0.7882358785476729
rf,37,79,0.83,22879,0.791932419726987,0.8931713179859823,0.7977550032728167,4.221851107835336,0.7795735993840905
rf,37,79,0.84,23155,0.7973958554245584,0.8967285486933226,0.8041220900416327,4.1660537350891085,0.777122917747162
rf,37,79,0.85,23430,0.792323411521919,0.8939969584956194,0.7992305617994183,4.217882480537405,0.7737053891932217
rf,37,79,0.86,23706,0.7992640271994633,0.898225590428944,0.806809211301425,4.146802084640656,0.7742248767552214
rf,37,79,0.87,23982,0.799119456000933,0.8965111351933817,0.8037322155257258,4.148295091189591,0.7717678665082587
rf,37,79,0.88,24257,0.7919904409547067,0.8928107095199299,0.7971109630334807,4.221262419141941,0.788375874338711
rf,37,79,0.89,24533,0.7979690454680082,0.8964249967970649,0.8035777748826178,4.160156442468976,0.7730530759547821
rf,37,79,0.9,24808,0.80080621615245,0.897706861916285,0.805877609931584,4.130842108325568,0.7730358900314657
rf,37,79,0.91,25084,0.7942394378332951,0.8937462449714315,0.798782350400534,4.198380281163133,0.777432024590213
rf,37,79,0.92,25360,0.7952422709108351,0.894578966724838,0.8002715277064789,4.188136779910627,0.7740862142486001
rf,37,79,0.93,25635,0.7946348213970039,0.8941219529129711,0.7994540666809054,4.1943445982682634,0.7763139180105664
rf,37,79,0.94,25911,0.7959622145982006,0.8941608780284154,0.7995236757965467,4.180767393276033,0.7695976737522993
rf,37,79,0.95,26187,0.7887692430278913,0.8904375879568899,0.792879098046484,4.253821699910897,0.7847752464597346
rf,37,79,0.96,26462,0.795024809280308,0.8943773050994219,0.7999107638769044,4.190360181608219,0.7736220169641942
rf,37,79,0.97,26738,0.7952539587340826,0.8945015231170023,0.8001329748586369,4.188017246203176,0.7734029194677008
rf,37,79,0.98,27014,0.7966023153373459,0.8949540049829923,0.8009426710350978,4.174204357793943,0.7739892903341131
rf,37,79,0.99,27289,0.79890035046142,0.8957837462183615,0.802428519989002,4.150556800330135,0.7723771456059481
rf,37,79,1.0,27565,0.8038961921424568,0.8988827767644137,0.8079902463637029,4.0986772202428075,0.7535726526323194
rf,38,80,0.01,276,-0.4582939050917214,0.2903837010346209,0.0843226938265641,11.176948118619757,4.559819747683524
rf,38,80,0.02,551,0.20901481026781155,0.546305070495271,0.298449230048843,8.231611792125774,2.6683047679983956
rf,38,80,0.03,827,0.3692531612318042,0.6517838132318439,0.4248221391910431,7.350692340632332,2.066587871584876
rf,38,80,0.04,1103,0.3927662125819731,0.6550188222974708,0.42904965756396557,7.212381136930497,1.834915239960974
rf,38,80,0.05,1378,0.47713972250714043,0.7023090262758098,0.4932379683884761,6.692579352243028,1.6784264994396179
rf,38,80,0.06,1654,0.5021764088762888,0.7188763743760918,0.5167832416361148,6.530379818504156,1.5478106678494217
rf,38,80,0.07,1930,0.4922867061890751,0.7077733519847289,0.5009431177796989,6.5949266890469,1.5196877954083516
rf,38,80,0.08,2205,0.46961147418489035,0.6976042653580121,0.48665171104569177,6.740587718742235,1.5574472682933995
rf,38,80,0.09,2481,0.558201213390861,0.749138060281603,0.5612078333624827,6.151952365382928,1.4058242565952446
rf,38,80,0.1,2756,0.5671379428397415,0.7554238158589434,0.5706651415668867,6.089413479196843,1.3729730673217233
rf,38,80,0.11,3032,0.5553591920021131,0.7484075986461937,0.5601139337113621,6.171707911227041,1.3816674618877771
rf,38,80,0.12,3308,0.5847853360398851,0.7669515895819022,0.5882147407622066,5.963991916355616,1.2815940945165876
rf,38,80,0.13,3583,0.6064389832904715,0.7790324408344567,0.6068915438724912,5.80639720232042,1.2483823559768683
rf,38,80,0.14,3859,0.6296631079613686,0.7939054914937541,0.6302859294239392,5.632473971379779,1.2144887415980112
rf,38,80,0.15,4135,0.6227863301627946,0.7893632327012036,0.6230943131404945,5.684528079103945,1.2035098336598624
rf,38,80,0.16,4410,0.5956264793990587,0.7724267999315017,0.5966431612524201,5.885617837611349,1.2158347643673255
rf,38,80,0.17,4686,0.6264193068493582,0.791627174171063,0.6266735828860625,5.65708776443695,1.15705775057925
rf,38,80,0.18,4962,0.6363823561692297,0.7979539934780556,0.6367305757075769,5.581143368912575,1.1511746578460784
rf,38,80,0.19,5237,0.6615901636142223,0.8138551623860534,0.6623602253424293,5.3842125211669885,1.1045901763804877
rf,38,80,0.2,5513,0.6655810781284606,0.8170450758376183,0.6675626559504995,5.352369976319591,1.086098863716939
rf,38,80,0.21,5789,0.6618615785816738,0.8141410959400183,0.662825724098414,5.382052937077614,1.0947233790422815
rf,38,80,0.22,6064,0.6888659696252797,0.8323698643847754,0.6928395911359295,5.16267114626835,1.0288021493222954
rf,38,80,0.23,6340,0.6734938040377867,0.8219192421306922,0.6755512405846915,5.288669382306457,1.0535773531315267
rf,38,80,0.24,6616,0.6900887312303596,0.833305218217558,0.694397586708612,5.152516470266771,1.028777853009136
rf,38,80,0.25,6891,0.6867064662996847,0.8319365652822498,0.692118448653627,5.18055656862991,1.0242443030329775
rf,38,80,0.26,7167,0.6924685231658492,0.8345337460584517,0.6964465733103523,5.132695397515161,1.026407120054261
rf,38,80,0.27,7443,0.6901940972869828,0.832341224323307,0.6927919137080217,5.151640499384791,1.027751420010804
rf,38,80,0.28,7718,0.695171976691031,0.8353180759282949,0.6977562879725486,5.110085299602083,1.0176985517800647
rf,38,80,0.29,7994,0.7087792375194639,0.8434314918242283,0.7113766814008432,4.994728337444638,0.985461726442926
rf,38,80,0.3,8270,0.7170459683865776,0.8491193095138776,0.7210036017893242,4.923326613423642,0.9623010341245205
rf,38,80,0.31,8545,0.7095915776332391,0.8450534486203959,0.7141153310252241,4.987757248611255,0.970052689395622
rf,38,80,0.32,8821,0.7295456687189785,0.8563747603513887,0.7333777301668984,4.813352580989098,0.945839386201172
rf,38,80,0.33,9096,0.7199485167898283,0.8512168471954001,0.7245701209492772,4.8980097268361895,0.9500421496486088
rf,38,80,0.34,9372,0.7198351972201178,0.8509421131867592,0.7241024799947472,4.899000587895064,0.9416731798083933
rf,38,80,0.35,9648,0.7208787596720643,0.8519724059142829,0.7258569804393716,4.8898681369199855,0.9355958940078826
rf,38,80,0.36,9923,0.7222602671582197,0.8517905454501454,0.7255471333182563,4.87775195201187,0.9359744244908941
rf,38,80,0.37,10199,0.7285893033416322,0.8559610260186743,0.7326692780629416,4.82185542398551,0.927296153973272
rf,38,80,0.38,10475,0.7269497584607661,0.8556046442916029,0.7320593073333603,4.836397491113448,0.9250931939732032
rf,38,80,0.39,10750,0.7307403316732641,0.8587206379885872,0.7374011341075263,4.802709937166069,0.9267351421970971
rf,38,80,0.4,11026,0.746511922171781,0.8668927249821315,0.7515029966269455,4.659930867842019,0.9021027461865577
rf,38,80,0.41,11302,0.743286478700266,0.864916155576954,0.7480799561780177,4.689484196512788,0.9205381664636214
rf,38,80,0.42,11577,0.7423983367945162,0.8644811827817889,0.7473277153838006,4.697589206561148,0.9173738709574705
rf,38,80,0.43,11853,0.7333982902686143,0.8580541851023575,0.7362569845716709,4.778946512696863,0.9440286646436209
rf,38,80,0.44,12129,0.7360381679212764,0.8602935312222967,0.7401049598629288,4.7552271973764375,0.9281422483283329
rf,38,80,0.45,12404,0.7415928485694215,0.8628461263033662,0.7445034376767246,4.704927861622401,0.9243971054778855
rf,38,80,0.46,12680,0.7434907439856984,0.8637755518343734,0.7461082039467762,4.687618129140488,0.921710072242243
rf,38,80,0.47,12956,0.744614592059155,0.8647963109759931,0.7478726594776866,4.677337888690306,0.9084096822500569
rf,38,80,0.48,13231,0.7477492344856178,0.8666993367015576,0.75116774023892,4.648544054241968,0.9204842247368172
rf,38,80,0.49,13507,0.7456423651835615,0.865433909887164,0.7489758523825838,4.667916660324084,0.9127020849519589
rf,38,80,0.5,13782,0.7402629696890903,0.8628708672967641,0.7445461336294699,4.717019157278294,0.9076837141442538
rf,38,80,0.51,14058,0.747760347302947,0.8676521287376505,0.7528202165029765,4.648441658140657,0.9046558793206604
rf,38,80,0.52,14334,0.751749094729947,0.8707686322500228,0.7582380109105754,4.611541540756473,0.9111738463512427
rf,38,80,0.53,14609,0.7466863228929927,0.8678654216421084,0.7531903900820347,4.658327567316897,0.9075206693468572
rf,38,80,0.54,14885,0.7556790124027482,0.8719621506246445,0.7603179921219553,4.574894593613975,0.8940862332734495
rf,38,80,0.55,15161,0.7527526604459416,0.8699811915205239,0.7568672735994705,4.602210916822538,0.9000190548433713
rf,38,80,0.56,15436,0.7647487783375408,0.8781820496435191,0.7712037123160922,4.489176164903529,0.8794527111264463
rf,38,80,0.57,15712,0.7480598460764458,0.8672352973770474,0.7520970610166559,4.645681156239683,0.9101193584376763
rf,38,80,0.58,15988,0.7536638423952348,0.8716756233091529,0.7598183922714002,4.593722812977281,0.8873411439303224
rf,38,80,0.59,16263,0.7566947297085297,0.8726851147362362,0.7615793094821978,4.565375069187052,0.8874207438730624
rf,38,80,0.6,16539,0.7589518030871916,0.8739628057527714,0.7638109858392564,4.54414989037302,0.8699503185084352
rf,38,80,0.61,16815,0.7664217737598125,0.8783708642081741,0.7715353750898146,4.473185235370851,0.8598493978325761
rf,38,80,0.62,17090,0.7651254519796031,0.8773473044104422,0.7697382925562691,4.485580791973442,0.8624980487391823
rf,38,80,0.63,17366,0.7620177854101493,0.8759480382398537,0.7672849656962482,4.515158033333318,0.8668545269234815
rf,38,80,0.64,17642,0.7662127893679123,0.8791179263361449,0.7728483284055636,4.4751858860857485,0.8507697338799953
rf,38,80,0.65,17917,0.7709879791956079,0.8812773626419851,0.7766497899052129,4.429246433822777,0.8520775678802522
rf,38,80,0.66,18193,0.7660559344495734,0.8786351317848498,0.7719996948065803,4.476686903214947,0.8517274291766648
rf,38,80,0.67,18469,0.7805472949580657,0.8875090739868062,0.7876723564089183,4.3358192970284195,0.8221825949170894
rf,38,80,0.68,18744,0.7814735500487908,0.8858627752292447,0.7847528565368593,4.326659415917352,0.8272769105300979
rf,38,80,0.69,19020,0.7753084146116099,0.8830426809397951,0.7797643763613408,4.3872674393562,0.8314476930980164
rf,38,80,0.7,19296,0.7757366398734726,0.8827447888999173,0.7792383623299595,4.3830847399001325,0.8310768551762584
rf,38,80,0.71,19571,0.780119946889505,0.8860119040529232,0.7850170941234863,4.340038891456764,0.824216697607163
rf,38,80,0.72,19847,0.7758565231739872,0.8827743658840964,0.7792905810620685,4.381913061863958,0.8301621856224998
rf,38,80,0.73,20122,0.7820434036259183,0.8868678601488181,0.7865346013649437,4.321014397173107,0.8254971933952003
rf,38,80,0.74,20398,0.7784766958755351,0.8840902027044366,0.7816154865179719,4.356226122001738,0.8246633020482297
rf,38,80,0.75,20674,0.7869484221005193,0.8886849885667595,0.7897610089039014,4.272116449433553,0.8039477480672214
rf,38,80,0.76,20949,0.777303653068449,0.8841036557892644,0.7816392741799422,4.367744758228479,0.8212879709266699
rf,38,80,0.77,21225,0.77911982172609,0.8846568190626384,0.7826176875140257,4.349898033860859,0.8084833361957314
rf,38,80,0.78,21501,0.7784153741050434,0.8845318239478888,0.7823965475765788,4.356829022485133,0.8213212178936391
rf,38,80,0.79,21776,0.7813789843362265,0.8869700499632118,0.7867158695317424,4.3275954796657,0.8147289137403526
rf,38,80,0.8,22052,0.786475049105467,0.8891728893044369,0.7906284270740005,4.276859860630874,0.8023068569820374
rf,38,80,0.81,22328,0.7820737358329672,0.8863184817545122,0.7855604510996236,4.32071371697842,0.8191371310615743
rf,38,80,0.82,22603,0.7843897062434724,0.8875636336305577,0.7877692037434788,4.2976936066947005,0.797463344187079
rf,38,80,0.83,22879,0.7899617085013878,0.8904097043836284,0.7928294416605406,4.24179761098909,0.7998016545571179
rf,38,80,0.84,23155,0.7862193108244684,0.8885861645103766,0.7895853717592621,4.279420286198951,0.7962165259796182
rf,38,80,0.85,23430,0.7869139962262429,0.8895142265646788,0.7912355592609588,4.272461589808933,0.7924766536310277
rf,38,80,0.86,23706,0.7902164625535545,0.8916207999791759,0.7949876509555055,4.239224406387313,0.78543080167345
rf,38,80,0.87,23982,0.78476353537601,0.8889066221065755,0.7901549828249221,4.293966279861588,0.798404829733099
rf,38,80,0.88,24257,0.7965544848565441,0.8948821133250019,0.8008139967490215,4.1746951265693255,0.7750303592568258
rf,38,80,0.89,24533,0.7954211534953233,0.8947462180184391,0.8005707946583002,4.186306938287861,0.7764997389315436
rf,38,80,0.9,24808,0.7935124043077686,0.8930319221793195,0.7975060140312902,4.205791010499076,0.7818385689834418
rf,38,80,0.91,25084,0.7976334824985358,0.8950597144205761,0.8011318923786432,4.163609911430669,0.7744201331529953
rf,38,80,0.92,25360,0.8001149455430081,0.896752488917139,0.8041650263790835,4.138003618488349,0.7620174514555212
rf,38,80,0.93,25635,0.7905803450507287,0.8915284902543195,0.7948230489351462,4.235546212455821,0.7874114067860228
rf,38,80,0.94,25911,0.7996794058863368,0.8967126864144725,0.8040936419766602,4.142509418051321,0.7708426808994707
rf,38,80,0.95,26187,0.8050290100115627,0.8999372081058877,0.8098869785334198,4.0868218167764985,0.7610413635013356
rf,38,80,0.96,26462,0.7937186077380708,0.8933131240724894,0.7980083376401509,4.20369048442988,0.7747496339665018
rf,38,80,0.97,26738,0.7986568455024822,0.896129911679101,0.8030488186059934,4.153068926533464,0.7707733975501917
rf,38,80,0.98,27014,0.8035056099847624,0.8995311727432835,0.809156330736907,4.102756880614771,0.766597250381324
rf,38,80,0.99,27289,0.7903470054272186,0.8909360646596162,0.7937670713111638,4.237905221237317,0.7802692328764275
rf,38,80,1.0,27565,0.8002819225861908,0.8966854556919907,0.8040448064495529,4.136274885016183,0.7653522459686566
rf,39,81,0.01,276,0.1356037509896666,0.45631441117417837,0.20822284184523712,8.605124170276516,1.9871942444479023
rf,39,81,0.02,551,0.4500952384813871,0.6965288891715427,0.4851524934505431,6.863481142138054,1.6307309348026535
rf,39,81,0.03,827,0.4860231046533119,0.7317120754926226,0.5354025614217215,6.635482422272745,1.4463177174612631
rf,39,81,0.04,1103,0.5691536202806339,0.755506226738682,0.5707896586409207,6.075218869452807,1.5059029192039657
rf,39,81,0.05,1378,0.5781524345663785,0.7612185942712274,0.5794537482642635,6.011439466009974,1.4058091942016044
rf,39,81,0.06,1654,0.5957716436706744,0.7728884675795112,0.5973565833174052,5.884561316753407,1.4108507029092565
rf,39,81,0.07,1930,0.5965650711801113,0.7730256867233808,0.5975687123341544,5.878783312691927,1.3507193427347388
rf,39,81,0.08,2205,0.6167674545092741,0.7868252667882389,0.6190940004563834,5.729700173554173,1.299025193661958
rf,39,81,0.09,2481,0.6412015978670002,0.8022906177786964,0.6436702353757223,5.5440348912034905,1.2276005993874124
rf,39,81,0.1,2756,0.6438470648980181,0.8054243209867584,0.6487083368369808,5.523558634653188,1.2042722059871735
rf,39,81,0.11,3032,0.6342404919588519,0.8014256502378676,0.642283072859189,5.597556900363533,1.1993054348262053
rf,39,81,0.12,3308,0.6375143188913974,0.8033112800287951,0.6453090126215013,5.57244938662733,1.1780469164658292
rf,39,81,0.13,3583,0.6546544515412143,0.8142549473222637,0.6630111192387824,5.439107417416672,1.1158326994125982
rf,39,81,0.14,3859,0.6614731410908725,0.8209654253664397,0.6739842296470993,5.38514337424373,1.1080693893252191
rf,39,81,0.15,4135,0.6570164168895037,0.8153327601274079,0.6647675097369772,5.420475317997976,1.1061870449544557
rf,39,81,0.16,4410,0.656958972108312,0.8160625786580485,0.6659581322860236,5.420929224536358,1.0743935581534814
rf,39,81,0.17,4686,0.6663122556436955,0.8236459170565016,0.6783925966838454,5.346515531768,1.0699372870843604
rf,39,81,0.18,4962,0.6759800845154996,0.8292117309553703,0.6875920947540014,5.268494813881477,1.0438051632375847
rf,39,81,0.19,5237,0.6674367396823659,0.8262949640010665,0.6827633675335237,5.3374994006613115,1.0509819582562707
rf,39,81,0.2,5513,0.6768673080751516,0.8299478271919284,0.688813395860603,5.261276836414693,1.0114079141044132
rf,39,81,0.21,5789,0.6821416067392889,0.8329697447217033,0.6938385956217396,5.218161864612859,1.0189758460453282
rf,39,81,0.22,6064,0.6876201950335938,0.838307339373244,0.7027591952470472,5.172996438335076,0.9983825211688806
rf,39,81,0.23,6340,0.675732605200577,0.8290810347060682,0.6873753621092846,5.270506410326898,0.9962848192248905
rf,39,81,0.24,6616,0.6839584299923962,0.8314329152633222,0.6912806925832667,5.203227440886383,0.9922632381708678
rf,39,81,0.25,6891,0.6975287758915478,0.8421745656026288,0.7092579989479766,5.090292476865977,0.9577657063082573
rf,39,81,0.26,7167,0.6970474827765769,0.8425841492077477,0.709948048496144,5.0943407114096795,0.9475465667883305
rf,39,81,0.27,7443,0.6961523498463096,0.8410060137107883,0.7072911150977107,5.101861277173894,0.9495119844881883
rf,39,81,0.28,7718,0.700754748189137,0.8457655984554956,0.7153194475307826,5.063074743877089,0.9405518135194735
rf,39,81,0.29,7994,0.7196178927386712,0.8553157164550493,0.7315649748150144,4.900900127777553,0.9270950597446025
rf,39,81,0.3,8270,0.7193866222597531,0.85541256096211,0.7317306494517556,4.902920941269655,0.9197098407027912
rf,39,81,0.31,8545,0.7344253505375073,0.8636058440681836,0.7458150539087199,4.76973238876729,0.8940916132744242
rf,39,81,0.32,8821,0.7368157516556684,0.8644572291172621,0.7472863009730946,4.748218012721308,0.8912643512351353
rf,39,81,0.33,9096,0.7314658821696631,0.86265330530819,0.7441707251591452,4.796234850892997,0.8967705768005935
rf,39,81,0.34,9372,0.7370932510059907,0.8650615986935485,0.748331569534238,4.74571411112163,0.8858665174361187
rf,39,81,0.35,9648,0.7390437470117994,0.868217532566443,0.7538016838557624,4.728077194529061,0.8794345861250986
rf,39,81,0.36,9923,0.739176022740351,0.8679541680537228,0.7533444378418301,4.726878738615946,0.8776747448163522
rf,39,81,0.37,10199,0.737600278693106,0.8665967100572668,0.7509898578820785,4.741135739323525,0.8824795381434299
rf,39,81,0.38,10475,0.7387485386534831,0.8668508676978698,0.7514304268285498,4.730750771749351,0.867135097157511
rf,39,81,0.39,10750,0.7429957565011214,0.8695446573972707,0.7561079112081369,4.692138812021393,0.8584049854117406
rf,39,81,0.4,11026,0.7413867822005256,0.8695194104284201,0.7560640051117873,4.706803456366987,0.8594071470053141
rf,39,81,0.41,11302,0.7409668170761818,0.8674910713395141,0.7525407588537779,4.710623623550499,0.8726422425824223
rf,39,81,0.42,11577,0.7497528343568847,0.8717101926488214,0.7598786599678454,4.630045813550172,0.8616100941847293
rf,39,81,0.43,11853,0.7430269686754236,0.8695004013153435,0.7560309478875433,4.691853882287879,0.8663594561244005
rf,39,81,0.44,12129,0.7429799531618262,0.8689560758283239,0.7550846617189598,4.692283070965892,0.8753242212619069
rf,39,81,0.45,12404,0.7533702283022299,0.8721109125848175,0.7605774438495233,4.596459682988997,0.8700432851972709
rf,39,81,0.46,12680,0.7418911697460968,0.8656271596082002,0.7493103794513606,4.702211247672608,0.8870189409895519
rf,39,81,0.47,12956,0.7495397740346008,0.8702289329667883,0.7572983957725149,4.6320164036427185,0.8693150662193132
rf,39,81,0.48,13231,0.7501254504947505,0.8697370770209368,0.756442583144923,4.626597477828064,0.8596855394738614
rf,39,81,0.49,13507,0.7553951690113729,0.8735865555023722,0.7631534699544992,4.577551296738491,0.8559838462696762
rf,39,81,0.5,13782,0.7467139416129093,0.8684253753175515,0.7541626324954301,4.6580736123135935,0.8669470414230795
rf,39,81,0.51,14058,0.7503765475885376,0.8697095428750913,0.7563946889680002,4.624272276677915,0.8671879369423927
rf,39,81,0.52,14334,0.7516696333258952,0.8702867227266535,0.7573989797542992,4.612279524464947,0.8754257041034059
rf,39,81,0.53,14609,0.7531947090879112,0.8716285118900554,0.7597362627396724,4.598094975232047,0.8629835018385792
rf,39,81,0.54,14885,0.7577802195978605,0.8744467503091657,0.7646571191262604,4.55517962997314,0.8583749695787624
rf,39,81,0.55,15161,0.7506325054382226,0.8701852290972166,0.7572223329389753,4.621900860158284,0.8629685642406711
rf,39,81,0.56,15436,0.7544173251058908,0.8720047213035143,0.7603922339756196,4.586691889016966,0.8502234088542737
rf,39,81,0.57,15712,0.7576896986550002,0.8750356023906876,0.7656873054512334,4.556030717851425,0.8401058048408481
rf,39,81,0.58,15988,0.7598801265936922,0.8767118950161946,0.768623746862887,4.535391246741783,0.831071070669853
rf,39,81,0.59,16263,0.760180374640987,0.87605237583141,0.7674677651998582,4.532554812805061,0.8293649067947533
rf,39,81,0.6,16539,0.7574122276990806,0.8728815201769323,0.7619221482663923,4.558638540336649,0.8361385656779408
rf,39,81,0.61,16815,0.7572788345392001,0.8734666740280393,0.7629440306376052,4.5598917107318195,0.8371703038850377
rf,39,81,0.62,17090,0.7602028741282287,0.875695354793603,0.7668423544070944,4.532342189357239,0.8268563796583005
rf,39,81,0.63,17366,0.7610804834715681,0.8757556987691203,0.7669480439265902,4.524040855800736,0.8257375284614406
rf,39,81,0.64,17642,0.7636912109375738,0.8783372184132454,0.7714762692499172,4.499255353009962,0.8160394031326368
rf,39,81,0.65,17917,0.7611508790347565,0.876159114386325,0.7676547937222293,4.523374322001408,0.8269543642491798
rf,39,81,0.66,18193,0.7640013757192098,0.8782158659945914,0.7712631072846302,4.496301656754498,0.8079501071543811
rf,39,81,0.67,18469,0.76277270549359,0.8776786482819346,0.7703198096500039,4.507990920167293,0.8101289124848359
rf,39,81,0.68,18744,0.7650825605025211,0.8784539636161145,0.7716813661928618,4.48599033912259,0.8212859253013973
rf,39,81,0.69,19020,0.7594837856455956,0.8747022351030411,0.7651040000942558,4.539132753204435,0.8180640285496971
rf,39,81,0.7,19296,0.7593600029038082,0.8745173013098345,0.7647805102902359,4.540300645410549,0.8239677942466606
rf,39,81,0.71,19571,0.7686661531314887,0.8801404457521026,0.7746472042487098,4.451642649723603,0.8166050908415091
rf,39,81,0.72,19847,0.7676529964726934,0.879760396006011,0.7739783543806532,4.461380273452708,0.8085490027117305
rf,39,81,0.73,20122,0.7694142700005308,0.8813061697008305,0.7767005647527491,4.444438676125355,0.8126320301833132
rf,39,81,0.74,20398,0.7692394054423213,0.8804598334345594,0.775209518291612,4.44612357553113,0.8026727878867104
rf,39,81,0.75,20674,0.7667929509372688,0.8790208260206676,0.7726776125780567,4.469629671928573,0.8003809336650336
rf,39,81,0.76,20949,0.7776524450671007,0.886182427324878,0.7853192944994126,4.364322988132833,0.7926551704009033
rf,39,81,0.77,21225,0.7785755619292312,0.8859435001727439,0.7848958854983327,4.355253919660183,0.7894014255498117
rf,39,81,0.78,21501,0.7726447334477827,0.8833438449844961,0.7802963484719936,4.413195981976239,0.7929790913842661
rf,39,81,0.79,21776,0.778399864457421,0.8866009837225209,0.7860613043377418,4.356981496286576,0.7893652844306157
rf,39,81,0.8,22052,0.7766680965330918,0.8848387727216961,0.7829396537116373,4.373972904770959,0.7886703500652502
rf,39,81,0.81,22328,0.7769247846526426,0.8850534829372485,0.7833196676593545,4.371458553580476,0.7915925299072444
rf,39,81,0.82,22603,0.7732489349684235,0.8830238249306228,0.7797310753951072,4.407327999094032,0.8001199565454722
rf,39,81,0.83,22879,0.7850662151535015,0.8894044778109179,0.7910403251501116,4.2909459877101055,0.7761659020866561
rf,39,81,0.84,23155,0.7843951408502992,0.8894026179754905,0.7910370168616563,4.297639443181013,0.773744500478342
rf,39,81,0.85,23430,0.7863854640522706,0.8902053350409881,0.7924655385354379,4.277756951434018,0.7793903304516558
rf,39,81,0.86,23706,0.7765926706746962,0.8848238459377167,0.7829132383400121,4.374711453104964,0.788805554635124
rf,39,81,0.87,23982,0.7854591580909218,0.8898174811169769,0.7917751497013615,4.28702182971951,0.7788149156211632
rf,39,81,0.88,24257,0.7872985328463417,0.8907073588637452,0.7933595991340285,4.268604790710841,0.7735648592025989
rf,39,81,0.89,24533,0.7877997375231772,0.8909935047357544,0.7938694254813029,4.263572605144484,0.7713098620971807
rf,39,81,0.9,24808,0.7876751349624852,0.8906285199228992,0.7932191605000539,4.264824191957054,0.773662421145748
rf,39,81,0.91,25084,0.7865416896800483,0.8905450311892255,0.7930704525758185,4.276192410202487,0.7734818208943616
rf,39,81,0.92,25360,0.7980078358166003,0.8960175092544823,0.8028473768906063,4.1597570441051275,0.7624255118041529
rf,39,81,0.93,25635,0.7991949745416664,0.8969760615670955,0.8045660550244179,4.147515267932678,0.7570779815706987
rf,39,81,0.94,25911,0.7995616936152851,0.8963471580435757,0.8034382277327948,4.143726348792484,0.7552257656364245
rf,39,81,0.95,26187,0.7995924190203144,0.8969259855665181,0.8044762235844699,4.1434087384708,0.7551703995299062
rf,39,81,0.96,26462,0.7963561295035332,0.8953064330070654,0.8015736089838348,4.176729753345358,0.767274598496872
rf,39,81,0.97,26738,0.7868785708106942,0.8892325790684363,0.7907345796767029,4.27281672208994,0.7812555075976366
rf,39,81,0.98,27014,0.7971368153516855,0.8950522185127014,0.8011184738645086,4.16871614394617,0.7704076368580041
rf,39,81,0.99,27289,0.7928045661127575,0.8923855089913095,0.7963518966576786,4.212993555935201,0.7719793789016386
rf,39,81,1.0,27565,0.7987717207071778,0.8955813487393246,0.8020659522097477,4.151884002434228,0.7652288412036766
rf,40,82,0.01,276,0.309632951988999,0.6050674618577507,0.36610663339898064,7.6902548381233995,2.1963930010947093
rf,40,82,0.02,551,0.39417939430087257,0.6583293061419823,0.4333974753253838,7.203983759882458,1.74872362554854
rf,40,82,0.03,827,0.4787639459529167,0.7208856027872195,0.5196760523058928,6.682176286847166,1.5750144902845322
rf,40,82,0.04,1103,0.5694726595227653,0.7644176489208448,0.584334341981672,6.072969120748086,1.380389010418031
rf,40,82,0.05,1378,0.5890672387973002,0.7754039360818091,0.6012512640911624,5.933160378430725,1.3265352177025913
rf,40,82,0.06,1654,0.5967608323053899,0.7824010645640519,0.6121514258309617,5.8773568411656445,1.2597021645157538
rf,40,82,0.07,1930,0.5995069974320242,0.7846225604898605,0.6156325624296647,5.857309475478224,1.2443874717063854
rf,40,82,0.08,2205,0.6146513412469676,0.7966336075187394,0.6346251046283209,5.745497374685643,1.1904672429296166
rf,40,82,0.09,2481,0.6124594632719584,0.7949676389940326,0.6319735470477464,5.7618145093615825,1.176756398433782
rf,40,82,0.1,2756,0.6396333550718414,0.8116603275946173,0.6587924873910014,5.556137666779587,1.1112057354235452
rf,40,82,0.11,3032,0.6457676232582352,0.8139765259561575,0.6625577848076553,5.508645579443244,1.0952096821302064
rf,40,82,0.12,3308,0.6472939036125775,0.8160955695832273,0.6660119786933721,5.496765223151805,1.1007748016696817
rf,40,82,0.13,3583,0.6506632927624044,0.8210087077834477,0.6740552982562467,5.470447013975071,1.0702693252705766
rf,40,82,0.14,3859,0.6651782242511368,0.8235622235703411,0.6782547360921246,5.3555928412360565,1.054598371896331
rf,40,82,0.15,4135,0.6656173648306898,0.8269851639197172,0.6839044613433215,5.352079584371536,1.0433442435384426
rf,40,82,0.16,4410,0.6892628908866507,0.8375467234911178,0.701484514030707,5.159377022665999,1.026953963812686
rf,40,82,0.17,4686,0.6909211226083027,0.8379018664794516,0.7020795378497489,5.145592239866688,1.0143729499066432
rf,40,82,0.18,4962,0.6904991044986439,0.8376588112928689,0.7016722841365821,5.149103952439998,1.0100547770286856
rf,40,82,0.19,5237,0.6901231837542572,0.8318304150207165,0.6919418393535375,5.152230062271015,1.0650929499333575
rf,40,82,0.2,5513,0.6904824938645457,0.8326340684049931,0.6932794918686507,5.149242124470166,1.04232992633714
rf,40,82,0.21,5789,0.6864506422043763,0.8300926160556344,0.6890537512300869,5.182671263979503,1.0493356727641272
rf,40,82,0.22,6064,0.7013151775918385,0.8394996460954751,0.704759655794428,5.058331434325264,1.014748949804153
rf,40,82,0.23,6340,0.6946967406380091,0.835834069047892,0.6986185909811563,5.114067136564249,1.0193091561928638
rf,40,82,0.24,6616,0.697847288737776,0.8383713467328604,0.7028665150226701,5.087611642346441,1.0337499728656014
rf,40,82,0.25,6891,0.6957129401640518,0.8342625541278341,0.6959940092198974,5.105548976139125,1.0543062607150147
rf,40,82,0.26,7167,0.7085557363507055,0.8420987037632052,0.7091302268796704,4.9966446045209425,1.035345967396654
rf,40,82,0.27,7443,0.7136124340674423,0.8449985372558843,0.714022527964584,4.953107842424454,1.0145474449666811
rf,40,82,0.28,7718,0.7130337189832165,0.8449844185504335,0.7139986675930142,4.958109790731557,1.0018971359940443
rf,40,82,0.29,7994,0.7316112791424149,0.8559747192618092,0.7326927200153331,4.794936221775187,0.9869667623404754
rf,40,82,0.3,8270,0.7260715722497008,0.8528378455491662,0.7273323908009435,4.8441686764259995,0.9710419260734894
rf,40,82,0.31,8545,0.7242621767246563,0.8513535097653612,0.7248027985897989,4.86014107984469,0.9900971109308246
rf,40,82,0.32,8821,0.7265046697367064,0.8536313128967937,0.7286864183579037,4.840337699080698,0.979589502057952
rf,40,82,0.33,9096,0.7278332320682326,0.8544626944056857,0.7301064961310242,4.828566896679963,0.9677715788032522
rf,40,82,0.34,9372,0.7357857090946294,0.859164853235165,0.7381642450346027,4.75750065517255,0.9362792196981491
rf,40,82,0.35,9648,0.7304635368200538,0.8558836179033896,0.7325367673953954,4.805177859551095,0.947547804670518
rf,40,82,0.36,9923,0.7363366759457055,0.8597653343961519,0.7391964302293269,4.75253765130776,0.9337784506528393
rf,40,82,0.37,10199,0.7265383127287782,0.8553123775458181,0.7315592631830802,4.840039982021181,0.9432998120160629
rf,40,82,0.38,10475,0.7306207784157356,0.8575825232739309,0.7354477842248822,4.80377603796884,0.9221109362739411
rf,40,82,0.39,10750,0.7433111545987952,0.8656849401135445,0.749410415539391,4.689258809052697,0.9161946729899207
rf,40,82,0.4,11026,0.741147983750684,0.8639004450379293,0.7463239789367323,4.708976040648693,0.911118174255931
rf,40,82,0.41,11302,0.7403103655854539,0.863453216597212,0.7455514572520718,4.716588765141425,0.9098433540859304
rf,40,82,0.42,11577,0.7442673973651855,0.8661728228358119,0.7502553590193587,4.680516213068081,0.898668607576099
rf,40,82,0.43,11853,0.7419895258009856,0.8646346940286175,0.747593154117961,4.701315239939723,0.9062261953716667
rf,40,82,0.44,12129,0.748962281999012,0.8678172631415011,0.7531068022064054,4.637353403602111,0.8922259643818571
rf,40,82,0.45,12404,0.740432565375186,0.8641503209362684,0.7467557771742557,4.715478913420823,0.8928476099231449
rf,40,82,0.46,12680,0.7433357481090537,0.8662343942522416,0.7503620257855479,4.68903416334025,0.8989572293682835
rf,40,82,0.47,12956,0.7420264040572008,0.8656405481103515,0.7493335585327898,4.700979240976398,0.8981417528916662
rf,40,82,0.48,13231,0.7409020031605106,0.8648524694253011,0.7479697938710415,4.711212920378664,0.8771317031453926
rf,40,82,0.49,13507,0.7457178055637628,0.8669630702704797,0.7516249652128167,4.667224376165041,0.8815484155997321
rf,40,82,0.5,13782,0.741682608377912,0.864773566468612,0.747833321262843,4.704110643326879,0.8784295178048361
rf,40,82,0.51,14058,0.7509341842042684,0.8720402395950884,0.7604541794730592,4.619104282134971,0.8604862949816792
rf,40,82,0.52,14334,0.7548208304961581,0.8726980920373996,0.7616019598457175,4.582922250647994,0.8571808456259261
rf,40,82,0.53,14609,0.7470558952505182,0.8682633684174641,0.753881276935641,4.654928190094051,0.8705038082317826
rf,40,82,0.54,14885,0.7572983387043499,0.8757564194536002,0.7669493062141901,4.559708499128593,0.8529878362908944
rf,40,82,0.55,15161,0.7611202773100705,0.8773661006885687,0.7697712746374636,4.523664083633424,0.8443455891172651
rf,40,82,0.56,15436,0.7588452247805499,0.8756330952807085,0.7667333175508744,4.545154366417398,0.8505859785275612
rf,40,82,0.57,15712,0.7588638154073226,0.876297975173742,0.7678981412936001,4.544979170017264,0.8409819665324705
rf,40,82,0.58,15988,0.7721011503744768,0.8832824333777964,0.7801878571138015,4.418468581285281,0.8220663814295904
rf,40,82,0.59,16263,0.7627171055635643,0.8780431047391895,0.7709596937800353,4.508519167340213,0.8361313712504939
rf,40,82,0.6,16539,0.7559752563481663,0.8735838367531892,0.7631487198364226,4.572120178050723,0.8405638080611059
rf,40,82,0.61,16815,0.7686423538869432,0.8812422790432358,0.7765879543733163,4.451871632660477,0.8289321506249363
rf,40,82,0.62,17090,0.7667018689984662,0.8800443296877482,0.774478022215558,4.470502421692988,0.845742538731341
rf,40,82,0.63,17366,0.7674125172915055,0.8808398267366095,0.7758788003653804,4.463688440972627,0.8353733968245166
rf,40,82,0.64,17642,0.7702134939731742,0.8830328387761767,0.7797469943571133,4.4367296448026625,0.8206228200068734
rf,40,82,0.65,17917,0.767983433714271,0.8815738033057761,0.7771723706750111,4.458206721211276,0.8311789975908529
rf,40,82,0.66,18193,0.7760775601765375,0.885851207851445,0.7847323624518641,4.379751937557596,0.8165953461672616
rf,40,82,0.67,18469,0.7639738362818692,0.8806694282645161,0.7755786418797497,4.496563993041258,0.828523153229272
rf,40,82,0.68,18744,0.7655872835715042,0.8801129783163942,0.7745988546009538,4.481168644571605,0.8339044675808508
rf,40,82,0.69,19020,0.7660451450688814,0.8810021321530415,0.7761647568582052,4.4767901332802955,0.8184009086572437
rf,40,82,0.7,19296,0.7686354456213464,0.880725439233262,0.7756772993126222,4.451938097898561,0.8300457602855714
rf,40,82,0.71,19571,0.7684064041117438,0.8804167781839517,0.7751337033078096,4.454141171723053,0.8346850530722247
rf,40,82,0.72,19847,0.7642023112429073,0.8768347160793648,0.7688391193219803,4.49438711356238,0.8349064881022463
rf,40,82,0.73,20122,0.7694200894630483,0.8802966661919175,0.7749222205086042,4.444382591979388,0.8169133882241915
rf,40,82,0.74,20398,0.7643057739153363,0.8777124461149777,0.7703791380651376,4.493400987864228,0.8259411566041678
rf,40,82,0.75,20674,0.7670378947465339,0.8793058168944691,0.7731787196244496,4.467281767458863,0.8221075585031304
rf,40,82,0.76,20949,0.7752134263806301,0.8842554722977283,0.7819077402884785,4.388194698686965,0.8089496671987119
rf,40,82,0.77,21225,0.7645554401167478,0.877595449361382,0.770173772739806,4.491020472183824,0.8277262922130842
rf,40,82,0.78,21501,0.7668644950994896,0.8789903332212903,0.772624005896475,4.468944014181762,0.8177467680969008
rf,40,82,0.79,21776,0.7709928469989252,0.8811930536399302,0.7765011977832649,4.429199360278382,0.8082643559249519
rf,40,82,0.8,22052,0.7671039636009309,0.8791021438383881,0.77282057930125,4.466648254301108,0.8277359945246421
rf,40,82,0.81,22328,0.758956687745791,0.8741027757158853,0.7640556625142154,4.544103848266973,0.8297108334498515
rf,40,82,0.82,22603,0.7782064706686135,0.8860691523676636,0.7851185427775499,4.358882283479539,0.8082576328542623
rf,40,82,0.83,22879,0.7739254635304096,0.8826338838503813,0.7790425729208085,4.400748293249917,0.8123411131081548
rf,40,82,0.84,23155,0.7745705253073867,0.8829646193452947,0.7796265190155811,4.394465448623853,0.8059417389276575
rf,40,82,0.85,23430,0.7741540072935813,0.8826773119855716,0.7791192370940742,4.398523323761622,0.8067961301654887
rf,40,82,0.86,23706,0.7795273566326302,0.8869821890755769,0.7867374037373025,4.345883292126352,0.7901317226750578
rf,40,82,0.87,23982,0.7825031072585369,0.8881812474035218,0.7888659282392759,4.316455153379475,0.7829489050612068
rf,40,82,0.88,24257,0.785325354012505,0.8885791636528187,0.7895729300779428,4.288358478698256,0.7960486409057604
rf,40,82,0.89,24533,0.7862419408270329,0.8896209018808359,0.7914253490632718,4.279193778707969,0.781428220211854
rf,40,82,0.9,24808,0.7904574432354149,0.8916506419591672,0.795040867306195,4.236788884654732,0.7834072689622557
rf,40,82,0.91,25084,0.7922345575216965,0.8923643445332093,0.7963141233941844,4.218784690207324,0.779950826302649
rf,40,82,0.92,25360,0.794875930584672,0.8938306814762448,0.7989332871482882,4.191881687982989,0.7683988072679201
rf,40,82,0.93,25635,0.7969263433974434,0.8955394091675433,0.8019908333721525,4.170878119211471,0.7673276003386061
rf,40,82,0.94,25911,0.7976115856901238,0.8951114267135396,0.8012244662331484,4.16383516436175,0.7696653816824709
rf,40,82,0.95,26187,0.7951959871508678,0.8939621934087167,0.7991684032441239,4.188610099685667,0.7666959365358813
rf,40,82,0.96,26462,0.7993430911743752,0.8969525294902548,0.8045238401589665,4.145985352737487,0.7659246510957645
rf,40,82,0.97,26738,0.7941890290130873,0.8931894768144301,0.7977874414920353,4.198894525569583,0.7691513587281278
rf,40,82,0.98,27014,0.7992628254323189,0.8972861034839539,0.8051223515054168,4.146814497669999,0.7531792902032411
rf,40,82,0.99,27289,0.7977178845500477,0.8954444486752108,0.8018207606632521,4.162741551703842,0.7534356147803362
rf,40,82,1.0,27565,0.7981465987623921,0.8951876221287098,0.8013608788124538,4.158327980479997,0.7612180963727426
rf,41,83,0.01,276,0.22015745501995998,0.5397138105333457,0.2912909972804241,8.173426604002595,2.19091276806893
rf,41,83,0.02,551,0.38811156476568753,0.6768229759265536,0.45808934074207613,7.239971009901972,1.6944712641016801
rf,41,83,0.03,827,0.452810469339059,0.6914873627986292,0.4781547729102031,6.846515479680302,1.8820350747456733
rf,41,83,0.04,1103,0.5120655465045845,0.7243878175520967,0.5247377102178897,6.465192303365605,1.5896623265495269
rf,41,83,0.05,1378,0.5427324975005992,0.7525082343481898,0.5662686427618302,6.258725055487294,1.5138400409350883
rf,41,83,0.06,1654,0.5629374935432543,0.7665590032283991,0.5876127054305168,6.118887672147655,1.399244719841799
rf,41,83,0.07,1930,0.5774313605372949,0.776538279906308,0.6030117001598475,6.016575020253426,1.3289554784506705
rf,41,83,0.08,2205,0.5941445995519303,0.7839145026096859,0.6145219474017912,5.896392285120559,1.2988334277435374
rf,41,83,0.09,2481,0.5918815208561388,0.7782150540462865,0.6056186703442646,5.912808784268095,1.2794259994126538
rf,41,83,0.1,2756,0.5983825934922489,0.7837551859935462,0.6142721915717783,5.865526055629067,1.2523284420127299
rf,41,83,0.11,3032,0.611782421093658,0.7899174540764019,0.6239695842545445,5.766845323925705,1.2372114000520928
rf,41,83,0.12,3308,0.6161478204535233,0.7982762290606906,0.6372449378833562,5.734330369324893,1.2032517473117972
rf,41,83,0.13,3583,0.6231213139044216,0.8006943032029953,0.6411113671817301,5.6820034523658425,1.1671965694591613
rf,41,83,0.14,3859,0.6350375357892508,0.814308033714317,0.6630975737716773,5.591454623714686,1.1495017193378687
rf,41,83,0.15,4135,0.6494765589783069,0.8224986997412521,0.6765041110760504,5.4797309798792835,1.1033551817985503
rf,41,83,0.16,4410,0.6471194876129376,0.8149750545901807,0.664184339604268,5.4981241524645394,1.1126819443518907
rf,41,83,0.17,4686,0.6566029587435992,0.8149048405119929,0.6640698990898765,5.423741457811273,1.1139994322819708
rf,41,83,0.18,4962,0.6682176236991131,0.8256816315285223,0.6817501566436024,5.331229289042332,1.0683850417573977
rf,41,83,0.19,5237,0.6701227859296524,0.8263061805159239,0.6827819039588146,5.315900748241613,1.0620083013500452
rf,41,83,0.2,5513,0.6941939486872921,0.8389901686036377,0.7039045030135604,5.118276482412344,1.0409539780987147
rf,41,83,0.21,5789,0.6829867716506121,0.8333427940524134,0.6944602123990831,5.211219869496285,1.043752448855059
rf,41,83,0.22,6064,0.6923701682816281,0.8389170336831612,0.7037817894037541,5.133516102617952,1.0357030008261707
rf,41,83,0.23,6340,0.7001590446349737,0.8436179484994243,0.7116912430303773,5.068111736227777,1.00177255022199
rf,41,83,0.24,6616,0.6978531074353562,0.8441607281780544,0.7126073349981031,5.087562654839509,1.0150183762649083
rf,41,83,0.25,6891,0.6957309485775636,0.8428563371465689,0.7104068050681307,5.1053978947924445,1.0137911284234444
rf,41,83,0.26,7167,0.7036825748254473,0.8483965841449214,0.7197767639887707,5.0382452058240315,0.9909769573485018
rf,41,83,0.27,7443,0.703127549751336,0.8471556051617316,0.7176726193569397,5.0429615065897195,0.9826421893659796
rf,41,83,0.28,7718,0.7157173121656533,0.8554118024790753,0.7317293518205006,4.934872212212981,0.954339083549178
rf,41,83,0.29,7994,0.7169331856294239,0.8527741092885726,0.7272236814729183,4.924307711001104,0.9668164227002304
rf,41,83,0.3,8270,0.7169879271131835,0.8519711874808722,0.7258549042975675,4.92383153906799,0.9444506423496485
rf,41,83,0.31,8545,0.721999927267454,0.8558159629659403,0.7324209624673197,4.880037501791107,0.9515268137164479
rf,41,83,0.32,8821,0.7242809109635686,0.8566676033543377,0.7338793826368648,4.859975972661241,0.9427364337991425
rf,41,83,0.33,9096,0.7301673749437041,0.8593434467648345,0.7384711594976661,4.807817056798815,0.9317564742233015
rf,41,83,0.34,9372,0.7273853943635182,0.8583078930350634,0.7366924392462898,4.832537854496836,0.9383374728964877
rf,41,83,0.35,9648,0.724259524471725,0.8563414441217516,0.733320668920527,4.860164454027228,0.9314936582214821
rf,41,83,0.36,9923,0.7218047527182073,0.8556375841611965,0.7321156754292086,4.881750256749399,0.9436943889473512
rf,41,83,0.37,10199,0.7316504307136471,0.8612579013428456,0.7417651726254828,4.794586475084535,0.9224218326600375
rf,41,83,0.38,10475,0.724918960387299,0.8571468497737753,0.7347007220771069,4.854349410983127,0.9363110250233664
rf,41,83,0.39,10750,0.7279498536180742,0.8584691722792772,0.7369693197538674,4.827532282324006,0.9220539315639807
rf,41,83,0.4,11026,0.7417479691790461,0.8670201372109929,0.751723918329369,4.703515476486076,0.9069265644826715
rf,41,83,0.41,11302,0.7406210107664948,0.866056844782508,0.7500544583946331,4.71376688893057,0.9079030607350139
rf,41,83,0.42,11577,0.7433692343436658,0.8678828157558593,0.753220581884319,4.688728271073022,0.8967030003678703
rf,41,83,0.43,11853,0.7549721324631155,0.8742193451568275,0.7642594634464324,4.581507953989384,0.8802311066023722
rf,41,83,0.44,12129,0.7465896795743533,0.8695936771226798,0.7561931632917435,4.659216096727222,0.891432632960392
rf,41,83,0.45,12404,0.7450778609337778,0.870301892467586,0.7574253840326617,4.673093619915393,0.8835687718911079
rf,41,83,0.46,12680,0.75487586367484,0.8735590014541464,0.7631053290215655,4.582407877966595,0.8707771856017134
rf,41,83,0.47,12956,0.7469339003684703,0.8693511559260542,0.7557714323099666,4.656050590161004,0.8863733606753375
rf,41,83,0.48,13231,0.7499322052732658,0.8720653860380031,0.7604980375256114,4.62838616551519,0.8803431432255785
rf,41,83,0.49,13507,0.751241735545226,0.8724465343319171,0.761162955267773,4.61625152104407,0.8829338133841491
rf,41,83,0.5,13782,0.7579933148108342,0.875060456369339,0.765730802301316,4.553175457236781,0.8635040649646424
rf,41,83,0.51,14058,0.756448487394241,0.8741169130005569,0.7640803775936232,4.56768472780102,0.8645932300930029
rf,41,83,0.52,14334,0.7616823650057416,0.8773890144672044,0.7698114827077323,4.518338823278111,0.8589222156548786
rf,41,83,0.53,14609,0.756067380413268,0.8730756010302559,0.7622610051143427,4.5712570646402915,0.8580919161802972
rf,41,83,0.54,14885,0.7575348321290892,0.8741595131048889,0.7641548543517764,4.557486421433627,0.8499514490347134
rf,41,83,0.55,15161,0.763365554725,0.8774040701138095,0.7698379022522788,4.5023544887019,0.8356749044801175
rf,41,83,0.56,15436,0.7655215627894726,0.8787823084317462,0.7722583456126287,4.4817967787294615,0.8332896495626613
rf,41,83,0.57,15712,0.7612880604246605,0.8765325661430391,0.7683093395093012,4.522075150587445,0.8434225204982432
rf,41,83,0.58,15988,0.7582267364143415,0.8741629346185329,0.7641608362608854,4.55097910072742,0.8438880809729807
rf,41,83,0.59,16263,0.7599503301778683,0.8758408155048186,0.7670971341041457,4.534728194590653,0.8437898048154862
rf,41,83,0.6,16539,0.7635598170418662,0.8781034930194613,0.7710657444529792,4.500506031278499,0.8247940706153057
rf,41,83,0.61,16815,0.764818042555211,0.878331198749452,0.7714656946966493,4.488515249811535,0.8188193006232587
rf,41,83,0.62,17090,0.7658317068732721,0.8789886514448054,0.7726210493687576,4.4788317668613296,0.8221247980414005
rf,41,83,0.63,17366,0.7662125428748421,0.8800880449905351,0.774554966935262,4.475188245286696,0.821432666211883
rf,41,83,0.64,17642,0.7690396771188135,0.881497047354098,0.7770370444939928,4.448047267795803,0.8147418299317453
rf,41,83,0.65,17917,0.773132384844265,0.8845511741159406,0.7824307796298892,4.408460537622916,0.8111738015417901
rf,41,83,0.66,18193,0.7725144554036424,0.8832732455179289,0.7801716262477755,4.414460215285037,0.8028364921735762
rf,41,83,0.67,18469,0.7701329295893118,0.8831331644394158,0.7799241861327763,4.437507347269973,0.8096690966140825
rf,41,83,0.68,18744,0.7726997072607414,0.8840905429788631,0.781616088184661,4.412662401027094,0.8130560066320197
rf,41,83,0.69,19020,0.7787540775691669,0.8881068660541566,0.7887338055325356,4.353497930766928,0.7981993481811485
rf,41,83,0.7,19296,0.7790452628006308,0.8880060601491891,0.7885547628616854,4.350632134044146,0.8000768548911974
rf,41,83,0.71,19571,0.7726094055197206,0.8843905082158877,0.7821465710223562,4.41353884408907,0.803543116521409
rf,41,83,0.72,19847,0.7761476694430494,0.8851345710122036,0.7834632088009578,4.37906624202218,0.8002132686775678
rf,41,83,0.73,20122,0.7750793715706509,0.8857692671460824,0.7845871946205079,4.389502986186009,0.7972764614074291
rf,41,83,0.74,20398,0.779127917213885,0.8870459140867667,0.7868504536980275,4.349818318991498,0.7973181965944024
rf,41,83,0.75,20674,0.779890673985304,0.8876150376874563,0.7878604551289045,4.3423010204039905,0.7957147453810364
rf,41,83,0.76,20949,0.7787364793138524,0.8859343167455804,0.7848796135874584,4.353671069425975,0.8009126960689325
rf,41,83,0.77,21225,0.7835717227547152,0.8892232857777476,0.7907180519693737,4.305838195787599,0.7913323698841144
rf,41,83,0.78,21501,0.7790543782713897,0.886666481270758,0.7861774490090674,4.350542390620821,0.8064309350082964
rf,41,83,0.79,21776,0.7779301857901786,0.8854759244635171,0.7840676128045202,4.361596335725162,0.802889337707623
rf,41,83,0.8,22052,0.782104035320113,0.8886034666742112,0.789616120985426,4.320413340240865,0.8022505723558446
rf,41,83,0.81,22328,0.7795700687037426,0.8873883962873285,0.7874581658653967,4.345462308678345,0.7993868631947609
rf,41,83,0.82,22603,0.7827952872887547,0.8888850926925058,0.7901167080109647,4.313554868629925,0.7966958456359681
rf,41,83,0.83,22879,0.7830098802286996,0.8893503003164693,0.7909439566729942,4.311423498747816,0.7869339514861885
rf,41,83,0.84,23155,0.7855955655239463,0.8907184354084152,0.7933793311764151,4.285658745142877,0.7829832850684124
rf,41,83,0.85,23430,0.7739033048699971,0.8824012052469528,0.7786318870212748,4.400963957294083,0.8081950392697862
rf,41,83,0.86,23706,0.7768875432055302,0.8843990605137505,0.7821616982376045,4.37182343644784,0.7988863492156898
rf,41,83,0.87,23982,0.7861225993417916,0.8897755679472449,0.7917005613158422,4.280388152580771,0.7883825834619367
rf,41,83,0.88,24257,0.7839910266291432,0.8894337893608804,0.7910924656568549,4.3016651506284695,0.7861079502119298
rf,41,83,0.89,24533,0.7911165683471122,0.8907969646160091,0.7935192321690954,4.2301201356163896,0.7874032274738125
rf,41,83,0.9,24808,0.7930030763260836,0.89156162153996,0.7948821250029628,4.2109748756820355,0.8000385655089661
rf,41,83,0.91,25084,0.7953679461090069,0.893551817767926,0.7984348510363649,4.186851295569509,0.7914142614701832
rf,41,83,0.92,25360,0.7851886094947556,0.8872829236062736,0.7872709865232963,4.289724071164082,0.7985284167593817
rf,41,83,0.93,25635,0.7930892465593264,0.8916064287281974,0.7949620237494501,4.210098296329475,0.7798323964191163
rf,41,83,0.94,25911,0.791627341113498,0.8911400130447882,0.7941305228494653,4.224945113869303,0.792416815146405
rf,41,83,0.95,26187,0.7929205254531533,0.8918513184289485,0.7953987741834537,4.211814465456429,0.7888239110943673
rf,41,83,0.96,26462,0.8006741437057758,0.8965093762586188,0.8037290617196178,4.1322113278123265,0.7690418217309463
rf,41,83,0.97,26738,0.7924301660996167,0.892039741456196,0.795734900337237,4.216798255910308,0.7757576584730449
rf,41,83,0.98,27014,0.7962417938765319,0.894534939756897,0.8001927584458753,4.177902098977386,0.7674852186214177
rf,41,83,0.99,27289,0.7961582767241486,0.8942227942148625,0.7996344056934364,4.178758238088033,0.7750890749948012
rf,41,83,1.0,27565,0.800757235954426,0.8966902317650575,0.8040533717428725,4.131349948038944,0.7693567907412102
rf,42,84,0.01,276,0.4051170439818268,0.6472987276975043,0.4189956428788078,7.138656217307853,2.138500415163121
rf,42,84,0.02,551,0.5256625065912894,0.7371365444849425,0.5433702852152016,6.374475141069848,1.4848136570535497
rf,42,84,0.03,827,0.5967419706703915,0.7792860003801376,0.6072866703884718,5.877494297137271,1.3809257449202759
rf,42,84,0.04,1103,0.6058302212860388,0.7821482333525872,0.6117558589365732,5.81088614816049,1.3411947922141312
rf,42,84,0.05,1378,0.6207729719751428,0.7914936355181854,0.6264621750657942,5.699678325404035,1.2347332630627998
rf,42,84,0.06,1654,0.5921193187822437,0.7698624821590039,0.5926882414360226,5.911085928511949,1.2963464001570213
rf,42,84,0.07,1930,0.614252165302962,0.7844090087048664,0.6152974929373511,5.748472434613524,1.2624233373390528
rf,42,84,0.08,2205,0.621901279799299,0.7890412956721753,0.6225861662760251,5.691192930364972,1.2179981138794065
rf,42,84,0.09,2481,0.6281353682948102,0.7933424739682783,0.6293922810021083,5.644079752372536,1.195718322873569
rf,42,84,0.1,2756,0.6374225895650136,0.7987602521917385,0.6380179404814097,5.573154414055144,1.156861808631426
rf,42,84,0.11,3032,0.632085012690301,0.7962836169280214,0.6340675985879719,5.614026320727289,1.1451615740900074
rf,42,84,0.12,3308,0.6488151634809824,0.8058052293454141,0.6493220676404154,5.484898339524637,1.1610129668332083
rf,42,84,0.13,3583,0.6515301514434869,0.8074024718416274,0.6518987515359699,5.463655500437015,1.1309883133536316
rf,42,84,0.14,3859,0.637517608899264,0.7985869678406218,0.6377411452048782,5.572424098119572,1.1408009768698142
rf,42,84,0.15,4135,0.6505814902937674,0.8067174607056994,0.6507930614074516,5.471087470398766,1.1170230730349189
rf,42,84,0.16,4410,0.6594235196336183,0.8121837559591556,0.6596424534439213,5.401421032537141,1.0852074179812798
rf,42,84,0.17,4686,0.6465811454768622,0.8044646549086383,0.6471633809972744,5.50231642688584,1.0708941665178586
rf,42,84,0.18,4962,0.6554669208238326,0.8112101552396446,0.6580619159639283,5.43270555425204,1.059583331652684
rf,42,84,0.19,5237,0.6629322460897225,0.8148868318177068,0.6640405486698996,5.373525426560256,1.0615245720257518
rf,42,84,0.2,5513,0.6738903928439905,0.8220437275213851,0.6757558899572532,5.285456480994615,1.0339434189503727
rf,42,84,0.21,5789,0.6839608214733712,0.8272536028791179,0.6843485234764812,5.203207754484096,1.0172902179115888
rf,42,84,0.22,6064,0.679212984496197,0.8242774165639488,0.6794332594573376,5.242145792394245,1.0276336912453594
rf,42,84,0.23,6340,0.6907833928496097,0.8313044802419095,0.6910671388702713,5.146738585177262,1.0126808663825484
rf,42,84,0.24,6616,0.6918441496807197,0.8319880473164314,0.6922041108774085,5.137903147271965,0.9922681997903552
rf,42,84,0.25,6891,0.6952768265124587,0.8339301869514363,0.6954395567088575,5.109206381701947,0.9991498861989777
rf,42,84,0.26,7167,0.7024715952151195,0.8382198210180081,0.7026124683474615,5.048529770362924,0.9845249655703198
rf,42,84,0.27,7443,0.7076923763844283,0.8419859100871435,0.7089402727852754,5.004040037122467,0.9811588159970794
rf,42,84,0.28,7718,0.7057531083422826,0.8403019390848179,0.7061073488297049,5.020611847289318,1.001713112744098
rf,42,84,0.29,7994,0.714777098587865,0.8461946032835617,0.7160453066262243,4.943026074609568,0.9921011587863157
rf,42,84,0.3,8270,0.7135178589366007,0.8453211895405717,0.7145679134862871,4.95392561912029,0.9857287007589848
rf,42,84,0.31,8545,0.7106887790593567,0.8435919000767694,0.7116472938751341,4.978326128919821,0.9896699893813432
rf,42,84,0.32,8821,0.7142567522558421,0.8462337799018962,0.7161116102470508,4.947532924247611,0.968351012427503
rf,42,84,0.33,9096,0.7144250270485887,0.846007793283903,0.7157291862970991,4.9460759034920985,0.9627933490913558
rf,42,84,0.34,9372,0.7208723417275575,0.8499316569652371,0.7223838215116735,4.889924353927896,0.9595693699062423
rf,42,84,0.35,9648,0.7211668828922174,0.8511568672809083,0.7244680127194498,4.887343699294734,0.9439596413979229
rf,42,84,0.36,9923,0.719238704266286,0.8495265983604439,0.7216954413218669,4.904212994213192,0.9490135321268394
rf,42,84,0.37,10199,0.72044333429013,0.8508356800034118,0.7239213543668682,4.893680714879804,0.9431968214763515
rf,42,84,0.38,10475,0.723236676042629,0.8524753977745563,0.726714303810888,4.869170404223405,0.929809683899941
rf,42,84,0.39,10750,0.7248288166219409,0.8541546866649171,0.7295802287516427,4.855144728412799,0.9280528049167291
rf,42,84,0.4,11026,0.7185767901478368,0.849856426372851,0.722255945447233,4.90999060112684,0.9308423059148043
rf,42,84,0.41,11302,0.7257606955250163,0.8541701339148698,0.7296066176721466,4.8469166793995315,0.9228284846943628
rf,42,84,0.42,11577,0.7228490979042563,0.8531630292594261,0.7278871544951204,4.872578593818204,0.9218431328313647
rf,42,84,0.43,11853,0.7180195915748937,0.8502138046129769,0.7228635135544733,4.914848919143546,0.9421590564226319
rf,42,84,0.44,12129,0.7204848520731904,0.8507809909563181,0.7238282945726147,4.893317313925203,0.9274095809146445
rf,42,84,0.45,12404,0.7190750120101717,0.8502845017589206,0.7229837339314158,4.905642437523812,0.9155102551518767
rf,42,84,0.46,12680,0.7199744741406945,0.850371462059651,0.7231316234854684,4.897782728746818,0.9243088476360046
rf,42,84,0.47,12956,0.7302844887511175,0.856750932385526,0.7340221601434682,4.806773589817056,0.9114477042258056
rf,42,84,0.48,13231,0.7370404728845884,0.8612025665468397,0.7416698606268638,4.746190434584906,0.9000138091199412
rf,42,84,0.49,13507,0.729693016949061,0.8557551300458645,0.7323168425998143,4.812041203190167,0.9082422660445008
rf,42,84,0.5,13782,0.7418032866100972,0.8632167318900982,0.7451431262150217,4.703011704402123,0.8934301811370743
rf,42,84,0.51,14058,0.7409664751238254,0.8624903264545306,0.7438895632276428,4.710626732820707,0.8929760210833863
rf,42,84,0.52,14334,0.737303940737889,0.8602605901514948,0.7400482829677981,4.743812156076882,0.9017338170878765
rf,42,84,0.53,14609,0.7431222053542474,0.863243273265533,0.7451889488381916,4.690984378614419,0.8930937661390457
rf,42,84,0.54,14885,0.7481398985098276,0.8664035696530517,0.7506551455075503,4.644943029303074,0.8837172301537617
rf,42,84,0.55,15161,0.7487368302886928,0.8669071862004369,0.7515280694859591,4.639435291205749,0.8822628209337848
rf,42,84,0.56,15436,0.7488658104818445,0.8675084317971886,0.7525708792392175,4.63824436443064,0.8732865725286517
rf,42,84,0.57,15712,0.7439518832796066,0.8637910048653026,0.7461349000862092,4.683402652970412,0.8805426107874103
rf,42,84,0.58,15988,0.7489262388480837,0.8674595655755708,0.752486097908558,4.637686299453126,0.8725375003098875
rf,42,84,0.59,16263,0.7537908630166532,0.86938083141163,0.7558230300259771,4.592538308091809,0.8617641292347216
rf,42,84,0.6,16539,0.7514520605615749,0.8685907761413738,0.7544499363978742,4.614299588929881,0.8592836157580457
rf,42,84,0.61,16815,0.747536602999352,0.8662123163388121,0.7503237769770503,4.650502856272923,0.8686189357369731
rf,42,84,0.62,17090,0.7498293656637393,0.86804414097358,0.7535006306785603,4.62933777245863,0.8616339312804865
rf,42,84,0.63,17366,0.747834831522016,0.866665707278807,0.7511094481730748,4.647755284870302,0.8600249873692024
rf,42,84,0.64,17642,0.7466304410691514,0.8655321915683759,0.7491459746411557,4.658841360114106,0.8654977467948228
rf,42,84,0.65,17917,0.7514530002263191,0.8686384266704379,0.7545327162884937,4.61429086647024,0.853914670745541
rf,42,84,0.66,18193,0.7638593082168557,0.8752727879506855,0.7661024533269657,4.497654804984533,0.8400051831359722
rf,42,84,0.67,18469,0.7618153297467185,0.8746763904149796,0.7650587879493778,4.517078187293159,0.8439423403850757
rf,42,84,0.68,18744,0.7609969586785479,0.8740772271960424,0.764010999102722,4.5248315751235815,0.8441583368050531
rf,42,84,0.69,19020,0.7627686735752842,0.8750267822056006,0.7656718695770875,4.508029228941844,0.8314390192409934
rf,42,84,0.7,19296,0.7709642072007024,0.8788231917946658,0.772330202436164,4.429476311038482,0.8308610437655092
rf,42,84,0.71,19571,0.780077368367819,0.8836411253497521,0.7808216384093764,4.340459083039195,0.820691205879571
rf,42,84,0.72,19847,0.775759254853006,0.8813299669551434,0.7767425106531543,4.382863736632623,0.8152190199665069
rf,42,84,0.73,20122,0.7761661571659851,0.881141987388775,0.7764112019394401,4.378885407105593,0.8250974230723435
rf,42,84,0.74,20398,0.7716678538199673,0.8790864611025333,0.7727930060937758,4.4226669308652395,0.8306718763336404
rf,42,84,0.75,20674,0.7698177984493374,0.8779016020104178,0.770711222812458,4.440548056405731,0.8323498059123245
rf,42,84,0.76,20949,0.7697807499964661,0.8778531105325724,0.7706260836717128,4.440905401185243,0.8312810950975633
rf,42,84,0.77,21225,0.7743754372042173,0.880451121120974,0.77519417668318,4.396366536603283,0.8331652478068694
rf,42,84,0.78,21501,0.7752613448903722,0.8810078464192439,0.776174825452274,4.3877269506481795,0.827272515045214
rf,42,84,0.79,21776,0.7797923001436672,0.883800715942241,0.7811037055000177,4.34327126805885,0.8136480024847028
rf,42,84,0.8,22052,0.7776530904757809,0.8824451108607447,0.7787093736820321,4.364316653963823,0.8170984418670286
rf,42,84,0.81,22328,0.7713454382853533,0.8785070914135439,0.7717747096638847,4.425788334333402,0.8319770719809548
rf,42,84,0.82,22603,0.7778442916703747,0.8825973360784191,0.7789780576527218,4.362439762510409,0.8233125200608127
rf,42,84,0.83,22879,0.7921858810960085,0.8909097448094625,0.7937201733964616,4.219278861255408,0.7994260079640748
rf,42,84,0.84,23155,0.7848627139258164,0.8867312961670252,0.7862923916020526,4.292976860109782,0.8070101261269229
rf,42,84,0.85,23430,0.7968825367864996,0.8934867157627938,0.7983185112445835,4.171327961366333,0.791765646551377
rf,42,84,0.86,23706,0.7976869874369454,0.8941751823368908,0.7995492567072118,4.1630594537223,0.7832247180306029
rf,42,84,0.87,23982,0.7972611370123948,0.8935851980692878,0.7984945062085284,4.167438580593537,0.786598143932267
rf,42,84,0.88,24257,0.7932623478397363,0.8916045009222782,0.7949585860648647,4.208336846331955,0.7919892436990231
rf,42,84,0.89,24533,0.7939538548140783,0.8915656369100904,0.7948892849188951,4.201292817857697,0.7912297111793908
rf,42,84,0.9,24808,0.7969281005144517,0.8934154406495629,0.7981911495910526,4.170860074683049,0.7822910237437105
rf,42,84,0.91,25084,0.7976571073212981,0.8943515258592231,0.7998646518067205,4.163366868711874,0.7759110501961427
rf,42,84,0.92,25360,0.8032591447436581,0.8971351943919738,0.8048515570167245,4.105329142541573,0.7713375438725985
rf,42,84,0.93,25635,0.8012061425116721,0.8970534649251731,0.8047049189342588,4.126693227137399,0.7699093934842304
rf,42,84,0.94,25911,0.8000829332952812,0.8958665804524132,0.8025769299715001,4.1383349626550405,0.7724131863317976
rf,42,84,0.95,26187,0.7990388877916246,0.8953774254923048,0.8017007340812279,4.1491268969865445,0.7686231895468917
rf,42,84,0.96,26462,0.8016942404863896,0.8976215240075254,0.8057244003615924,4.121623984717858,0.7729674424109839
rf,42,84,0.97,26738,0.798795803570679,0.8956740821759667,0.8022320614817603,4.151635547674551,0.7660437521729647
rf,42,84,0.98,27014,0.8014953675490762,0.8979213026590724,0.8062626657689655,4.123690172980298,0.769285366360363
rf,42,84,0.99,27289,0.7960791184298506,0.8945895041674247,0.8002903809665187,4.1795695324145195,0.7707022793229533
rf,42,84,1.0,27565,0.7942143140076569,0.8935310750146642,0.7983977820168615,4.198636589158737,0.7712634726158648
rf,43,85,0.01,276,0.29768870780819334,0.6683923245207474,0.44674829947824807,7.7564952406220735,1.730421463344485
rf,43,85,0.02,551,0.4282283989251152,0.705690663949525,0.4979993131855214,6.998613257644186,1.566267448485275
rf,43,85,0.03,827,0.449247838858697,0.7133606596893901,0.5088834307924819,6.86876739606278,1.506167631600198
rf,43,85,0.04,1103,0.4943991108323519,0.7258341482036785,0.5268352106985595,6.581192880290708,1.3845893268362832
rf,43,85,0.05,1378,0.5195393130163983,0.7453953814662411,0.5556142747112031,6.415487064455891,1.3269888874103064
rf,43,85,0.06,1654,0.5785088290683074,0.7724369811399594,0.596658889832614,6.0088995714511135,1.2456551204069886
rf,43,85,0.07,1930,0.5846092256417162,0.7763939031004564,0.602787492771561,5.965256575018059,1.2597250199254688
rf,43,85,0.08,2205,0.598095976771366,0.7843011269429429,0.6151282577239702,5.867618666633862,1.1995468940117253
rf,43,85,0.09,2481,0.5865959487526173,0.7840226468754669,0.614691510813613,5.9509742192457304,1.211961877363859
rf,43,85,0.1,2756,0.6078447884118076,0.7925119964395136,0.6280752645005437,5.796017661525851,1.1888075600853973
rf,43,85,0.11,3032,0.61928030466326,0.7990752058389339,0.6385211845865345,5.7108844994967685,1.167025981665428
rf,43,85,0.12,3308,0.614335518133857,0.7965504667694817,0.6344926461106792,5.747851332828446,1.1581828657737083
rf,43,85,0.13,3583,0.6370123812517587,0.8091704269649944,0.6547567798747114,5.576306165862153,1.1096446669471351
rf,43,85,0.14,3859,0.651971262205577,0.819838872316889,0.6721357765618282,5.4601963196296674,1.0778837364742127
rf,43,85,0.15,4135,0.6573939085085211,0.8230806392553429,0.6774617387169839,5.417491578501697,1.0687596848015852
rf,43,85,0.16,4410,0.6578892048454554,0.82180146110137,0.6753576414683465,5.413574201836629,1.0553879474430037
rf,43,85,0.17,4686,0.6675289286143331,0.8272362011411106,0.6843197324783761,5.336759552738977,1.0349068232546739
rf,43,85,0.18,4962,0.6508188323361945,0.8116281110340366,0.6587401906206786,5.469229040439148,1.0742237812978686
rf,43,85,0.19,5237,0.6645869044776533,0.8180794681288263,0.6692540161739433,5.36031993961821,1.0541194396693165
rf,43,85,0.2,5513,0.663378634383835,0.8195496314300339,0.6716615983771044,5.369966092410905,1.0629018400194397
rf,43,85,0.21,5789,0.679065092236314,0.82750886139647,0.6847709156896821,5.243354044934256,1.028403955423416
rf,43,85,0.22,6064,0.6979340224355164,0.8388681290068409,0.703699737863438,5.08688138406109,1.0055396048057368
rf,43,85,0.23,6340,0.6876139101301858,0.8334755602877457,0.6946815095969716,5.173048476941448,1.0166818526951065
rf,43,85,0.24,6616,0.6888382049305772,0.8331440144928745,0.694128948885303,5.162901491998107,1.010709736952997
rf,43,85,0.25,6891,0.6947789656783769,0.8374290241404035,0.7012873704727486,5.113378423488825,0.9886645385493981
rf,43,85,0.26,7167,0.6941790733134914,0.8384224428213894,0.702952192626586,5.118400965478831,1.0170587977311856
rf,43,85,0.27,7443,0.7024155929165851,0.8453810763167416,0.7146691641944526,5.0490048778885965,1.0026445101676478
rf,43,85,0.28,7718,0.7024220004067765,0.8448426350528749,0.7137590780030852,5.048950520834583,0.9831704136144876
rf,43,85,0.29,7994,0.6956454783623067,0.8417291165661198,0.7085079056751805,5.106114906291951,0.9812928981677979
rf,43,85,0.3,8270,0.70753151524929,0.8471570545817518,0.7176750751276293,5.005416745735927,0.9750209753068609
rf,43,85,0.31,8545,0.7144859554899642,0.8518337246060401,0.725620694376199,4.94554824385826,0.9659834785330489
rf,43,85,0.32,8821,0.7127389280523775,0.851661988441028,0.7253281425553257,4.9606557878137485,0.9537088163955073
rf,43,85,0.33,9096,0.7123045741656859,0.8520722592866105,0.7260271350457888,4.964404757740453,0.9612613179555045
rf,43,85,0.34,9372,0.7196913631031445,0.8559499804361966,0.7326503690087254,4.900257978188942,0.9425018581639345
rf,43,85,0.35,9648,0.7253836650955385,0.8592550661372732,0.7383192686825697,4.850247360631287,0.9270669170032704
rf,43,85,0.36,9923,0.7229241871028727,0.8600619501660525,0.7397065581234333,4.871918479049569,0.9305833579747209
rf,43,85,0.37,10199,0.7197987621869555,0.8552865568561154,0.7315150943387891,4.899319131559767,0.9380206217550379
rf,43,85,0.38,10475,0.7216293998738601,0.8549449960229307,0.730930946224649,4.883288553952763,0.9266284398460332
rf,43,85,0.39,10750,0.7244407576989045,0.8581622928144635,0.7364425208085771,4.858566995280858,0.9248949072349619
rf,43,85,0.4,11026,0.7316955839395948,0.8634684413990118,0.7455777492920387,4.794183083056331,0.9039679215941372
rf,43,85,0.41,11302,0.7192163489871849,0.8547559312201101,0.7306077019559575,4.904408236345246,0.9280219887029012
rf,43,85,0.42,11577,0.7259565602961224,0.8599801403172574,0.7395658417400898,4.84518550925289,0.9184704672773023
rf,43,85,0.43,11853,0.7304904497667812,0.8620838337162297,0.7431885363548719,4.804937957456697,0.9060746327293955
rf,43,85,0.44,12129,0.7330556033287985,0.8652799015491797,0.748709308024958,4.782016929294615,0.9007140115417253
rf,43,85,0.45,12404,0.7323048797148375,0.8635564129874337,0.7457296784117231,4.788736404609217,0.90403933990395
rf,43,85,0.46,12680,0.7448740677872898,0.8728225143491051,0.7618191415546938,4.674961159153633,0.8760595083679824
rf,43,85,0.47,12956,0.7431824982762163,0.8713977510849052,0.7593340405958305,4.690433825473596,0.8765140865416301
rf,43,85,0.48,13231,0.752281862844149,0.8762290914839614,0.7677774207628084,4.606590497627582,0.8663441569742237
rf,43,85,0.49,13507,0.752855656663896,0.8769602326693409,0.7690592496834645,4.601252241807856,0.8591214589631798
rf,43,85,0.5,13782,0.7596270966257701,0.878993366985111,0.772629339203822,4.537780236295227,0.8576785454735824
rf,43,85,0.51,14058,0.7636016303248868,0.8812094473977025,0.7765300901829642,4.50010806750914,0.8569575765646503
rf,43,85,0.52,14334,0.7708856559812169,0.8833646102526109,0.7803330346467472,4.4302358231957655,0.8379412555797544
rf,43,85,0.53,14609,0.7632153112344049,0.8799622825204902,0.7743336186586711,4.503783575061383,0.8508617537532892
rf,43,85,0.54,14885,0.7747378893172565,0.8852892565495571,0.7837370677620676,4.392833869792252,0.8390482435597112
rf,43,85,0.55,15161,0.7694488866752525,0.8814624109166923,0.7769759818590677,4.444105053002512,0.8247307937771114
rf,43,85,0.56,15436,0.7668296391425071,0.8808588264871006,0.775912272200232,4.469278076337099,0.8436065670947052
rf,43,85,0.57,15712,0.7716376805965319,0.8830093736421055,0.7797055539398235,4.422959140506786,0.8323114439324562
rf,43,85,0.58,15988,0.7729313642668815,0.8836824412651385,0.780894657000315,4.410413207381649,0.8181802400936583
rf,43,85,0.59,16263,0.770718234285144,0.8827648400143394,0.7792737627655423,4.431854190104596,0.830527638681393
rf,43,85,0.6,16539,0.7703173038176214,0.8817802356134495,0.7775363839185105,4.435727348688272,0.825793496550317
rf,43,85,0.61,16815,0.7759088966756488,0.8845935992015814,0.782505835748408,4.3814010917145385,0.8186273891833187
rf,43,85,0.62,17090,0.7768724484574135,0.8856608952507644,0.7843952213763855,4.371971322537212,0.8199662913802556
rf,43,85,0.63,17366,0.7783738111437434,0.8866272262076447,0.786107838252662,4.357237611809929,0.8168738578275171
rf,43,85,0.64,17642,0.7797344225033371,0.8858369981477104,0.7847071872873468,4.343842005996432,0.8098723522121519
rf,43,85,0.65,17917,0.7784754256794111,0.8861007167999256,0.785174480313342,4.356238611102209,0.8092123662478607
rf,43,85,0.66,18193,0.7882217357172312,0.8917766294983341,0.7952655569194091,4.259331056790958,0.7896825853100466
rf,43,85,0.67,18469,0.7764038735745755,0.884282361396144,0.7819552946763406,4.376559553651922,0.8160440789298979
rf,43,85,0.68,18744,0.7856598535193682,0.889252563221522,0.7907701211960471,4.285016181320493,0.799938437804914
rf,43,85,0.69,19020,0.7854669473139531,0.8888602610092173,0.790072563601374,4.2869440056745125,0.7947916640478211
rf,43,85,0.7,19296,0.7842640677176778,0.8873020686266759,0.7873049609891783,4.298945581363868,0.7946450433201282
rf,43,85,0.71,19571,0.788844154981503,0.8906599685761823,0.7932751796241261,4.253067334504023,0.7842409179862477
rf,43,85,0.72,19847,0.7910936370422621,0.8920851110701472,0.7958158453930368,4.230352321365941,0.7874133328640142
rf,43,85,0.73,20122,0.7840472693335472,0.8882520465922121,0.7889916982752534,4.301105097432035,0.7881246710712242
rf,43,85,0.74,20398,0.7901575752798587,0.8910666735246421,0.7939998166662711,4.239819350239518,0.7829130111557834
rf,43,85,0.75,20674,0.7912340067325178,0.8921512870291776,0.795933918947818,4.2289308399428,0.7796099526593745
rf,43,85,0.76,20949,0.7913115391949151,0.8926763089754778,0.7968709926060826,4.2281454872515205,0.7742767562515367
rf,43,85,0.77,21225,0.7921743409187556,0.8925737662713383,0.7966879282358017,4.219396010538245,0.7783582665031434
rf,43,85,0.78,21501,0.7923541404763943,0.8926575578037006,0.7968375155040671,4.217570418608512,0.7809956976803023
rf,43,85,0.79,21776,0.7937578259239473,0.8937744763636162,0.7988328145990563,4.203290862947872,0.7682424176323045
rf,43,85,0.8,22052,0.7928999038707032,0.8926649749465633,0.7968507574963485,4.212024172664882,0.7741289720449239
rf,43,85,0.81,22328,0.7910734752364917,0.8913856362402691,0.7945683524954694,4.230556454650436,0.7769653294836172
rf,43,85,0.82,22603,0.798288002760097,0.8957600990920909,0.8023861551254724,4.156871212322842,0.7680469980189023
rf,43,85,0.83,22879,0.7993541122843959,0.896893998454923,0.8044188444644594,4.145871491748523,0.7595770971110014
rf,43,85,0.84,23155,0.7951372262265164,0.8946040719124266,0.8003164454822942,4.1892109398403266,0.7693444161191055
rf,43,85,0.85,23430,0.7932628531569563,0.8933344353323529,0.7980464133505738,4.208331703228235,0.7682413015266327
rf,43,85,0.86,23706,0.7910730863360296,0.8919774343874818,0.7956237434564744,4.230560392074363,0.7786768261298491
rf,43,85,0.87,23982,0.7956641636656576,0.8942653093764471,0.7997104435541527,4.183819834989978,0.7610999829528873
rf,43,85,0.88,24257,0.790068034625965,0.8909017092591065,0.7937058555607975,4.240723828225946,0.7729928077043033
rf,43,85,0.89,24533,0.7962651220573175,0.8950701871747545,0.8011506399690501,4.177662929112519,0.7578519434617643
rf,43,85,0.9,24808,0.7993516760615559,0.8967730160877471,0.8042018423831147,4.145896661056193,0.7510750322138713
rf,43,85,0.91,25084,0.8010473151550448,0.8975378738280537,0.8055742349557833,4.128341419194983,0.7469904856696443
rf,43,85,0.92,25360,0.7963239951969667,0.8944557185686134,0.8000510324800946,4.177059277184476,0.7695711932953659
rf,43,85,0.93,25635,0.7980804608665177,0.8952307720146345,0.8014381351619185,4.159009169246071,0.7577450224502832
rf,43,85,0.94,25911,0.7988624573441651,0.8963175137122831,0.8033850853873687,4.150947825694012,0.7492179281538307
rf,43,85,0.95,26187,0.8052600819319659,0.8993043877676997,0.8087483818582373,4.084399328864201,0.7544507398292649
rf,43,85,0.96,26462,0.7980413083112289,0.8952029288470562,0.8013882838163476,4.159412369313708,0.7703856438481402
rf,43,85,0.97,26738,0.804487216118605,0.8987349255732324,0.8077244664451236,4.0924961968374625,0.7660726116302321
rf,43,85,0.98,27014,0.7980566919038281,0.8945748917281782,0.8002642369104817,4.159253950967482,0.7702912337092005
rf,43,85,0.99,27289,0.8038531389256462,0.8984170640632372,0.8071532210000069,4.0991271134824725,0.7612046856580883
rf,43,85,1.0,27565,0.7993047032106984,0.8959359424376421,0.8027012129516259,4.146381921000939,0.7612890518137642
rf,44,86,0.01,276,0.2599061720114515,0.6537952682961731,0.4274482528464649,7.962401922041012,1.798167032564836
rf,44,86,0.02,551,0.4042419333503118,0.6779476551045055,0.45961302306169755,7.14390499616446,1.7440789562756622
rf,44,86,0.03,827,0.5023968972734698,0.7107364163670551,0.5051462535502839,6.528933490455649,1.5870003127750163
rf,44,86,0.04,1103,0.5284822668369686,0.7281062356561017,0.5301386904012987,6.35549995520032,1.479771241353988
rf,44,86,0.05,1378,0.5335680368856517,0.7352724556594642,0.5406255840514987,6.321131956031219,1.4392899973900908
rf,44,86,0.06,1654,0.5694028520077952,0.7585108312564225,0.575338681133309,6.07346144917829,1.3392120968799006
rf,44,86,0.07,1930,0.6045494827214207,0.7809058609720144,0.6098139637004432,5.820318873419139,1.2453856017458904
rf,44,86,0.08,2205,0.6161306694806596,0.7866286645897917,0.6187846559543191,5.734458476251503,1.2278858692220658
rf,44,86,0.09,2481,0.6224403153559548,0.7921357725170017,0.6274790821011071,5.687134665486062,1.1579123096342998
rf,44,86,0.1,2756,0.6528144109677532,0.8142485483724203,0.6630006985265937,5.4535782605962195,1.0940215718965591
rf,44,86,0.11,3032,0.6637671398397513,0.8170267197454301,0.6675326607779776,5.366866373199806,1.0994587238453528
rf,44,86,0.12,3308,0.6599031453514623,0.8131778635483456,0.6612582377650519,5.397616346477464,1.1050194439682162
rf,44,86,0.13,3583,0.6476071373227138,0.8059588040648152,0.6495695938495872,5.494323878044709,1.1065017902997163
rf,44,86,0.14,3859,0.670722371678474,0.8230291778699281,0.6773770276252498,5.311067452940673,1.062059824447702
rf,44,86,0.15,4135,0.6833945827965942,0.8319797994980059,0.6921903867727421,5.207866890396395,1.0302963735517823
rf,44,86,0.16,4410,0.6988962753509427,0.8402746333073186,0.7060614593797486,5.078772607725971,0.9922876259265879
rf,44,86,0.17,4686,0.6834550536807024,0.8319365562828523,0.6921184336797715,5.207369521531315,1.016063073292095
rf,44,86,0.18,4962,0.688880637243652,0.8328157465782976,0.6935820677487672,5.162549454368335,1.0117948203608662
rf,44,86,0.19,5237,0.6897764172237191,0.8344003837735261,0.6962240004414076,5.155112048436375,0.9974381983772969
rf,44,86,0.2,5513,0.6871811373607518,0.833924573928326,0.69543019500154,5.176630550127098,1.0021296787130758
rf,44,86,0.21,5789,0.6894140891324883,0.8350013823051368,0.6972273084514892,5.158121646900739,1.0305273653060278
rf,44,86,0.22,6064,0.6871546535820606,0.8327435516047388,0.6934618227392743,5.176849676677061,1.0318641548809864
rf,44,86,0.23,6340,0.6928494922083368,0.8369495882350139,0.7004846132467593,5.129515228721122,1.0224656345156486
rf,44,86,0.24,6616,0.6994755700400479,0.8412308610493398,0.7076693615818136,5.073884719926534,1.000363720354662
rf,44,86,0.25,6891,0.6934712703308807,0.8372538981869336,0.7009940900292162,5.12432064817523,1.0020420887651642
rf,44,86,0.26,7167,0.6979845255753699,0.8403726523047371,0.7062261947416986,5.086456122297078,0.9944544063393503
rf,44,86,0.27,7443,0.7034178595760368,0.8436081108781406,0.7116746447393851,5.0404951622736975,0.9671091776318127
rf,44,86,0.28,7718,0.7051581519485053,0.8445897008473702,0.7133317627774503,5.025685030396083,0.9839851225881353
rf,44,86,0.29,7994,0.7053742147028256,0.8442165303759716,0.7127015501600437,5.023843259353883,0.9934832645030249
rf,44,86,0.3,8270,0.71658828822092,0.850259150225168,0.7229406225416247,4.927306762562235,0.9734778334949887
rf,44,86,0.31,8545,0.719851444401542,0.8525017672797996,0.7267592632151817,4.8988585356020025,0.9521225759448368
rf,44,86,0.32,8821,0.7147026616271985,0.849863092752339,0.7222672764225707,4.943671043566249,0.960937537894565
rf,44,86,0.33,9096,0.7202356342299683,0.8507581209786521,0.7237893804111268,4.895498287457427,0.9517438583114177
rf,44,86,0.34,9372,0.7172162715104604,0.8500510926844457,0.7225868601740201,4.921844775371722,0.9483560461722831
rf,44,86,0.35,9648,0.7237363506040211,0.8538928861240127,0.7291330609731961,4.864772965119437,0.9370113409384161
rf,44,86,0.36,9923,0.7235880549620535,0.8535507987358624,0.7285489660226286,4.866078471370458,0.9311838993138308
rf,44,86,0.37,10199,0.7219822983857511,0.8532887172443627,0.72810163497653,4.880192228801011,0.9336668558173704
rf,44,86,0.38,10475,0.7197396014762036,0.8506225903276651,0.7235587911757467,4.899836316827343,0.9418082023434762
rf,44,86,0.39,10750,0.7155551362348973,0.8478309180475604,0.718817265597369,4.936279620086995,0.9553222293273407
rf,44,86,0.4,11026,0.7133469664238187,0.8468543146849806,0.7171622303005681,4.955402958300599,0.9463653090992681
rf,44,86,0.41,11302,0.718365141663398,0.8495461036679957,0.7217285822574728,4.911836569621018,0.9445767141894795
rf,44,86,0.42,11577,0.7304662408331677,0.8571559015536064,0.7347162395681759,4.805153756510673,0.9205253936898096
rf,44,86,0.43,11853,0.7223850069526317,0.851694138928303,0.7253829062848236,4.87665646937733,0.9295098021990563
rf,44,86,0.44,12129,0.7421745042765638,0.8651171834219527,0.7484277410519324,4.69962965322938,0.9078941876473289
rf,44,86,0.45,12404,0.743100711549243,0.8647266201250434,0.7477521275528811,4.691180629509922,0.9025077433224813
rf,44,86,0.46,12680,0.7461555752112654,0.865999443340329,0.7499550358657596,4.663205122463245,0.9040840964812777
rf,44,86,0.47,12956,0.7441049226229064,0.865094330759781,0.7483882011127134,4.682002814520535,0.9023349753782665
rf,44,86,0.48,13231,0.7446343564143098,0.8659380733735994,0.7498487469179812,4.677156894880589,0.8967528290211894
rf,44,86,0.49,13507,0.7472503450072547,0.8674347058072607,0.7524429688389289,4.65313861749358,0.886400100157494
rf,44,86,0.5,13782,0.7549304873440257,0.872060046502256,0.7604887247055169,4.581897275701935,0.8713972897563531
rf,44,86,0.51,14058,0.7534600074452006,0.871187101663701,0.7589669661051996,4.595622996140264,0.8677447260061094
rf,44,86,0.52,14334,0.7464767458286076,0.8679505784469768,0.7533382066264416,4.660254184114781,0.8740540073523874
rf,44,86,0.53,14609,0.7543716901256912,0.8723025491683527,0.7609117372856063,4.587118026305957,0.8699322692988395
rf,44,86,0.54,14885,0.75218860806217,0.8709431127923581,0.7585419057204423,4.6074575035219345,0.8696504980227799
rf,44,86,0.55,15161,0.7493036821194141,0.8684571350316604,0.7542177953873997,4.634199033698512,0.8619713538845578
rf,44,86,0.56,15436,0.7521575749419924,0.8711593330714503,0.7589185835974941,4.607745987649239,0.8567903181840805
rf,44,86,0.57,15712,0.7574406845348582,0.8743987751017759,0.7645732178994861,4.558371156223167,0.852785034179948
rf,44,86,0.58,15988,0.7528968264709379,0.8722247794358569,0.7607760658619291,4.60086898287086,0.8561667270599933
rf,44,86,0.59,16263,0.7579464291190761,0.8740225692128647,0.7639154514934569,4.553616495553862,0.8536299184775548
rf,44,86,0.6,16539,0.7637444856786128,0.8774977149587138,0.770002239757764,4.498748156100563,0.8435518182079408
rf,44,86,0.61,16815,0.7681057836590702,0.8799687411422551,0.7743449853874852,4.457031086893742,0.8326106741128995
rf,44,86,0.62,17090,0.7656884092912914,0.8785925492984888,0.7719248676828175,4.480201951519253,0.835983543169243
rf,44,86,0.63,17366,0.7712038011860944,0.8813054242396865,0.7766992507942938,4.4271588706842575,0.8337720904997327
rf,44,86,0.64,17642,0.7720837441696436,0.8825184591996782,0.7788388308281741,4.418637312502757,0.824234893108326
rf,44,86,0.65,17917,0.7776681181072287,0.8836644511699837,0.7808628622615486,4.364169167204182,0.8318090702251844
rf,44,86,0.66,18193,0.7787994519325833,0.8838518816403037,0.7811941486791054,4.353051487903435,0.8176229619394199
rf,44,86,0.67,18469,0.779059316790642,0.8840695274166939,0.7815789293067764,4.350493769251352,0.8262100090751051
rf,44,86,0.68,18744,0.7755904156782478,0.8823326781967963,0.7785109550139313,4.384513436501192,0.8272476203892902
rf,44,86,0.69,19020,0.7706277713825921,0.8802510821274298,0.774841967586511,4.432728395811229,0.8244116426276077
rf,44,86,0.7,19296,0.7757168480690564,0.8819203783654115,0.7777835537761906,4.383278144747874,0.8182776569467378
rf,44,86,0.71,19571,0.7788417803176255,0.884726233295552,0.7827405078813355,4.352634973440174,0.8124959839958895
rf,44,86,0.72,19847,0.7780126419840927,0.8833363016813662,0.7802830218681136,4.360786513766623,0.8075696073894109
rf,44,86,0.73,20122,0.781141173483362,0.8855313583618657,0.784165786642211,4.329948568753988,0.8156162533839197
rf,44,86,0.74,20398,0.7817951678660296,0.8859834593738127,0.7849666902839885,4.32347434808353,0.808884039411359
rf,44,86,0.75,20674,0.7839183798306837,0.8870062353029363,0.786780061466288,4.302388444494643,0.8058971623023422
rf,44,86,0.76,20949,0.7833397723952678,0.8871339172149054,0.7870065870730627,4.308144902842741,0.806375287684867
rf,44,86,0.77,21225,0.78404501759737,0.8870963660771617,0.7869399627073057,4.301127521155675,0.8051019434488025
rf,44,86,0.78,21501,0.786135999796413,0.8878464191292743,0.788271263960675,4.280254056959848,0.8023289439751592
rf,44,86,0.79,21776,0.7816750208279205,0.8858135237130459,0.784665598792923,4.324664471022489,0.806914404631669
rf,44,86,0.8,22052,0.7882288915554857,0.8896941118567057,0.7915556126724923,4.259259096286208,0.7995618890272949
rf,44,86,0.81,22328,0.782394889694244,0.8861640048153783,0.7852866434304298,4.317528865668307,0.797034185687342
rf,44,86,0.82,22603,0.7903594108250043,0.8910131929674082,0.7939045100419758,4.237779838630985,0.7823421124300969
rf,44,86,0.83,22879,0.7854376335608114,0.8880864850544973,0.7886976049364518,4.287236879253376,0.7931830017060925
rf,44,86,0.84,23155,0.791840647789236,0.8916590900782156,0.7950559329191115,4.22278206676539,0.7865930255182416
rf,44,86,0.85,23430,0.7897093811659216,0.8907005664419596,0.7933474990600277,4.244344766127223,0.7804312960702763
rf,44,86,0.86,23706,0.7947739840926702,0.8939444613260686,0.799136699935555,4.192923239443846,0.7753149399142573
rf,44,86,0.87,23982,0.7906795515194359,0.8909515318871482,0.7937946321720559,4.23454286021962,0.7935018719912622
rf,44,86,0.88,24257,0.790887862921127,0.890571226579974,0.7931171096121594,4.232435270786207,0.7898006382253078
rf,44,86,0.89,24533,0.7897398753615676,0.8913308391355498,0.7944706647940833,4.244037019227189,0.7867488472245091
rf,44,86,0.9,24808,0.7857517430786083,0.8885149865087133,0.789458881250579,4.284097570260896,0.7942060534956373
rf,44,86,0.91,25084,0.7914779701312608,0.8917573650144471,0.7952311980575099,4.226459158821255,0.7933108765128423
rf,44,86,0.92,25360,0.7978997198680381,0.8949415572551088,0.8009203909021992,4.160870146478231,0.7714599909725603
rf,44,86,0.93,25635,0.7995287860001674,0.8965003858945975,0.8037129419091622,4.144066489751351,0.7778505846992175
rf,44,86,0.94,25911,0.7909420054883792,0.8920608591956325,0.79577257650885,4.231887311807345,0.7829711387484317
rf,44,86,0.95,26187,0.791538919543181,0.8918065437007325,0.7953189113874466,4.225841432658709,0.7805464468137414
rf,44,86,0.96,26462,0.7872577145216767,0.8901700052549635,0.7924026382556217,4.269014352854736,0.7768643013919893
rf,44,86,0.97,26738,0.7954709573651505,0.8937119040085091,0.7987209673665145,4.185797337759299,0.7776851483227442
rf,44,86,0.98,27014,0.7956928850208402,0.8936534866928503,0.7986165542782884,4.1835257867198905,0.7763644523633064
rf,44,86,0.99,27289,0.7892848962343233,0.8896201158304763,0.7914239504902301,4.2486263459066365,0.789603272227355
rf,44,86,1.0,27565,0.7918144705339106,0.8915071101801191,0.7947849275017069,4.223047578182725,0.7794815493206079
rf,45,87,0.01,276,0.18642703358642942,0.5270870419074356,0.27782074974673077,8.348317532944167,2.040698334621262
rf,45,87,0.02,551,0.3320600228912256,0.6674809208450438,0.44553077969214766,7.564311821807838,1.6576729314286913
rf,45,87,0.03,827,0.38285307905855515,0.6993175637960597,0.48904505503365603,7.27101411892605,1.4861743581966478
rf,45,87,0.04,1103,0.42123500605411435,0.6544994040817723,0.4283694699433951,7.041283530569653,1.7094626783892437
rf,45,87,0.05,1378,0.5273533389137548,0.7278677947990537,0.5297915267056373,6.363103711518108,1.5605479298522154
rf,45,87,0.06,1654,0.561284059218123,0.7521031637741591,0.5656591689590996,6.130450810529933,1.4385734624482356
rf,45,87,0.07,1930,0.5763425624706562,0.7628886551435625,0.5819991001467535,6.024321242187169,1.3890498707295895
rf,45,87,0.08,2205,0.5875128059467829,0.7675600574950973,0.589148441861877,5.944371451219432,1.3135857528961772
rf,45,87,0.09,2481,0.5842113208465225,0.7660430107213511,0.586821894275032,5.9681129649437,1.3085501224778437
rf,45,87,0.1,2756,0.6147584740102281,0.7851666923058058,0.61648673470644,5.7446986515244784,1.2459582909281026
rf,45,87,0.11,3032,0.6086745868143908,0.7809119869497395,0.6098235313617901,5.78988224245811,1.2888940029134701
rf,45,87,0.12,3308,0.6505769649572597,0.8071314305954211,0.6514611462550112,5.471122898447105,1.1932286154651586
rf,45,87,0.13,3583,0.6562943513347896,0.8104201214659084,0.6567807732768176,5.426178040988938,1.1675069607523638
rf,45,87,0.14,3859,0.6643543474626199,0.8153858419264128,0.664854071214045,5.362177893315863,1.148805434608174
rf,45,87,0.15,4135,0.6757793168668809,0.8228671027724176,0.6771102688250724,5.270126780725642,1.120947441558354
rf,45,87,0.16,4410,0.679047875608586,0.8245315465732316,0.6798522712944451,5.24349468352141,1.114302514573874
rf,45,87,0.17,4686,0.686083677758352,0.828546368613738,0.6864890849430122,5.185703162953541,1.0948225750142355
rf,45,87,0.18,4962,0.6948203745538294,0.8343951362671859,0.6962152434263357,5.1130315495703496,1.0808490193965294
rf,45,87,0.19,5237,0.6882926543213157,0.8299951180596372,0.6888918960028311,5.167425489809974,1.0636185579738042
rf,45,87,0.2,5513,0.6954807575041028,0.8341980881520378,0.695886450276515,5.107496469237364,1.0689064003284063
rf,45,87,0.21,5789,0.6942075120406146,0.8337784808998412,0.6951865552116469,5.118162976218129,1.0638320162185246
rf,45,87,0.22,6064,0.6883745155480954,0.8305306823176878,0.6897812142710841,5.166746905277946,1.0635962180573417
rf,45,87,0.23,6340,0.6970690368319422,0.8355498825080238,0.6981436061591723,5.094159485559733,1.0368263980090386
rf,45,87,0.24,6616,0.7003163234970148,0.8373698356080844,0.7011882415863103,5.06678234578173,1.0193175186029948
rf,45,87,0.25,6891,0.7102528575545237,0.8431051057452653,0.710826219333735,4.9820752793166845,1.0124648997437833
rf,45,87,0.26,7167,0.7000196924008748,0.836925996512523,0.7004451236384797,5.069289311607528,1.0237223337574055
rf,45,87,0.27,7443,0.7049607486058822,0.8397953455647686,0.7052562224322492,5.027367154270067,1.019704247607833
rf,45,87,0.28,7718,0.7023695827899993,0.8382295227692118,0.7026287328419005,5.04939518122679,1.0127869005601282
rf,45,87,0.29,7994,0.716954326655525,0.8469738054092559,0.7173646270494362,4.924123820031866,0.9896600642071987
rf,45,87,0.3,8270,0.721749621901401,0.8499362830738407,0.7223916852853759,4.882233948597527,0.9786601727179223
rf,45,87,0.31,8545,0.7291757531086156,0.8541049305480902,0.729495232386558,4.816643202794342,0.9747025145807937
rf,45,87,0.32,8821,0.7302919246688171,0.8547362766605321,0.7305741026395096,4.806707329224544,0.9548153621937734
rf,45,87,0.33,9096,0.7325488402231544,0.8564814009883679,0.7335603902389974,4.786553830534197,0.9539403055841037
rf,45,87,0.34,9372,0.7299310227000957,0.8549192710734332,0.7308869600527305,4.809922231480845,0.9418235580447175
rf,45,87,0.35,9648,0.733533129021664,0.8570781537852736,0.7345829616959731,4.7777378394899035,0.9419863464205537
rf,45,87,0.36,9923,0.7259081437821064,0.8525410386143764,0.7268262225216796,4.845613500946281,0.9594335794062268
rf,45,87,0.37,10199,0.7300613066095256,0.8549765011949476,0.7309848175955542,4.808761914822023,0.9432758093367489
rf,45,87,0.38,10475,0.7338944250228292,0.8576683883241911,0.7355950643306155,4.774497731090448,0.932458806840136
rf,45,87,0.39,10750,0.7386874896217102,0.8603248171556045,0.7401587910138243,4.731303478483632,0.9204174772761506
rf,45,87,0.4,11026,0.740408772001649,0.861358490783584,0.7419384496449735,4.715695031787753,0.9136179811572499
rf,45,87,0.41,11302,0.7326321706663921,0.8566095158805822,0.7337798626971654,4.785808093020191,0.9245966354333254
rf,45,87,0.42,11577,0.7373460463430217,0.8596959457847291,0.7390771191986998,4.7434319655890125,0.9226667849064539
rf,45,87,0.43,11853,0.7435399837809061,0.8637139345131501,0.7460017606721863,4.687168187414547,0.9074610711067393
rf,45,87,0.44,12129,0.7532877398624667,0.8694159808389387,0.7558841477381337,4.59722829070229,0.8878839130405942
rf,45,87,0.45,12404,0.7511735471815981,0.8685900768527537,0.7544487216070725,4.616884169510746,0.8846719812301256
rf,45,87,0.46,12680,0.7405030154757954,0.8618829540341753,0.7428422264546762,4.714838947724227,0.8882668954111408
rf,45,87,0.47,12956,0.7480103775760194,0.8670610650326105,0.7517948904954848,4.646137224073131,0.8870180604315323
rf,45,87,0.48,13231,0.7571852649056354,0.8717595169563809,0.7599646554040225,4.560770551032453,0.8708602832912007
rf,45,87,0.49,13507,0.7511240907410537,0.868632031306706,0.7545216058120142,4.6173429698313955,0.8812612073837658
rf,45,87,0.5,13782,0.756659605694254,0.8710476471313113,0.7587240035729934,4.565704590434304,0.8798088574274433
rf,45,87,0.51,14058,0.7536922721422639,0.8696393213102036,0.7562725491688715,4.593457723704385,0.8854045740639023
rf,45,87,0.52,14334,0.7580505609420374,0.8715199964810985,0.7595471042664139,4.552636903734889,0.8783638416883959
rf,45,87,0.53,14609,0.7652658481030782,0.8761268322072069,0.7675982261134352,4.4842399649286095,0.8700504584917562
rf,45,87,0.54,14885,0.764744436590783,0.875437180439357,0.7663902568956114,4.489217590354995,0.8662331073148952
rf,45,87,0.55,15161,0.7671727090186363,0.8777164148409483,0.7703861048812477,4.465988981031769,0.8502823345109365
rf,45,87,0.56,15436,0.7674020388667665,0.8783347768799673,0.771471980276782,4.463788987863761,0.8474447911131929
rf,45,87,0.57,15712,0.7631037088791968,0.8750625162773944,0.7657344073937251,4.504844821135063,0.8564939800413938
rf,45,87,0.58,15988,0.7677626749314632,0.8785014208340985,0.7717647464075299,4.460327160945027,0.8522512417890515
rf,45,87,0.59,16263,0.7669118275544566,0.8776307565801327,0.7702357448954161,4.468490336332951,0.8451539078335972
rf,45,87,0.6,16539,0.7692010485227321,0.8790208813950695,0.7726777099285649,4.4464930764821755,0.8421634677282808
rf,45,87,0.61,16815,0.7729752082822368,0.8806998534508363,0.7756322318683246,4.409987389965284,0.833993046601537
rf,45,87,0.62,17090,0.7694609101418273,0.8787484582945831,0.7721988529551067,4.44398916927404,0.8406334535728267
rf,45,87,0.63,17366,0.7712038446985864,0.8805546923785367,0.7753765662698594,4.427158449705403,0.832734413682235
rf,45,87,0.64,17642,0.7715843811291241,0.8807675842644045,0.7757515374909548,4.423475266839152,0.8271444446906435
rf,45,87,0.65,17917,0.7739414379039782,0.8824381803311911,0.7786971421062239,4.400592812583694,0.8215353414223325
rf,45,87,0.66,18193,0.777626521768937,0.8847643349698012,0.7828079284345546,4.36457739693143,0.8193222334461503
rf,45,87,0.67,18469,0.7800819749373429,0.8869580514518118,0.7866945850351948,4.340413624481593,0.8086567523123878
rf,45,87,0.68,18744,0.7814481014100191,0.8866112622298526,0.7860795303128125,4.326911340540463,0.8049461531714756
rf,45,87,0.69,19020,0.7854844527606936,0.8892753148160835,0.7908105855412444,4.286769099290695,0.8087310793152425
rf,45,87,0.7,19296,0.7813061461148516,0.8867326219068933,0.7862947427538733,4.328316334671107,0.8070712760708892
rf,45,87,0.71,19571,0.7812401983371072,0.8864686969859759,0.7858267507360139,4.328968893768646,0.8116680532704321
rf,45,87,0.72,19847,0.7856639547242097,0.8886777401553244,0.7897481258475743,4.2849751861698815,0.795778005914038
rf,45,87,0.73,20122,0.784658395495563,0.8878043542159906,0.7881965713648721,4.295014921832597,0.804382562862813
rf,45,87,0.74,20398,0.8038694413383527,0.8976662611415078,0.8058047163917738,4.098956763954172,0.7890605591824895
rf,45,87,0.75,20674,0.7921150083222458,0.8908120336113571,0.7935460792268015,4.219998269798692,0.8061609134804358
rf,45,87,0.76,20949,0.7968530010298753,0.8939219580181909,0.7990964670270762,4.171631231324087,0.7975355576631434
rf,45,87,0.77,21225,0.790491762592728,0.8899643340930768,0.7920365159577337,4.236441914979527,0.8025036339685476
rf,45,87,0.78,21501,0.7879801442793637,0.8883423452918149,0.789152122438562,4.261759834398363,0.807798023928157
rf,45,87,0.79,21776,0.7941981060837495,0.8919324932553843,0.795543572524766,4.198801930693859,0.7913851502553002
rf,45,87,0.8,22052,0.7942442035788981,0.8922339291229829,0.7960813842782362,4.198331660261217,0.7895001141882207
rf,45,87,0.81,22328,0.7863225409244639,0.8877447908897613,0.788090813751906,4.278386941399769,0.7984669656166524
rf,45,87,0.82,22603,0.7904259528212371,0.8905115818669307,0.7930108774391432,4.237107228638451,0.800645031513602
rf,45,87,0.83,22879,0.7941332433621345,0.8925780561700175,0.7966955863562469,4.199463548184593,0.7926601235726886
rf,45,87,0.84,23155,0.7905838241209217,0.8901945638130259,0.7924463614422633,4.235511029932519,0.7914626101602542
rf,45,87,0.85,23430,0.7926271484108993,0.8916224312570992,0.7949905599208206,4.214796925054023,0.7830508314226219
rf,45,87,0.86,23706,0.7897565830830184,0.8897366600761273,0.7916313242834221,4.243868395725345,0.7859663480531859
rf,45,87,0.87,23982,0.7950608710977229,0.8932309133498957,0.7978614645638888,4.189991554921722,0.779114058979919
rf,45,87,0.88,24257,0.7849928493314249,0.8871074335965605,0.7869595987422761,4.291678264211813,0.7845016233026154
rf,45,87,0.89,24533,0.7955190619016739,0.893438017458595,0.7982314910403446,4.185305066150179,0.7800099406886513
rf,45,87,0.9,24808,0.7898469647848996,0.8902932389637591,0.7926220513445811,4.242956097766761,0.7834400126391282
rf,45,87,0.91,25084,0.7933845958156086,0.8919949844247874,0.7956550522389767,4.207092426820058,0.7765278001576941
rf,45,87,0.92,25360,0.7922116911492976,0.8910277633478889,0.7939304750567415,4.219016840574827,0.774614251365561
rf,45,87,0.93,25635,0.7985180958285109,0.8955267521257898,0.8019681637729658,4.154499662336242,0.7639473301987326
rf,45,87,0.94,25911,0.7934911803650666,0.8921925859509345,0.7960076104258157,4.206007152232659,0.7775536012550379
rf,45,87,0.95,26187,0.7977807472714571,0.8957906221927829,0.8024408388085332,4.162094678905539,0.7643656608947449
rf,45,87,0.96,26462,0.7907481138970931,0.8907006764610984,0.7933476950482583,4.233849296578253,0.7810765841670321
rf,45,87,0.97,26738,0.7974781515279268,0.8940433272408753,0.7993134709839349,4.165207541117338,0.766805390719374
rf,45,87,0.98,27014,0.7941924096613643,0.8926401376600784,0.7968064153618037,4.198860039935101,0.774872514960328
rf,45,87,0.99,27289,0.7952805979997646,0.8935624772865243,0.7984539008144302,4.187744788351075,0.7664602014601912
rf,45,87,1.0,27565,0.8034388758690489,0.89821611257277,0.806792184885339,4.103453517830807,0.7601450004665111
rf,46,88,0.01,276,0.2760972968199973,0.5897597581046456,0.3478165722796501,7.874823050728772,1.9058536311952587
rf,46,88,0.02,551,0.4675304763670959,0.7130717294313138,0.5084712913141648,6.753798238555753,1.6115897333342044
rf,46,88,0.03,827,0.5048056356632928,0.7261244043050935,0.5272566505274269,6.513112075157432,1.4642108748391005
rf,46,88,0.04,1103,0.5279202795604248,0.747385756631164,0.5585854692151375,6.359286288397413,1.3696892968382626
rf,46,88,0.05,1378,0.5236725858042814,0.7458526905598556,0.5562962360153757,6.38783211265311,1.3445594570502006
rf,46,88,0.06,1654,0.5552131584132114,0.7691208177091515,0.5915468322335939,6.172721316486062,1.3202226183991554
rf,46,88,0.07,1930,0.5602674329031195,0.7712096049087976,0.5947642547035837,6.137549676423436,1.3202975392401415
rf,46,88,0.08,2205,0.5734850044998494,0.7768755953844811,0.603535690703992,6.0446040399493555,1.3157796191519286
rf,46,88,0.09,2481,0.5874316299159332,0.7890284697478976,0.622565926072709,5.944956338155356,1.2606603220307793
rf,46,88,0.1,2756,0.5855220376751764,0.7855142654457682,0.6170326612188047,5.958698710694275,1.289007318017719
rf,46,88,0.11,3032,0.6287040460210569,0.7945079909977775,0.6312429477593244,5.6397624683289775,1.3037137373343388
rf,46,88,0.12,3308,0.6233627157265954,0.7919959203654274,0.6272575378754804,5.68018341616742,1.290148509584084
rf,46,88,0.13,3583,0.6628585716889049,0.819787984529792,0.6720523395794185,5.374112652171311,1.2073532625736865
rf,46,88,0.14,3859,0.6343634045504287,0.7996404493329304,0.6394248482093708,5.5966162986556505,1.241661822528726
rf,46,88,0.15,4135,0.6520205602926563,0.8128920493025052,0.6607934838192266,5.45980958897027,1.196380744706226
rf,46,88,0.16,4410,0.6641383959724514,0.8181615814811696,0.6693883734117685,5.363902605226696,1.16869749495563
rf,46,88,0.17,4686,0.6792421283735942,0.8268448913820748,0.6836724744046352,5.241907659432147,1.1329183604268303
rf,46,88,0.18,4962,0.6927678568909792,0.8361640196051218,0.6991702676821945,5.130196851854655,1.108688071301951
rf,46,88,0.19,5237,0.687261793955783,0.8323018678883904,0.6927263992905037,5.175963141027158,1.1243940171451252
rf,46,88,0.2,5513,0.7006986974503,0.8381972056890036,0.7025745556248538,5.063548896417165,1.0891948379423013
rf,46,88,0.21,5789,0.6933043753953574,0.8337883777562405,0.6952030588813832,5.125715471405133,1.0912831534887604
rf,46,88,0.22,6064,0.6968406686336057,0.8366273232448147,0.6999452779997837,5.096079270919288,1.0821743408060367
rf,46,88,0.23,6340,0.7031220049628099,0.8408337258987515,0.7070013546087768,5.043008600930256,1.0529049890092128
rf,46,88,0.24,6616,0.6906800505695917,0.8322936959058607,0.6927127962446372,5.147598550741952,1.0845527542496989
rf,46,88,0.25,6891,0.7056589880186729,0.8411494375350625,0.7075323762655521,5.021414750979085,1.046477559142705
rf,46,88,0.26,7167,0.714045214257921,0.8463321563711635,0.7162781189078636,4.949363934410444,1.0298929682117341
rf,46,88,0.27,7443,0.7150073147466918,0.8476321597368549,0.7184802782201651,4.941030803212244,1.0260052895801783
rf,46,88,0.28,7718,0.7103506047672181,0.8442120408341097,0.7126939698892926,4.981234848163088,1.020709594974836
rf,46,88,0.29,7994,0.7087910521604319,0.8439252983042088,0.7122099091178479,4.99462701994231,1.0204828193845175
rf,46,88,0.3,8270,0.728738285510111,0.8563557593681039,0.7333451866029219,4.820531841137344,0.9926689320987926
rf,46,88,0.31,8545,0.7346224849164014,0.8586266090157667,0.7372396537099143,4.767961789070956,0.983110018604167
rf,46,88,0.32,8821,0.7305405679870566,0.8577675195017911,0.7357651175122556,4.804491171553692,0.983756009131766
rf,46,88,0.33,9096,0.729228782343526,0.8569685691614791,0.7343951285306728,4.816171613910734,0.9845268828145212
rf,46,88,0.34,9372,0.7249218861263836,0.8545257495516914,0.73021425664688,4.8543235956859565,0.9913646589499674
rf,46,88,0.35,9648,0.7241895396651623,0.85436742756772,0.7299437012886832,4.86078118628054,0.9898178828769514
rf,46,88,0.36,9923,0.7288031425933125,0.8566644565314899,0.733873991084393,4.8199555262573535,0.9679041221312686
rf,46,88,0.37,10199,0.7379091133693403,0.8618368147736637,0.7427626952992143,4.7383448480020105,0.9543634170208581
rf,46,88,0.38,10475,0.7407984755264898,0.8650082946698515,0.7482393498476447,4.712154054662076,0.9422065657685864
rf,46,88,0.39,10750,0.7379326915497681,0.862644640200588,0.7441557752668019,4.738131708079493,0.9418346886284805
rf,46,88,0.4,11026,0.7463036311059302,0.8679872248684435,0.7534018225348219,4.661845006501934,0.9228640355884735
rf,46,88,0.41,11302,0.7458046570461063,0.8674263449364011,0.7524284638897244,4.666427250013231,0.917288355694033
rf,46,88,0.42,11577,0.7445934569595833,0.8679325846069144,0.7533069714224385,4.677531427462973,0.9279588322583809
rf,46,88,0.43,11853,0.7451184527102375,0.8668739794739698,0.7514704962890366,4.67272155194978,0.9265308928171595
rf,46,88,0.44,12129,0.7459187016280957,0.8676781168732004,0.7528653145006232,4.665380337739071,0.9364770142597351
rf,46,88,0.45,12404,0.7452980659059452,0.8662414796652866,0.7503743010927052,4.6710748451349415,0.9291684925152576
rf,46,88,0.46,12680,0.748749264333,0.8686426481751853,0.7545400502287988,4.63932049591416,0.9145248828053
rf,46,88,0.47,12956,0.7571468416242231,0.8752759174163979,0.7661079316091169,4.56113138753252,0.9041251571254488
rf,46,88,0.48,13231,0.7716981805650918,0.88250372558216,0.7788128256663923,4.422373215002411,0.8887984786433393
rf,46,88,0.49,13507,0.7616105107475972,0.8772329762015145,0.7695376945353669,4.519019925656437,0.900188508432685
rf,46,88,0.5,13782,0.7699654002241586,0.8811863617862254,0.7764894041980446,4.43912410208643,0.8729404135722212
rf,46,88,0.51,14058,0.7675139300521578,0.8782667715807227,0.7713525220628255,4.462715206478667,0.8842378847827231
rf,46,88,0.52,14334,0.7573918338724426,0.8735337053783138,0.7630611344319667,4.5588301537254665,0.8948766502358272
rf,46,88,0.53,14609,0.767389294366106,0.8803388571606294,0.7749965034268831,4.463911276086294,0.8739673560558389
rf,46,88,0.54,14885,0.7714060080674955,0.883166527954828,0.779983116099786,4.425202107694858,0.877206676905129
rf,46,88,0.55,15161,0.7605078329243757,0.8766440456078526,0.7685047826997027,4.529459299635557,0.8895484377499153
rf,46,88,0.56,15436,0.7650266055863049,0.8790459796771253,0.772721834386517,4.486524565676178,0.8670808998819334
rf,46,88,0.57,15712,0.7658818520098956,0.8787512161783714,0.7722036999349667,4.478352189432751,0.8716558098618892
rf,46,88,0.58,15988,0.7588390525368769,0.8736894712684478,0.7633332922053399,4.545212531595243,0.8837524989011114
rf,46,88,0.59,16263,0.7580581364346628,0.873638347903816,0.763243962928109,4.552565631122334,0.8675257364895872
rf,46,88,0.6,16539,0.7601107760942791,0.875873287133287,0.7671540151136695,4.533212466120914,0.8709928694847978
rf,46,88,0.61,16815,0.7515715664905502,0.8700494083442523,0.7569859729601834,4.613190140062549,0.8778889827260704
rf,46,88,0.62,17090,0.7603470375457045,0.8757647315360626,0.7669638650024319,4.5309795871778515,0.8644100493923814
rf,46,88,0.63,17366,0.7662223057801443,0.8788260008133748,0.7723351397056298,4.475094802944398,0.8532270818272341
rf,46,88,0.64,17642,0.7670426094094459,0.8798286211029419,0.7740984025119041,4.467236563037728,0.8483664103347477
rf,46,88,0.65,17917,0.7749396216461328,0.8842754004112088,0.7819429837724036,4.390866439282407,0.8357423814431035
rf,46,88,0.66,18193,0.76542221404379,0.8786263249821762,0.7719842189516847,4.482746149041049,0.8450647915339159
rf,46,88,0.67,18469,0.7675480644686261,0.8795157719719549,0.7735479931474237,4.462387578738718,0.8558085584108799
rf,46,88,0.68,18744,0.7643051756971768,0.8772510442492667,0.7695693946364289,4.4934066902363385,0.8418466855274022
rf,46,88,0.69,19020,0.7651617360939207,0.8783101441336264,0.7714287092880315,4.485234305702738,0.8496897794031261
rf,46,88,0.7,19296,0.7708147629052782,0.8819556274736187,0.7778457288323845,4.43092117695318,0.8389665666953704
rf,46,88,0.71,19571,0.7744035359276208,0.8840925640831144,0.7816196618670558,4.396092771787736,0.8252306501883319
rf,46,88,0.72,19847,0.7709489046073715,0.8820019095288721,0.7779273684125767,4.429624282108149,0.8322156472838725
rf,46,88,0.73,20122,0.7695809535025347,0.8813304652741394,0.776743389020331,4.442832010072017,0.8239149745950967
rf,46,88,0.74,20398,0.779015746874825,0.8873756893023783,0.787435613964871,4.3509227108580335,0.8104641482892514
rf,46,88,0.75,20674,0.7772577451533863,0.8859122078251779,0.7848404399736811,4.368194931133022,0.8181110037281519
rf,46,88,0.76,20949,0.7788855325478801,0.8865843040895086,0.7860317282578783,4.3522044063388305,0.8194602511277476
rf,46,88,0.77,21225,0.7688942412215636,0.8806024855771578,0.7754607376046684,4.449447516830184,0.8185808957732951
rf,46,88,0.78,21501,0.7809129612962203,0.8885258937394978,0.7894782638455733,4.332205479267183,0.8025787320060682
rf,46,88,0.79,21776,0.7830192247660154,0.8891993524777675,0.790675488446881,4.311330663434468,0.7977809554773831
rf,46,88,0.8,22052,0.7884127919565305,0.8909494527665479,0.7937909273850112,4.257409340707997,0.7939314631625856
rf,46,88,0.81,22328,0.7876236835977428,0.8908159527105053,0.7935530616035252,4.265340894824839,0.7944144822638715
rf,46,88,0.82,22603,0.7934063089645582,0.8948013348640266,0.8006694288744438,4.206871359990697,0.7787004092137496
rf,46,88,0.83,22879,0.7898719999186279,0.8915888411680639,0.7949306616954112,4.242703362570893,0.7882587558638247
rf,46,88,0.84,23155,0.7963055423671349,0.894855066346794,0.8007655897665251,4.177248491467189,0.776575159065898
rf,46,88,0.85,23430,0.7986727553948534,0.896393681707396,0.8035216326049404,4.152904838051944,0.7777604276652949
rf,46,88,0.86,23706,0.7943751888046535,0.8935756632835922,0.7984774660127117,4.196995107468653,0.7888695861862667
rf,46,88,0.87,23982,0.7899937816088495,0.8910271739524834,0.7939294247217492,4.2414737347480145,0.7902308391909313
rf,46,88,0.88,24257,0.7941170559542038,0.893553249063435,0.7984374089118211,4.199628647918063,0.7811240755667618
rf,46,88,0.89,24533,0.7951372164388676,0.8943186106269931,0.7998057773137953,4.189211039913474,0.7810813983189137
rf,46,88,0.9,24808,0.7974190802435335,0.896041651487212,0.8028906411999304,4.165814947731088,0.7676524497757621
rf,46,88,0.91,25084,0.7962703105004174,0.8952229169195814,0.8014240709780038,4.177609733251751,0.7743160586260893
rf,46,88,0.92,25360,0.7953417166230079,0.8951745961420015,0.8013375575779954,4.187119619706562,0.7673075340486908
rf,46,88,0.93,25635,0.8022360601667918,0.8985172956032053,0.8073333304980977,4.115989492610686,0.7691604506164558
rf,46,88,0.94,25911,0.8038608148253854,0.8988180308194247,0.8078738525261082,4.099046906242848,0.7598271207838441
rf,46,88,0.95,26187,0.8034980817908393,0.8990214686493817,0.8082396010924913,4.102835473325705,0.7562908630764087
rf,46,88,0.96,26462,0.8055660291652643,0.9002919973014054,0.8105256804049538,4.0811896585649,0.7605785949792816
rf,46,88,0.97,26738,0.8038388449339962,0.8982864545999575,0.8069185545177615,4.099276470502456,0.7571482514085766
rf,46,88,0.98,27014,0.8061228547071406,0.9001508403280623,0.8102715353433166,4.0753415549967045,0.751016066097996
rf,46,88,0.99,27289,0.8033953997415239,0.8985803250005338,0.8074466004780648,4.103907301368608,0.7703687600343444
rf,46,88,1.0,27565,0.7966396955349321,0.893911645624005,0.7990780301822168,4.173820774879886,0.7639576124052413
rf,47,89,0.01,276,0.39018431991054237,0.6403179916004866,0.41000713036728087,7.22769800672873,2.67026654535075
rf,47,89,0.02,551,0.48611223926256675,0.7003203069797609,0.49044853236822655,6.634907029893165,1.7770941434765348
rf,47,89,0.03,827,0.49438490475950314,0.706011471049246,0.49845219725312034,6.581285336861468,1.8265661501031714
rf,47,89,0.04,1103,0.5298871059147751,0.7350411752308472,0.540285529284745,6.346025110089972,1.6083863247524435
rf,47,89,0.05,1378,0.5580761464647064,0.7576162730066074,0.5739824171244222,6.152823068688672,1.49896424466355
rf,47,89,0.06,1654,0.5757108013707777,0.7671678248574357,0.5885464714964892,6.028811325064842,1.3777868611231754
rf,47,89,0.07,1930,0.5756232789929391,0.7728019579137533,0.5972228661553305,6.029433104615212,1.4602013089395338
rf,47,89,0.08,2205,0.5952899445347373,0.7830262012778835,0.6131300318876725,5.8880664446101,1.4009683330732476
rf,47,89,0.09,2481,0.6071970122510882,0.7900534156055277,0.6241843995099606,5.80080272209976,1.3407494440243652
rf,47,89,0.1,2756,0.6314036821936327,0.812826026875006,0.6606861499654081,5.619222138045958,1.2489758879714699
rf,47,89,0.11,3032,0.6338747118430474,0.8101206812839699,0.6562955182440035,5.600355137079799,1.2414424520778367
rf,47,89,0.12,3308,0.6311723324190612,0.8087629801272852,0.6540975580243675,5.620985316065769,1.2526633555546485
rf,47,89,0.13,3583,0.6584230456380832,0.8225114423416529,0.6765250727829462,5.409348794349388,1.169766574538043
rf,47,89,0.14,3859,0.6551107371739489,0.8221733698706845,0.6759690501245174,5.435513036536755,1.174944498912446
rf,47,89,0.15,4135,0.6563309263752579,0.8215129534966967,0.6748835327628658,5.425889323066665,1.1583612493393722
rf,47,89,0.16,4410,0.6711503848874683,0.8312685975005145,0.6910074811904724,5.307614521404219,1.1211681109771112
rf,47,89,0.17,4686,0.6950855306827028,0.8415168398032485,0.7081505916724463,5.1108098313517445,1.0731574603088359
rf,47,89,0.18,4962,0.680148817294041,0.8312255078504436,0.6909358449012278,5.234493744680153,1.1116223156817573
rf,47,89,0.19,5237,0.6939349817848095,0.8392403912762375,0.7043244343494922,5.120443188577557,1.0827718090731446
rf,47,89,0.2,5513,0.6999577740457513,0.840887191310694,0.7070912685103877,5.06981245571498,1.0689993519328735
rf,47,89,0.21,5789,0.7035997069465458,0.8445042968023355,0.7131875073176072,5.038949652259126,1.0432533595571551
rf,47,89,0.22,6064,0.7108337288121098,0.8500882342540254,0.7226500060171267,4.97707886041409,1.0290383888833627
rf,47,89,0.23,6340,0.7029306513542486,0.8455881862924561,0.7150193807973655,5.044633582340025,1.0464004457420102
rf,47,89,0.24,6616,0.7053577381414216,0.8459354046401827,0.7156067088237497,5.023983733319214,1.02645729827351
rf,47,89,0.25,6891,0.711370305439029,0.8497669400840101,0.7221038524597416,4.972458985125861,1.0168107083328977
rf,47,89,0.26,7167,0.7125441042778976,0.8506533134413378,0.7236110596687269,4.962337689695649,1.0218787794119326
rf,47,89,0.27,7443,0.7165646908612707,0.8520719382558182,0.7260265879630268,4.927511886424106,1.0103308411871086
rf,47,89,0.28,7718,0.711222875024732,0.8474090072764877,0.7181020256133224,4.973728774948591,1.0034021693954769
rf,47,89,0.29,7994,0.6977341959154808,0.8365236642452586,0.6997718408423141,5.088563675058601,1.043140488489813
rf,47,89,0.3,8270,0.6986886031494173,0.8382081428024059,0.7025928906602584,5.080523728691828,1.0306916330566602
rf,47,89,0.31,8545,0.711459168005768,0.8453232144035111,0.7145713368094844,4.971693472269619,1.0021454856921672
rf,47,89,0.32,8821,0.7251014360449133,0.8536622111630242,0.7287391707677437,4.852739071807207,0.9959241406268244
rf,47,89,0.33,9096,0.7202729331736357,0.8505050960189156,0.7233589183541448,4.895171936028021,0.9916544311204856
rf,47,89,0.34,9372,0.7290150636302573,0.8554608450213945,0.7318132573647184,4.818071932161658,0.9680674038706188
rf,47,89,0.35,9648,0.7291459532796458,0.8551853882324253,0.7313420482462439,4.816908192353228,0.9672501750233629
rf,47,89,0.36,9923,0.731953878962168,0.8574948723890231,0.735297456173467,4.791874862009081,0.9526240570645963
rf,47,89,0.37,10199,0.733740931608561,0.8596778860913737,0.739046067834533,4.775874531085321,0.9512720982186121
rf,47,89,0.38,10475,0.7294993705732444,0.8570572749796241,0.7345471725954991,4.813764553986209,0.9516921455843635
rf,47,89,0.39,10750,0.7380230324624619,0.8615548984635228,0.7422768430664911,4.737314963630515,0.9352028140064423
rf,47,89,0.4,11026,0.7405366187399993,0.8638272935155836,0.7461975930224582,4.7145336665115805,0.9378134159944772
rf,47,89,0.41,11302,0.746244951371978,0.868074084037134,0.7535526153769092,4.662384115534963,0.919068509626542
rf,47,89,0.42,11577,0.7479280257360796,0.8684198855791564,0.754153097669315,4.646896355917403,0.9102857790078654
rf,47,89,0.43,11853,0.754062423906232,0.8723865280144221,0.761058254261058,4.5900048970936815,0.8993616936809817
rf,47,89,0.44,12129,0.7531347462257675,0.8717018476875066,0.759864111261813,4.59865350902498,0.8933420201686135
rf,47,89,0.45,12404,0.7514202598691165,0.8704825058569281,0.7577397930029569,4.614594769869905,0.8927997012038938
rf,47,89,0.46,12680,0.7457838689093252,0.868030031789685,0.7534761360888015,4.666618056704668,0.8926472364838102
rf,47,89,0.47,12956,0.7512342498092968,0.8711209822464631,0.7588517657100426,4.616320977590529,0.8792403142116817
rf,47,89,0.48,13231,0.7462503213727729,0.8670674350524379,0.7518059369284136,4.662334782252724,0.8842228302407159
rf,47,89,0.49,13507,0.7432911289286264,0.8659838848811583,0.7499280888738632,4.689441722569356,0.8880745607090782
rf,47,89,0.5,13782,0.7479181475923675,0.8681489480591088,0.7536825960161372,4.6469874058257785,0.8778316166512902
rf,47,89,0.51,14058,0.7486095188012257,0.8685943222371216,0.7544560966225646,4.640610510416408,0.8784480680241508
rf,47,89,0.52,14334,0.7519560483279307,0.8707311157900802,0.7581726760050381,4.609618941322268,0.8716384897362733
rf,47,89,0.53,14609,0.7537282151090843,0.8731754199938538,0.762435314081443,4.593122556546496,0.8605426710434729
rf,47,89,0.54,14885,0.75975893396452,0.8762482360228815,0.7678109711332114,4.536535647336391,0.8445242320075874
rf,47,89,0.55,15161,0.7548483364099087,0.8727015331801199,0.7616079660149319,4.5826651713045345,0.8561079186547536
rf,47,89,0.56,15436,0.7594200936639645,0.8740694951356149,0.7639974823266288,4.539733725624153,0.8533228390903196
rf,47,89,0.57,15712,0.7604330938530935,0.8744649975518912,0.7646890319434291,4.530166005784611,0.8632603586938186
rf,47,89,0.58,15988,0.7607595645487417,0.8751392233556136,0.7658686602554665,4.527078203129639,0.8575514188768116
rf,47,89,0.59,16263,0.7671280668179399,0.8790632746801491,0.7727522408913873,4.466417113875691,0.8374880030079893
rf,47,89,0.6,16539,0.7640633896687995,0.8785647520233557,0.7718760234978606,4.495710865717096,0.8444294785494593
rf,47,89,0.61,16815,0.763644554324182,0.8778724527996217,0.770660043384424,4.499699495730601,0.8375477808882827
rf,47,89,0.62,17090,0.7623694738444149,0.8766220964405735,0.7684662999678662,4.5118205655453725,0.8477673644154863
rf,47,89,0.63,17366,0.7698022425017862,0.8812648001360777,0.776627647958881,4.4406981022502094,0.8347429972461322
rf,47,89,0.64,17642,0.7632120951102718,0.8778009509528361,0.7705345094937033,4.503814161240619,0.8412692750985417
rf,47,89,0.65,17917,0.7708783261461387,0.8824302846947956,0.778683207346538,4.430306688768077,0.8228957546103126
rf,47,89,0.66,18193,0.7731774037560346,0.8839267429138978,0.781326486838372,4.408023115246711,0.820144191889691
rf,47,89,0.67,18469,0.7745470407272144,0.8853694936595706,0.7838791403030044,4.394694343910503,0.8153855606351029
rf,47,89,0.68,18744,0.7714527253872319,0.8833947505297264,0.7803862852634775,4.424749899516653,0.817586566417338
rf,47,89,0.69,19020,0.7629898979584303,0.8785010837434766,0.7717641541384629,4.505926811424602,0.8316729799319599
rf,47,89,0.7,19296,0.7732636787426536,0.8852592838838723,0.7836839997025864,4.407184710449959,0.8129347042784654
rf,47,89,0.71,19571,0.7786660343073858,0.8874624088438223,0.7875895271108797,4.354364066578275,0.8062085840713714
rf,47,89,0.72,19847,0.7737074666261788,0.8841850058915035,0.7817831246433581,4.402869536895136,0.8047681132251341
rf,47,89,0.73,20122,0.7720863908760609,0.8830443557821481,0.779767334278709,4.418611656435269,0.8111470358394783
rf,47,89,0.74,20398,0.7739514330909343,0.8840572656338169,0.7815572489199412,4.400495525328393,0.8085431630005524
rf,47,89,0.75,20674,0.7762092023224016,0.8861344147764212,0.7852342010511505,4.3784643383614466,0.8065611761740004
rf,47,89,0.76,20949,0.7769592014218923,0.8866334495400428,0.7861188738432755,4.371121319155816,0.804277991575539
rf,47,89,0.77,21225,0.7769549168389697,0.8866432540502613,0.7861362599528363,4.371163303272477,0.8001737809479338
rf,47,89,0.78,21501,0.7800029157363868,0.8879844207867827,0.7885163315600381,4.341193730610592,0.7950829056996133
rf,47,89,0.79,21776,0.7775095883073898,0.8856665471011983,0.7844052326541591,4.365724786611094,0.7978652845927882
rf,47,89,0.8,22052,0.7868220988734562,0.892437222924822,0.7964441968617684,4.273382780267513,0.7867198354760503
rf,47,89,0.81,22328,0.7818147768578685,0.8891163563897486,0.7905278951997825,4.323280079063154,0.7932248264801226
rf,47,89,0.82,22603,0.782770868122965,0.8897291054453522,0.7916178810765867,4.313797336783155,0.795804766493818
rf,47,89,0.83,22879,0.7914593035321438,0.8928446191394289,0.7971715139262319,4.226648327930436,0.7855163076777726
rf,47,89,0.84,23155,0.7982323423958383,0.8955544390402066,0.8020177532846191,4.157444695828956,0.7754827171073625
rf,47,89,0.85,23430,0.7933768204731644,0.8940879091529699,0.7993931892935293,4.2071715866404436,0.7827594463104806
rf,47,89,0.86,23706,0.7947185562005705,0.8934779045369585,0.7983027658957543,4.193489418166078,0.7841914704432643
rf,47,89,0.87,23982,0.7913319523003113,0.8929385202149018,0.7973392008835787,4.22793869170123,0.7912311894738723
rf,47,89,0.88,24257,0.7949919798313079,0.8944181888218531,0.799983896495364,4.190695738578643,0.7797527751552034
rf,47,89,0.89,24533,0.7936247726625429,0.8938573974779758,0.7989810470261,4.204646481385916,0.781933733000053
rf,47,89,0.9,24808,0.7943247101556261,0.8933855918883796,0.7981378157937504,4.197510234123644,0.7836953748084127
rf,47,89,0.91,25084,0.7959218321372055,0.8947043589786241,0.8004958899753507,4.181181094402849,0.7762113248283862
rf,47,89,0.92,25360,0.7990461473179449,0.896200248070378,0.8031748846414071,4.1490519547063975,0.7740685415919747
rf,47,89,0.93,25635,0.7930644713236914,0.8928322179117949,0.7971493693412948,4.21035034474508,0.7760603968593129
rf,47,89,0.94,25911,0.7955014258749621,0.8943283946842796,0.7998232775385606,4.185485548891419,0.7640341492369559
rf,47,89,0.95,26187,0.7972290650642038,0.8953478471086987,0.8016477673221818,4.16776819817831,0.7657751583601801
rf,47,89,0.96,26462,0.7952893389766633,0.8936793501998594,0.7986627809736431,4.187655384584658,0.777630030633768
rf,47,89,0.97,26738,0.793483213914638,0.8926780953539214,0.7968741819247048,4.206088278608758,0.7666685151108803
rf,47,89,0.98,27014,0.7956794221570314,0.8935089458755056,0.7983582363595572,4.183663621640868,0.7727468031083418
rf,47,89,0.99,27289,0.7862496543929194,0.8882625293299085,0.7890103210115664,4.279116569593462,0.7857147395504764
rf,47,89,1.0,27565,0.7978660464589776,0.8946575790022474,0.8004121836661625,4.161216768577586,0.7660055644099054
rf,48,90,0.01,276,0.3888460349220445,0.6484352597374929,0.4204682860708299,7.235624515510303,2.1448775236191926
rf,48,90,0.02,551,0.45167169786227,0.7001669728033296,0.49023378980457855,6.853636014598444,1.6221768626434576
rf,48,90,0.03,827,0.49926133482330604,0.727676872997278,0.5295136314950967,6.549471676174234,1.453258607125905
rf,48,90,0.04,1103,0.5430564889476611,0.7592168140692911,0.5764101707655245,6.256507390015347,1.3652504519763384
rf,48,90,0.05,1378,0.5673396105710983,0.7761285886506658,0.6023755861208744,6.087994804068717,1.2544786393317733
rf,48,90,0.06,1654,0.5476947145609873,0.765702697255449,0.5863006205842698,6.224672920158339,1.2787705962322076
rf,48,90,0.07,1930,0.5773072081520039,0.7830066466530111,0.6130994087027934,6.017458802451737,1.1888793709104812
rf,48,90,0.08,2205,0.5859934007086467,0.7724157254828906,0.5966260529732602,5.95530949636011,1.2491618196493643
rf,48,90,0.09,2481,0.5978114477899972,0.7813184173368014,0.6104584692696842,5.869695296982544,1.2168259976016413
rf,48,90,0.1,2756,0.6267565105851776,0.7961324292093995,0.6338268448388595,5.65453407012426,1.1843320153266297
rf,48,90,0.11,3032,0.6341157022966759,0.8006491204413613,0.6410390140635255,5.598511704885994,1.1536415149112365
rf,48,90,0.12,3308,0.6629492180384743,0.8179063540705797,0.6689708040290284,5.373390141672965,1.1200924627934126
rf,48,90,0.13,3583,0.6564666900894606,0.8131421153117522,0.6612000996936709,5.424817490147895,1.105966829001147
rf,48,90,0.14,3859,0.6637170715743534,0.8173129435404792,0.6680004476788026,5.367265947005872,1.0752298757500158
rf,48,90,0.15,4135,0.6633204908401484,0.8187046159333513,0.6702772481505763,5.37042984101478,1.0780581010896801
rf,48,90,0.16,4410,0.6791149011423336,0.830129574927709,0.6891151111696588,5.242947146437845,1.034285770103296
rf,48,90,0.17,4686,0.6849343911375818,0.8321786994711424,0.6925213878534819,5.195187241765755,1.0396583565108548
rf,48,90,0.18,4962,0.6950179989087173,0.8361492865723865,0.699145629435511,5.111375765377409,1.0102535579551548
rf,48,90,0.19,5237,0.6933761621310458,0.834334077885414,0.6961133535209041,5.125115560799453,1.0070038096249452
rf,48,90,0.2,5513,0.7042217011289749,0.8407206426637155,0.7068111990008908,5.0336597732615065,1.0077395780021063
rf,48,90,0.21,5789,0.6968523632667833,0.8373960578740605,0.7012321577430168,5.095980977140552,1.0042791361569052
rf,48,90,0.22,6064,0.7044263312683718,0.8409068346034694,0.7071243044828266,5.0319182379271865,0.9887308863179782
rf,48,90,0.23,6340,0.7000404458325952,0.8385574075675946,0.7031785257864849,5.069113955148137,0.9860643805647153
rf,48,90,0.24,6616,0.6935474097410823,0.8342533855201342,0.6959787112518057,5.123684187469519,0.9941033050061382
rf,48,90,0.25,6891,0.7113422246863186,0.8458028837149166,0.7153825181004688,4.9727008642494654,0.9758934575544965
rf,48,90,0.26,7167,0.7059888277261397,0.8425754513631302,0.7099333912397825,5.018600453669679,0.967740277658099
rf,48,90,0.27,7443,0.7073628770298939,0.8443792004265037,0.7129762341129018,5.006859607049354,0.979281767398897
rf,48,90,0.28,7718,0.7111303679644976,0.8444382171457671,0.7130759025763216,4.974525354985402,0.972680157812376
rf,48,90,0.29,7994,0.7319829933228044,0.8581307371632189,0.7363883620642894,4.791614615449879,0.9401499169245734
rf,48,90,0.3,8270,0.7185542448040396,0.8505892844021469,0.7235021307397563,4.910187271488972,0.9491637147742717
rf,48,90,0.31,8545,0.7247118044404948,0.853612424026237,0.7286541704519484,4.856176905341204,0.9306005160555848
rf,48,90,0.32,8821,0.7344106228977987,0.8605574949812451,0.7405592021683958,4.769864641462341,0.9199921265989169
rf,48,90,0.33,9096,0.7366310351003272,0.8609453010154934,0.7412268113406585,4.749883995090241,0.922031026803249
rf,48,90,0.34,9372,0.7462131747638523,0.8673360831600391,0.7522718811513982,4.662676031136,0.8994698377919115
rf,48,90,0.35,9648,0.7453058545525229,0.8670409498321906,0.7517600086859073,4.671003425125175,0.8981645857227728
rf,48,90,0.36,9923,0.7524924028598031,0.871734391565054,0.7599208494372948,4.6046324702259644,0.8897866726263883
rf,48,90,0.37,10199,0.7517384058752357,0.8713613129747834,0.7592705377491383,4.611640818474904,0.8817084547428949
rf,48,90,0.38,10475,0.7545118097609134,0.8736493549607384,0.7632631954233142,4.585809469903812,0.8806889076247155
rf,48,90,0.39,10750,0.7576301457919375,0.8742814725535747,0.764368093250447,4.556590553737586,0.8683543716113233
rf,48,90,0.4,11026,0.7506869670079849,0.8699035132992553,0.7567321224503877,4.62139612372162,0.8737737396419507
rf,48,90,0.41,11302,0.7570346385862646,0.8741265357327774,0.7640972004721867,4.562184933022631,0.8574471863496271
rf,48,90,0.42,11577,0.757638633861348,0.8731432172576925,0.762379077843114,4.556510764533495,0.8598260811709402
rf,48,90,0.43,11853,0.7536169002340309,0.870650030365416,0.7580314753752998,4.594160485235299,0.862166110673279
rf,48,90,0.44,12129,0.760892311266411,0.8750114612981821,0.76564505740318,4.525822064808681,0.85061249838321
rf,48,90,0.45,12404,0.7676544964464747,0.8800078351046452,0.7744137898455644,4.461365872655327,0.840187090882417
rf,48,90,0.46,12680,0.7519430758973402,0.868655432667459,0.7545622607026905,4.609739478790609,0.8731136681720554
rf,48,90,0.47,12956,0.7491900566087537,0.8675353999787996,0.7526176702163758,4.635249116094697,0.8675163028244262
rf,48,90,0.48,13231,0.7525240745272117,0.8686585862069145,0.7545677393909955,4.604337850877886,0.8613505450759592
rf,48,90,0.49,13507,0.7421046042560768,0.862813143330505,0.7444465203038665,4.700266677014868,0.8816181895819775
rf,48,90,0.5,13782,0.7477687838401448,0.8671999121462329,0.7520356876264341,4.648363920405012,0.8652973962121807
rf,48,90,0.51,14058,0.7477126206779279,0.8671434549939394,0.7519377715388262,4.648881406483579,0.8700269102823616
rf,48,90,0.52,14334,0.75337849581513,0.8707354729353172,0.7581802638278905,4.596382641178641,0.8494168954173098
rf,48,90,0.53,14609,0.7629595107404675,0.8757797358168365,0.766990145667408,4.506215656057198,0.8438143721759471
rf,48,90,0.54,14885,0.75514970557254,0.8713052488981241,0.759172836757422,4.579847530480366,0.846878080888492
rf,48,90,0.55,15161,0.7589001902830868,0.873763477468438,0.7634626145577375,4.544636356913403,0.8379035372905589
rf,48,90,0.56,15436,0.7618519896290634,0.8754195608801264,0.7663594075715533,4.516730553822335,0.829139089683906
rf,48,90,0.57,15712,0.7665139796008078,0.8779869539123789,0.7708610912403377,4.472302245278762,0.8422986012002404
rf,48,90,0.58,15988,0.7698672751067501,0.8793086106359334,0.7731836327384954,4.4400707925669645,0.83129186219502
rf,48,90,0.59,16263,0.7650937377615508,0.8770922006625036,0.7692907284629935,4.485883617219422,0.8259325712699946
rf,48,90,0.6,16539,0.765042299349174,0.8776096853564856,0.7701987598315098,4.4863747367380435,0.8246250159466602
rf,48,90,0.61,16815,0.7679707504325484,0.879135822230459,0.7728797939288253,4.458328574404757,0.8248879987867103
rf,48,90,0.62,17090,0.7657294706197166,0.8782329566974509,0.7712931262295467,4.4798093736202595,0.8245943392217522
rf,48,90,0.63,17366,0.772649139028813,0.8815996771909255,0.777217990823144,4.413153223374283,0.812190630679622
rf,48,90,0.64,17642,0.7619733471917522,0.8760838034126993,0.7675228306020612,4.51557956948342,0.8252787055896421
rf,48,90,0.65,17917,0.7688865979124387,0.8800416678428229,0.7744733371395774,4.449521094013637,0.820983130679835
rf,48,90,0.66,18193,0.7635053984023391,0.8771746416764071,0.7694353520001332,4.501023915594676,0.8273908743441127
rf,48,90,0.67,18469,0.7707497517169439,0.8800862572073075,0.774551820125167,4.4315495748155,0.8150642611459448
rf,48,90,0.68,18744,0.7738482577112326,0.8821861004284479,0.7782523157891515,4.4014996701617495,0.8053694552147544
rf,48,90,0.69,19020,0.7711216416733387,0.8811835791602259,0.7764845001816262,4.427953684081033,0.8120016080278157
rf,48,90,0.7,19296,0.774661056854026,0.883862680217843,0.781213237481869,4.393582960420432,0.8047193748649323
rf,48,90,0.71,19571,0.7624631404818163,0.875403621410243,0.766331500378168,4.510931267523242,0.822464204162709
rf,48,90,0.72,19847,0.7726762859825109,0.8818160355333834,0.7775995205238133,4.412889738023438,0.8060215602377268
rf,48,90,0.73,20122,0.7761729551362766,0.8838548130615395,0.7811993305720488,4.378818911890777,0.807124915222452
rf,48,90,0.74,20398,0.7796578920123977,0.8853583090723289,0.7838593354434136,4.344596566682033,0.7936274103321679
rf,48,90,0.75,20674,0.7690726715584867,0.8790516560988421,0.7727318140901169,4.447729537747501,0.8082028420117447
rf,48,90,0.76,20949,0.772321187190492,0.8807592126531109,0.7757367906733278,4.4163350458489585,0.8050316130009431
rf,48,90,0.77,21225,0.7863221709472002,0.8879995113346,0.7885431321304883,4.278390645359032,0.7920710790372726
rf,48,90,0.78,21501,0.7787371300749311,0.8839898561686729,0.7814380658091109,4.353664667101372,0.8145479816780204
rf,48,90,0.79,21776,0.7868389994195899,0.8892622086335987,0.7907872757039061,4.273213381999837,0.7968280520682951
rf,48,90,0.8,22052,0.7865306431425918,0.8884485595367658,0.7893408429429541,4.2763030559497555,0.8003199727791511
rf,48,90,0.81,22328,0.7891912272016561,0.8900039552662015,0.7921070403894828,4.249570560383813,0.8046278317756098
rf,48,90,0.82,22603,0.7888941158304159,0.8903238769339117,0.7926766058386311,4.252564153015185,0.8032631418611461
rf,48,90,0.83,22879,0.7911848960040444,0.8914612382916541,0.7947031393764894,4.229428223779697,0.7906167484182725
rf,48,90,0.84,23155,0.792152006607096,0.8918501193599935,0.7953966354024347,4.219622726465016,0.790760265608273
rf,48,90,0.85,23430,0.7876537285622429,0.889814070732617,0.7917690804737507,4.265039174391301,0.8011625396165992
rf,48,90,0.86,23706,0.7892160232536046,0.8901379784291367,0.7923456206419102,4.249320628491205,0.8062498871334656
rf,48,90,0.87,23982,0.7976128564688392,0.8949385752958045,0.8009150535524843,4.163822092167314,0.779127202291105
rf,48,90,0.88,24257,0.7926173592460597,0.8926702305120445,0.7968601404424267,4.214896404939268,0.7823567075404674
rf,48,90,0.89,24533,0.7939465867603995,0.8928147567329042,0.7971181898400349,4.201366915221721,0.7866428917082561
rf,48,90,0.9,24808,0.7968401562595226,0.894432024631565,0.8000086466865205,4.171763113159534,0.7868290942291963
rf,48,90,0.91,25084,0.7971598885395809,0.8947520804692731,0.8005812855040926,4.168479067154303,0.7887799641801427
rf,48,90,0.92,25360,0.7972680635434239,0.8949598476706682,0.8009531289427055,4.167367390149907,0.7858979345213737
rf,48,90,0.93,25635,0.7970558703690503,0.8946739463609569,0.8004414702970883,4.169547746296309,0.780970267210174
rf,48,90,0.94,25911,0.7895484587339711,0.8895324964074042,0.7912680621647885,4.245968423114766,0.7930165373722581
rf,48,90,0.95,26187,0.8068928333567394,0.8997592620329741,0.8095667296141221,4.067240941242513,0.7629278520031945
rf,48,90,0.96,26462,0.792080462826297,0.8919971334872336,0.7956588861494417,4.220348886445175,0.789694852962927
rf,48,90,0.97,26738,0.7997841576989816,0.8959262185267709,0.8026837890436792,4.141426174175028,0.7688092248022003
rf,48,90,0.98,27014,0.8006546095184669,0.8966272224265108,0.8039403759962798,4.132413803833311,0.7684690452935631
rf,48,90,0.99,27289,0.8012894399813357,0.8966726465570253,0.8040218350835799,4.12582856480802,0.7653647760045169
rf,48,90,1.0,27565,0.7957842061648506,0.8936945232479822,0.7986899008834382,4.182590706554068,0.7744314180771972
rf,49,91,0.01,276,0.3109052983704945,0.6601816550766126,0.43583981769969554,7.683165000631246,1.7547453051285253
rf,49,91,0.02,551,0.4226355845424996,0.7092528310771314,0.503039578390926,7.032758616426152,1.5193580066541355
rf,49,91,0.03,827,0.46524547307158426,0.7290303021902672,0.5314851815116324,6.76827411889845,1.4261209956209617
rf,49,91,0.04,1103,0.46391968092307545,0.7498441877538715,0.5622663059082633,6.7766590594000595,1.3198904486607987
rf,49,91,0.05,1378,0.5098101589540918,0.7616084048550631,0.5800473623458737,6.480117159424946,1.2878906676156807
rf,49,91,0.06,1654,0.542447067534719,0.7769208804571502,0.6036060544903136,6.26067812341876,1.2562277066973826
rf,49,91,0.07,1930,0.562987834900792,0.7903929826203464,0.6247210669754872,6.11853527177254,1.2032234883566773
rf,49,91,0.08,2205,0.5968303095382628,0.8115591061854934,0.658628182832597,5.876850491444074,1.1648842187391657
rf,49,91,0.09,2481,0.6278129312669336,0.8181550669260917,0.6693777135368376,5.646526161393934,1.1432599771927288
rf,49,91,0.1,2756,0.6363014394834576,0.8201224950085196,0.6726009068189993,5.58176432682037,1.0990249540487929
rf,49,91,0.11,3032,0.638906365059116,0.823377707384036,0.6779508490169913,5.561739213900223,1.0899568814281535
rf,49,91,0.12,3308,0.632431104931834,0.820692907857048,0.6735368490068571,5.61138518328179,1.0968859126484083
rf,49,91,0.13,3583,0.6570272635130512,0.827235802372773,0.6843190727273256,5.420389607889747,1.0543246863003415
rf,49,91,0.14,3859,0.6648347445532278,0.826068168733278,0.6823886193943515,5.3583391767645185,1.077917519016526
rf,49,91,0.15,4135,0.6652549035899378,0.8255630265278482,0.6815543107698205,5.354979549535147,1.0586352309542015
rf,49,91,0.16,4410,0.6703752925296268,0.8291904813851085,0.6875568544196681,5.313865813828377,1.0430108984114792
rf,49,91,0.17,4686,0.6685789227013827,0.8250626965957697,0.6807284533138831,5.32832574046938,1.035225824745619
rf,49,91,0.18,4962,0.6704956830911639,0.8286800177452014,0.6867105718101872,5.312895319658394,1.033011198214591
rf,49,91,0.19,5237,0.6790929150515811,0.8320764311494282,0.6923511872743692,5.24312675891865,1.016063917413657
rf,49,91,0.2,5513,0.688003629569729,0.8379423906823967,0.7021474501025304,5.169820633590694,1.0017623869207535
rf,49,91,0.21,5789,0.6984969407696875,0.8437291395097114,0.7118788608577981,5.082139317214423,0.9853933223711483
rf,49,91,0.22,6064,0.6920533130501021,0.8386517095169606,0.7033366898757204,5.1361591538454885,0.9843726535847916
rf,49,91,0.23,6340,0.7005595932458302,0.8435841292572027,0.7116341831346329,5.06472543509875,0.9678073194297911
rf,49,91,0.24,6616,0.7070671914802342,0.8482752120834482,0.7195708354352192,5.009388476659696,0.9579225807231945
rf,49,91,0.25,6891,0.7035220990196158,0.8485303909619102,0.7200038243859721,5.039609295401336,0.9657752645983363
rf,49,91,0.26,7167,0.7229749871473945,0.8577845163538368,0.7357942764963857,4.8714718413257945,0.9237206409087481
rf,49,91,0.27,7443,0.7196956150506539,0.8550621829994218,0.7311313367957367,4.900220812515152,0.929780686646161
rf,49,91,0.28,7718,0.7277953085110072,0.8618089762195474,0.7427147114925845,4.828903289796626,0.9064429566546253
rf,49,91,0.29,7994,0.736431140422988,0.8668494503219674,0.751427969523497,4.751686212819765,0.8871306800108971
rf,49,91,0.3,8270,0.7339931731760805,0.8638197335115444,0.7461845320039556,4.773611773362784,0.8806302582740392
rf,49,91,0.31,8545,0.7442324928932491,0.870014978184292,0.756926062265014,4.680835619688423,0.8701777549861173
rf,49,91,0.32,8821,0.7332289527828395,0.860430970291926,0.7403414546375051,4.780463994195898,0.8881873641247771
rf,49,91,0.33,9096,0.7385152683509377,0.8631270841616215,0.744988363413343,4.732862333978855,0.8802192406037951
rf,49,91,0.34,9372,0.7449711105066245,0.8669392604550189,0.7515836813182951,4.674071962808807,0.8701660014121032
rf,49,91,0.35,9648,0.7454518642192007,0.8684431930702217,0.7541935795900023,4.6696643495351955,0.8726614886606092
rf,49,91,0.36,9923,0.7432351555471157,0.8674301629543525,0.7524350876030145,4.689952942931408,0.8700558229939741
rf,49,91,0.37,10199,0.74739687565446,0.8703234108479247,0.7574628394699656,4.651789602272288,0.8586765706110535
rf,49,91,0.38,10475,0.7516312497115467,0.8726833593293202,0.7615762456503073,4.612635963189029,0.8620397504703382
rf,49,91,0.39,10750,0.7564678537797799,0.8753206856208098,0.7661863026756845,4.567503120836067,0.849447832296952
rf,49,91,0.4,11026,0.7567507585318691,0.8759372035608536,0.7672659845820082,4.564849377078685,0.8455253204794665
rf,49,91,0.41,11302,0.767195393897956,0.8802797836985273,0.774892497588326,4.465771410126537,0.8313506057145119
rf,49,91,0.42,11577,0.7662223152189913,0.8803523302891946,0.7750202254456151,4.4750947126027265,0.8232361388054265
rf,49,91,0.43,11853,0.7665655423899389,0.8808883672517148,0.775964315559392,4.471808388922355,0.8323199067590381
rf,49,91,0.44,12129,0.7666164564694151,0.8803492604402282,0.7750148203576568,4.471320692234303,0.8224968884978452
rf,49,91,0.45,12404,0.7727793684091554,0.8837880334546746,0.7810812880776811,4.4118890879917405,0.8077560410673383
rf,49,91,0.46,12680,0.7675977988459084,0.8810581142618358,0.776263400706622,4.461910176949852,0.8155370957016953
rf,49,91,0.47,12956,0.7686278748101898,0.8809354327117221,0.7760472366069892,4.452010936426031,0.8150160817489587
rf,49,91,0.48,13231,0.7705813738208132,0.8835006230710188,0.7805733509668785,4.433176700715515,0.8128347466479213
rf,49,91,0.49,13507,0.7741192617344707,0.8857389508474031,0.7845334890482583,4.398861658909212,0.802192407326964
rf,49,91,0.5,13782,0.7780644267427879,0.8870273313566827,0.786817486573758,4.360277846402113,0.7930663725952533
rf,49,91,0.51,14058,0.7728204799220413,0.8842958617687516,0.7819791711413391,4.4114899436910955,0.7961279129473211
rf,49,91,0.52,14334,0.7739277292478332,0.8849547935965919,0.7831449867095865,4.4007262410603545,0.8049175894270414
rf,49,91,0.53,14609,0.7709034975814775,0.8842788949848789,0.7819491641156785,4.430063324097518,0.7955467065788533
rf,49,91,0.54,14885,0.7690059831581765,0.8825945141264548,0.7789730763661129,4.44837171067413,0.8085216100586045
rf,49,91,0.55,15161,0.7746735278742002,0.8855225469547849,0.7841501811652893,4.393461380858789,0.8047078317978801
rf,49,91,0.56,15436,0.7775855971496868,0.8872735306372984,0.7872543181695769,4.364978997095912,0.7955324216505374
rf,49,91,0.57,15712,0.7799431832612085,0.8886391097162111,0.7896794673172203,4.3417830398925075,0.7919303752048585
rf,49,91,0.58,15988,0.7783616096199946,0.8871943277025108,0.7871137751075101,4.357357552974717,0.7951411273889673
rf,49,91,0.59,16263,0.7754156700939794,0.8859506725727123,0.7849085942320413,4.386220193521846,0.7964051500294568
rf,49,91,0.6,16539,0.7750289478078554,0.8835306966705845,0.7806264919592084,4.38999498830984,0.8076141499706895
rf,49,91,0.61,16815,0.7780449416657989,0.8855752609135932,0.7842435427421787,4.360469249888199,0.8007991692831525
rf,49,91,0.62,17090,0.7754419086255652,0.8845560046601494,0.7824393253803262,4.385963961622652,0.7925781299063082
rf,49,91,0.63,17366,0.7836028360941443,0.8892077297023658,0.7906903865624357,4.305528684890619,0.7925254282526637
rf,49,91,0.64,17642,0.772116990034599,0.8831330687614571,0.7799240171400286,4.418315030144449,0.7991148141556946
rf,49,91,0.65,17917,0.7776808448068004,0.8858070184010095,0.7846540738484864,4.364044258746955,0.787965500944395
rf,49,91,0.66,18193,0.7846617803292135,0.8892368979176727,0.7907422606182455,4.294981166237159,0.7770229042249748
rf,49,91,0.67,18469,0.7806004510046873,0.8875995327904054,0.7878329306097459,4.33529415205285,0.7851327992077733
rf,49,91,0.68,18744,0.7779120807207087,0.8849212157226561,0.7830855580360637,4.361774129801958,0.7873509382140124
rf,49,91,0.69,19020,0.7766700827689104,0.8851743466819125,0.7835336240237507,4.373953454435305,0.7943702513911366
rf,49,91,0.7,19296,0.7785469020815678,0.8857802581669445,0.7846066657582988,4.355535769478125,0.7883158513712574
rf,49,91,0.71,19571,0.7784616624971105,0.8858097863694152,0.784658977627829,4.356373934181172,0.780216826274133
rf,49,91,0.72,19847,0.7768762888669523,0.8854967210121442,0.7841044429232591,4.3719336977963374,0.7889223441899638
rf,49,91,0.73,20122,0.7776132579770654,0.8859313361263715,0.784874332330658,4.364707560796834,0.7864555987220878
rf,49,91,0.74,20398,0.7765619532603102,0.8851944147309947,0.7835691518709482,4.37501219347482,0.7873018997108895
rf,49,91,0.75,20674,0.7733390355656016,0.8832799738450208,0.7801835121956606,4.406452275885997,0.7912361943821684
rf,49,91,0.76,20949,0.7849704373860598,0.8896688012293297,0.7915105758808325,4.291901936661965,0.769868182504272
rf,49,91,0.77,21225,0.7741260699478987,0.8827405338065648,0.779230850025099,4.398795365928867,0.7877387248365977
rf,49,91,0.78,21501,0.7855961935087203,0.8901619731919513,0.7923883385169883,4.285652468849161,0.7770817069292882
rf,49,91,0.79,21776,0.7834283162636513,0.8880664574622184,0.7886620328694941,4.307264494839806,0.7824982169780709
rf,49,91,0.8,22052,0.784112241623774,0.8886016128763565,0.7896128264064622,4.300458026032983,0.7824018016781494
rf,49,91,0.81,22328,0.7765384986653943,0.8840816793795274,0.7816004158145256,4.375241812931986,0.7889724461851763
rf,49,91,0.82,22603,0.7814844589409886,0.8870554503899253,0.7868673720664732,4.326551420637565,0.7786634674684545
rf,49,91,0.83,22879,0.7805744387421594,0.8861501361016746,0.7852620637130164,4.335551143162847,0.7849673868650168
rf,49,91,0.84,23155,0.7812183529088441,0.8875933656951038,0.7878219828259623,4.329185034526495,0.7857434664590703
rf,49,91,0.85,23430,0.7823388327785555,0.8879109382613505,0.7883858342841518,4.318084945822398,0.7801397327276258
rf,49,91,0.86,23706,0.7937274046490524,0.8927231780044821,0.7969546725464222,4.203600849866049,0.7764724497116525
rf,49,91,0.87,23982,0.7964036101564513,0.894751029500211,0.8005794047916874,4.176242811567786,0.7661774640062852
rf,49,91,0.88,24257,0.7982290106215438,0.8951637349722016,0.801318112409382,4.1574790214744795,0.7685116069853911
rf,49,91,0.89,24533,0.7939604872732574,0.8931379271464347,0.7976953569074301,4.201225199200407,0.7742291538130949
rf,49,91,0.9,24808,0.7965889468692714,0.8950308565475792,0.8010802341722932,4.17434153192377,0.7682728752241225
rf,49,91,0.91,25084,0.7936910968887443,0.8925091698258585,0.7965726182232431,4.203970789014517,0.7704182209092743
rf,49,91,0.92,25360,0.7942742980144875,0.8931455315319609,0.7977089404955089,4.198024618991382,0.7727365010312263
rf,49,91,0.93,25635,0.7984976303688914,0.8958636858203223,0.8025717435715731,4.154710652962107,0.7509559409391513
rf,49,91,0.94,25911,0.7926367570264502,0.8922360380685447,0.7960851476282536,4.214699277671299,0.7658206689518093
rf,49,91,0.95,26187,0.7941042176722501,0.8932512466199131,0.7978977895880287,4.19975958439861,0.7568654410203537
rf,49,91,0.96,26462,0.7967332156999049,0.8952521714449969,0.8014764504769821,4.172860948193953,0.7610200858676219
rf,49,91,0.97,26738,0.8009988267442929,0.8971332204760563,0.8048480152817402,4.1288444647291955,0.7558113013305218
rf,49,91,0.98,27014,0.803649006598373,0.899176326398847,0.8085180659561259,4.101259563521403,0.7581046765495285
rf,49,91,0.99,27289,0.8031012695210635,0.8985877151547166,0.807459881826974,4.1069759783757975,0.7564358838284252
rf,49,91,1.0,27565,0.8020016237668098,0.897474174008114,0.8054598930115465,4.118428390119815,0.762779448904827
